WKT,Name,OBJECTID,UKATEGORIE,UTYP1,UART,UMONAT,USTUNDE,UWOCHENTAG,STRZUSTAND,ULICHTVERH,ISTRAD,ISTPKW,ISTFUSS,ISTKRAD,ISTGKFZ,ISTSONSTIG
"POINT (7.176252519000059 51.278178676000039)",Unfall 95824 (2019) Kat:3, Licht: 2,95824,3,1,8,01,01,3,1,2,0,1,0,0,0,0
"POINT (7.154129939000029 51.258197546000076)",Unfall 96165 (2019) Kat:3, Licht: 1,96165,3,2,5,01,07,6,1,1,1,0,0,0,1,0
"POINT (7.092419391000021 51.234283403000063)",Unfall 96210 (2019) Kat:3, Licht: 0,96210,3,1,9,01,09,6,1,0,0,1,0,0,0,0
"POINT (7.090955841000039 51.256160337000040)",Unfall 96399 (2019) Kat:3, Licht: 2,96399,3,2,6,01,08,3,1,2,0,1,1,0,0,0
"POINT (7.152103317000069 51.222295442000075)",Unfall 96400 (2019) Kat:3, Licht: 2,96400,3,2,4,01,07,3,1,2,0,1,0,1,0,0
"POINT (7.182652867000058 51.279025023000031)",Unfall 96516 (2019) Kat:3, Licht: 2,96516,3,6,2,01,08,2,1,2,0,1,0,0,0,0
"POINT (7.214501012000028 51.282797789000028)",Unfall 96517 (2019) Kat:3, Licht: 0,96517,3,4,6,01,12,2,1,0,0,1,1,0,0,0
"POINT (7.144965405000050 51.253293177000046)",Unfall 96518 (2019) Kat:3, Licht: 0,96518,3,6,2,01,13,2,1,0,0,1,0,0,0,0
"POINT (7.091011159000061 51.256143504000079)",Unfall 96674 (2019) Kat:3, Licht: 2,96674,3,6,2,01,18,6,1,2,0,1,0,0,0,0
"POINT (7.090924997000059 51.256169722000038)",Unfall 96774 (2019) Kat:2, Licht: 2,96774,2,3,5,01,23,5,1,2,0,1,0,0,0,0
"POINT (7.145742369000061 51.239501705000066)",Unfall 96775 (2019) Kat:3, Licht: 2,96775,3,7,4,01,18,5,0,2,0,1,0,0,0,0
"POINT (7.130998052000052 51.264681311000061)",Unfall 96776 (2019) Kat:3, Licht: 0,96776,3,6,1,01,10,5,0,0,0,1,0,0,0,0
"POINT (7.192374113000028 51.250479742000039)",Unfall 96882 (2019) Kat:2, Licht: 0,96882,2,4,8,01,14,4,1,0,0,1,1,0,0,0
"POINT (7.187506137000071 51.266218654000056)",Unfall 96959 (2019) Kat:3, Licht: 0,96959,3,4,0,01,09,2,1,0,0,0,1,1,0,0
"POINT (7.155783828000040 51.257831151000062)",Unfall 96960 (2019) Kat:3, Licht: 0,96960,3,2,3,01,11,2,1,0,0,1,0,1,0,0
"POINT (7.190966153000034 51.284907674000067)",Unfall 97013 (2019) Kat:3, Licht: 2,97013,3,6,2,01,05,2,1,2,0,1,0,0,0,0
"POINT (7.206850666000037 51.273096393000060)",Unfall 97042 (2019) Kat:3, Licht: 2,97042,3,6,1,01,17,1,1,2,0,1,0,0,0,0
"POINT (7.223043890000042 51.275455448000059)",Unfall 97108 (2019) Kat:2, Licht: 2,97108,2,2,5,01,17,7,1,2,1,1,0,0,0,0
"POINT (7.126044835000073 51.286232842000061)",Unfall 97109 (2019) Kat:3, Licht: 0,97109,3,1,8,01,09,7,1,0,0,1,0,0,0,0
"POINT (7.119821858000023 51.281165960000067)",Unfall 97226 (2019) Kat:3, Licht: 2,97226,3,6,2,01,07,5,1,2,0,1,0,0,0,0
"POINT (7.136102404000042 51.251652066000077)",Unfall 97227 (2019) Kat:3, Licht: 2,97227,3,6,0,01,20,5,1,2,0,1,0,1,0,0
"POINT (7.069732763000047 51.221329732000072)",Unfall 97274 (2019) Kat:3, Licht: 0,97274,3,6,2,01,15,5,0,0,0,1,0,0,0,0
"POINT (7.182698146000064 51.280464009000070)",Unfall 97318 (2019) Kat:3, Licht: 0,97318,3,6,2,01,09,4,0,0,0,1,0,0,0,0
"POINT (7.202005866000036 51.295245961000035)",Unfall 97535 (2019) Kat:3, Licht: 2,97535,3,4,6,01,07,2,0,2,0,1,1,0,0,0
"POINT (7.173295341000028 51.284006175000059)",Unfall 97536 (2019) Kat:3, Licht: 0,97536,3,6,1,01,15,2,0,0,0,1,0,0,0,0
"POINT (7.200053161000028 51.266440794000061)",Unfall 97725 (2019) Kat:2, Licht: 0,97725,2,4,6,01,16,3,0,0,0,1,1,0,0,0
"POINT (7.197180397000068 51.237594501000046)",Unfall 97728 (2019) Kat:3, Licht: 2,97728,3,6,2,01,17,3,0,2,0,1,0,0,0,0
"POINT (7.091683079000063 51.256012672000054)",Unfall 97760 (2019) Kat:3, Licht: 2,97760,3,4,6,01,20,6,0,2,0,1,1,0,0,0
"POINT (7.104567393000025 51.253575709000074)",Unfall 97763 (2019) Kat:3, Licht: 0,97763,3,4,6,01,16,6,0,0,0,1,1,0,0,0
"POINT (7.180421006000074 51.267779947000065)",Unfall 97818 (2019) Kat:3, Licht: 2,97818,3,2,6,01,20,6,1,2,0,1,1,0,0,0
"POINT (7.168487377000076 51.280324948000043)",Unfall 97819 (2019) Kat:3, Licht: 2,97819,3,7,6,01,18,6,1,2,0,0,1,1,0,0
"POINT (7.186344070000075 51.291750630000081)",Unfall 97820 (2019) Kat:3, Licht: 0,97820,3,3,2,01,15,6,1,0,0,1,0,0,0,0
"POINT (7.196957159000021 51.269507939000050)",Unfall 97894 (2019) Kat:3, Licht: 0,97894,3,6,1,01,12,5,1,0,0,1,0,0,0,0
"POINT (7.142061337000030 51.250552244000062)",Unfall 97895 (2019) Kat:3, Licht: 2,97895,3,4,6,01,07,5,0,2,0,1,1,0,0,0
"POINT (7.107151410000029 51.252856146000056)",Unfall 97929 (2019) Kat:3, Licht: 1,97929,3,6,2,01,07,5,0,1,0,1,0,0,0,0
"POINT (7.139473934000023 51.261558166000043)",Unfall 97978 (2019) Kat:3, Licht: 2,97978,3,2,6,01,19,1,1,2,0,1,1,0,0,0
"POINT (7.108111441000062 51.212277816000039)",Unfall 98014 (2019) Kat:3, Licht: 2,98014,3,1,9,01,05,4,2,2,0,1,0,0,0,0
"POINT (7.069007901000020 51.228729111000064)",Unfall 98049 (2019) Kat:3, Licht: 2,98049,3,7,7,01,23,7,1,2,0,1,0,0,0,0
"POINT (7.217296555000075 51.221404433000032)",Unfall 98234 (2019) Kat:3, Licht: 0,98234,3,6,0,01,15,4,2,0,0,1,0,0,0,0
"POINT (7.172802314000023 51.243484718000047)",Unfall 98235 (2019) Kat:3, Licht: 2,98235,3,1,2,01,18,4,2,2,0,1,0,0,0,0
"POINT (7.170911222000029 51.243126345000064)",Unfall 98236 (2019) Kat:3, Licht: 2,98236,3,6,1,01,18,4,2,2,0,1,0,0,0,0
"POINT (7.161746623000056 51.249024439000038)",Unfall 98237 (2019) Kat:3, Licht: 0,98237,3,6,2,01,16,4,2,0,0,1,0,0,0,0
"POINT (7.151564108000059 51.224943072000030)",Unfall 98337 (2019) Kat:3, Licht: 1,98337,3,6,3,01,16,3,0,1,0,1,0,0,0,1
"POINT (7.159631377000039 51.277697548000049)",Unfall 98340 (2019) Kat:3, Licht: 0,98340,3,4,6,01,13,3,0,0,0,1,1,0,0,0
"POINT (7.235502661000055 51.238512690000050)",Unfall 98507 (2019) Kat:3, Licht: 2,98507,3,3,5,01,17,2,1,2,0,1,0,0,0,0
"POINT (7.197024674000033 51.269787633000078)",Unfall 98508 (2019) Kat:3, Licht: 0,98508,3,6,2,01,16,2,1,0,0,1,0,0,0,0
"POINT (7.217888269000071 51.275090461000048)",Unfall 98509 (2019) Kat:2, Licht: 2,98509,2,4,6,01,05,2,1,2,0,1,1,0,0,0
"POINT (7.180806501000063 51.275433213000042)",Unfall 98510 (2019) Kat:3, Licht: 0,98510,3,7,6,01,16,2,1,0,0,1,1,0,0,0
"POINT (7.150554106000072 51.274070680000079)",Unfall 98511 (2019) Kat:3, Licht: 0,98511,3,7,1,01,16,2,1,0,0,0,0,0,0,1
"POINT (7.123509069000022 51.263254958000061)",Unfall 98614 (2019) Kat:3, Licht: 1,98614,3,6,1,02,07,3,1,1,0,1,0,0,0,0
"POINT (7.224072972000045 51.275314725000044)",Unfall 98659 (2019) Kat:3, Licht: 1,98659,3,4,6,02,08,2,0,1,0,1,1,0,0,0
"POINT (7.206506604000026 51.216009836000069)",Unfall 98863 (2019) Kat:3, Licht: 0,98863,3,7,1,02,10,7,1,0,0,1,0,0,0,0
"POINT (7.132474349000063 51.262286208000035)",Unfall 99007 (2019) Kat:3, Licht: 1,99007,3,6,1,02,07,6,1,1,0,1,0,0,0,0
"POINT (7.228273562000027 51.273472438000056)",Unfall 99014 (2019) Kat:3, Licht: 0,99014,3,4,6,02,14,3,0,0,0,1,1,0,0,0
"POINT (7.232785156000034 51.258403549000036)",Unfall 99085 (2019) Kat:3, Licht: 2,99085,3,3,5,02,18,1,1,2,0,1,0,0,0,0
"POINT (7.200701183000035 51.269516952000060)",Unfall 99166 (2019) Kat:3, Licht: 0,99166,3,7,0,02,15,7,1,0,0,1,0,0,0,0
"POINT (7.227992746000041 51.270525049000071)",Unfall 99283 (2019) Kat:3, Licht: 1,99283,3,6,1,02,17,3,0,1,0,1,0,0,0,0
"POINT (7.205404590000057 51.271624752000037)",Unfall 99285 (2019) Kat:3, Licht: 0,99285,3,7,4,02,11,3,0,0,0,1,0,0,0,0
"POINT (7.069029312000055 51.230631778000031)",Unfall 99286 (2019) Kat:3, Licht: 0,99286,3,4,6,02,16,3,0,0,0,1,1,0,0,0
"POINT (7.144269973000064 51.283021805000033)",Unfall 99524 (2019) Kat:3, Licht: 0,99524,3,5,3,02,14,5,0,0,0,1,0,1,0,0
"POINT (7.184491314000070 51.291021073000081)",Unfall 99644 (2019) Kat:2, Licht: 0,99644,2,4,6,02,12,6,0,0,0,1,1,0,0,0
"POINT (7.049184077000064 51.219522225000048)",Unfall 99646 (2019) Kat:3, Licht: 0,99646,3,2,2,02,13,6,0,0,0,1,0,0,0,0
"POINT (7.124556473000041 51.249386639000079)",Unfall 99734 (2019) Kat:2, Licht: 0,99734,2,6,3,02,16,1,0,0,0,1,0,1,0,0
"POINT (7.101422993000028 51.254465702000061)",Unfall 99736 (2019) Kat:3, Licht: 0,99736,3,5,1,02,13,1,0,0,0,1,0,0,0,0
"POINT (7.182873271000062 51.264734850000082)",Unfall 99892 (2019) Kat:3, Licht: 1,99892,3,1,0,02,17,5,0,1,0,0,0,1,0,0
"POINT (7.220139819000053 51.275210580000078)",Unfall 99939 (2019) Kat:3, Licht: 0,99939,3,6,0,02,16,7,0,0,0,1,0,0,0,1
"POINT (7.227081056000031 51.286064845000055)",Unfall 99940 (2019) Kat:2, Licht: 0,99940,2,3,5,02,16,7,0,0,1,1,0,0,0,1
"POINT (7.131362999000032 51.255816719000052)",Unfall 99943 (2019) Kat:3, Licht: 2,99943,3,6,3,02,18,7,0,2,1,1,0,0,0,0
"POINT (7.140408693000040 51.306343381000033)",Unfall 99944 (2019) Kat:2, Licht: 0,99944,2,6,4,02,14,7,0,0,0,1,0,1,0,0
"POINT (7.125017139000022 51.280025287000058)",Unfall 99948 (2019) Kat:2, Licht: 0,99948,2,1,1,02,10,7,0,0,0,1,0,1,0,0
"POINT (7.230024271000048 51.239357714000050)",Unfall 100115 (2019) Kat:3, Licht: 0,100115,3,6,2,02,16,4,0,0,0,1,0,0,0,1
"POINT (7.151154596000026 51.274450559000059)",Unfall 100192 (2019) Kat:3, Licht: 0,100192,3,6,2,02,08,2,0,0,0,1,0,0,0,0
"POINT (7.162092459000064 51.278425162000076)",Unfall 100210 (2019) Kat:3, Licht: 0,100210,3,3,5,02,10,3,0,0,1,1,0,0,0,0
"POINT (7.157173487000023 51.264712397000039)",Unfall 100211 (2019) Kat:2, Licht: 0,100211,2,4,6,02,13,3,0,0,0,1,1,0,0,0
"POINT (7.124817768000071 51.263591713000039)",Unfall 100263 (2019) Kat:3, Licht: 0,100263,3,6,0,02,10,3,0,0,0,1,0,0,0,1
"POINT (7.148489945000051 51.270237724000026)",Unfall 100283 (2019) Kat:3, Licht: 0,100283,3,6,1,02,14,2,0,0,0,1,0,0,0,0
"POINT (7.213732834000041 51.274525738000079)",Unfall 100337 (2019) Kat:2, Licht: 2,100337,2,4,6,02,19,2,0,2,0,1,1,0,0,0
"POINT (7.249603539000020 51.281734264000079)",Unfall 100410 (2019) Kat:2, Licht: 2,100410,2,6,2,02,18,7,0,2,0,1,0,1,0,0
"POINT (7.252855862000047 51.282571406000045)",Unfall 100493 (2019) Kat:3, Licht: 1,100493,3,4,6,02,07,6,1,1,0,1,1,0,0,0
"POINT (7.245765669000036 51.280956719000073)",Unfall 100591 (2019) Kat:2, Licht: 0,100591,2,4,6,02,16,5,0,0,0,1,1,0,0,0
"POINT (7.207998208000049 51.282283650000068)",Unfall 100593 (2019) Kat:2, Licht: 0,100593,2,7,1,02,11,5,0,0,0,1,0,1,0,0
"POINT (7.195361612000056 51.268882019000046)",Unfall 100595 (2019) Kat:3, Licht: 0,100595,3,4,6,02,11,5,0,0,0,1,1,0,0,0
"POINT (7.235580744000060 51.231629491000035)",Unfall 100658 (2019) Kat:3, Licht: 2,100658,3,7,1,02,21,3,0,2,0,1,0,1,0,0
"POINT (7.226619022000023 51.270721779000041)",Unfall 100660 (2019) Kat:3, Licht: 0,100660,3,6,3,02,17,3,0,0,0,1,0,0,0,0
"POINT (7.219665576000068 51.275279297000054)",Unfall 100833 (2019) Kat:3, Licht: 0,100833,3,7,6,02,17,2,0,0,1,0,1,0,0,0
"POINT (7.105699619000063 51.207889274000081)",Unfall 100835 (2019) Kat:3, Licht: 0,100835,3,6,3,02,15,2,0,0,0,1,0,0,0,1
"POINT (7.225345677000064 51.249413562000029)",Unfall 100908 (2019) Kat:3, Licht: 0,100908,3,7,0,02,12,2,0,0,0,1,0,0,0,0
"POINT (7.147657882000033 51.260281196000051)",Unfall 101325 (2019) Kat:3, Licht: 1,101325,3,6,2,02,18,4,0,1,0,1,0,0,0,0
"POINT (7.150036712000031 51.257044072000042)",Unfall 101327 (2019) Kat:3, Licht: 0,101327,3,6,2,02,15,4,0,0,0,1,0,0,0,0
"POINT (7.132398922000050 51.262423390000038)",Unfall 101328 (2019) Kat:3, Licht: 0,101328,3,6,2,02,15,4,0,0,0,1,0,1,0,0
"POINT (7.141913495000040 51.250730245000057)",Unfall 101582 (2019) Kat:3, Licht: 0,101582,3,6,2,03,07,3,1,0,0,1,0,0,0,1
"POINT (7.177343371000063 51.278664531000061)",Unfall 101643 (2019) Kat:3, Licht: 0,101643,3,6,2,03,14,3,0,0,0,1,0,0,0,0
"POINT (7.132470741000077 51.265864264000072)",Unfall 101843 (2019) Kat:3, Licht: 1,101843,3,6,2,03,08,2,2,1,0,1,0,0,0,0
"POINT (7.216722751000020 51.274927012000035)",Unfall 102265 (2019) Kat:3, Licht: 0,102265,3,6,5,03,15,2,0,0,0,1,0,0,0,1
"POINT (7.158165302000043 51.257404389000044)",Unfall 102450 (2019) Kat:3, Licht: 2,102450,3,7,0,03,18,4,1,2,0,1,0,0,0,0
"POINT (7.184228261000044 51.278386563000026)",Unfall 102518 (2019) Kat:3, Licht: 0,102518,3,3,5,03,10,6,1,0,0,1,0,0,0,0
"POINT (7.163011885000060 51.256808696000064)",Unfall 102642 (2019) Kat:3, Licht: 0,102642,3,6,2,03,14,6,0,0,0,1,0,0,0,0
"POINT (7.149645161000024 51.249339851000059)",Unfall 102644 (2019) Kat:3, Licht: 0,102644,3,6,1,03,06,6,0,0,0,1,0,1,0,0
"POINT (7.251053300000024 51.275691795000057)",Unfall 102969 (2019) Kat:3, Licht: 0,102969,3,6,2,03,17,5,0,0,0,1,0,0,0,0
"POINT (7.183646581000062 51.265171929000076)",Unfall 102971 (2019) Kat:3, Licht: 0,102971,3,6,2,03,13,5,0,0,0,1,0,0,0,0
"POINT (7.200192957000070 51.270149096000068)",Unfall 102975 (2019) Kat:3, Licht: 0,102975,3,6,2,03,10,5,0,0,0,1,0,0,0,0
"POINT (7.157956860000070 51.277202223000074)",Unfall 102977 (2019) Kat:3, Licht: 0,102977,3,7,4,03,15,5,0,0,0,1,0,1,0,0
"POINT (7.201814014000036 51.270703924000031)",Unfall 103076 (2019) Kat:3, Licht: 0,103076,3,4,6,03,14,2,1,0,0,1,1,0,0,0
"POINT (7.132321558000058 51.206473945000027)",Unfall 103082 (2019) Kat:3, Licht: 2,103082,3,7,0,03,22,5,0,2,0,0,0,1,0,0
"POINT (7.131095371000072 51.252415030000066)",Unfall 103084 (2019) Kat:3, Licht: 0,103084,3,2,5,03,16,5,0,0,1,1,0,0,0,0
"POINT (7.249613038000064 51.281736677000026)",Unfall 103258 (2019) Kat:2, Licht: 0,103258,2,6,0,03,15,4,0,0,0,1,0,1,0,0
"POINT (7.133710637000036 51.253063177000058)",Unfall 103260 (2019) Kat:2, Licht: 2,103260,2,3,5,03,22,4,0,2,0,1,0,0,0,0
"POINT (7.197857619000047 51.268862649000027)",Unfall 103364 (2019) Kat:1, Licht: 0,103364,1,1,8,03,17,7,0,0,0,0,0,1,0,0
"POINT (7.218050862000041 51.271191047000059)",Unfall 103366 (2019) Kat:3, Licht: 0,103366,3,2,3,03,12,7,0,0,0,1,0,1,0,0
"POINT (7.089416000000028 51.236636908000037)",Unfall 103368 (2019) Kat:2, Licht: 0,103368,2,2,5,03,10,7,0,0,0,1,0,1,0,0
"POINT (7.152635626000063 51.256311131000075)",Unfall 103436 (2019) Kat:3, Licht: 0,103436,3,4,6,03,08,3,0,0,0,0,1,0,0,1
"POINT (7.104505214000028 51.253408861000082)",Unfall 103629 (2019) Kat:2, Licht: 0,103629,2,3,5,03,07,7,0,0,0,1,0,0,1,0
"POINT (7.191862426000057 51.245997680000073)",Unfall 103794 (2019) Kat:3, Licht: 0,103794,3,6,1,03,12,6,0,0,0,1,0,0,0,0
"POINT (7.194413719000067 51.272151008000037)",Unfall 103795 (2019) Kat:3, Licht: 0,103795,3,6,1,03,10,6,0,0,0,1,0,0,0,0
"POINT (7.148079724000070 51.255419547000031)",Unfall 103796 (2019) Kat:3, Licht: 0,103796,3,7,0,03,10,6,0,0,0,1,0,0,1,0
"POINT (7.209996353000065 51.301110822000055)",Unfall 103797 (2019) Kat:3, Licht: 0,103797,3,6,3,03,11,6,0,0,1,1,0,0,0,0
"POINT (7.240389412000070 51.280724424000027)",Unfall 103869 (2019) Kat:3, Licht: 0,103869,3,6,4,04,15,3,1,0,0,1,0,0,0,0
"POINT (7.133471867000026 51.265458737000074)",Unfall 103870 (2019) Kat:3, Licht: 0,103870,3,6,1,04,12,3,1,0,0,1,0,0,0,0
"POINT (7.227689389000034 51.270576655000070)",Unfall 104003 (2019) Kat:3, Licht: 0,104003,3,6,2,04,11,2,0,0,0,1,0,0,0,0
"POINT (7.180745529000035 51.280265878000080)",Unfall 104144 (2019) Kat:3, Licht: 0,104144,3,1,9,04,17,7,0,0,0,0,0,1,0,0
"POINT (7.208828092000033 51.284315987000070)",Unfall 104199 (2019) Kat:3, Licht: 0,104199,3,4,6,04,12,6,0,0,0,1,1,0,0,0
"POINT (7.102970056000061 51.241721807000033)",Unfall 104201 (2019) Kat:2, Licht: 1,104201,2,3,5,04,06,6,1,1,1,0,0,0,1,0
"POINT (7.150887563000026 51.226785188000065)",Unfall 104302 (2019) Kat:3, Licht: 0,104302,3,7,3,04,17,5,0,0,0,1,0,0,0,0
"POINT (7.215612826000040 51.296627595000075)",Unfall 104352 (2019) Kat:2, Licht: 0,104352,2,1,8,04,14,5,1,0,0,1,0,0,1,0
"POINT (7.166595548000032 51.258561976000067)",Unfall 104413 (2019) Kat:3, Licht: 1,104413,3,3,5,04,06,4,1,1,0,1,0,0,0,0
"POINT (7.233825212000056 51.228036178000082)",Unfall 104446 (2019) Kat:3, Licht: 0,104446,3,6,0,04,08,3,0,0,0,1,0,0,0,0
"POINT (7.167677237000021 51.285369707000029)",Unfall 104491 (2019) Kat:3, Licht: 0,104491,3,2,1,04,11,2,0,0,0,1,0,0,0,0
"POINT (7.143460230000073 51.249274721000063)",Unfall 104492 (2019) Kat:3, Licht: 0,104492,3,6,3,04,08,2,0,0,0,1,0,0,0,1
"POINT (7.095260052000072 51.244683830000042)",Unfall 104551 (2019) Kat:3, Licht: 0,104551,3,3,3,04,19,2,0,0,0,1,0,0,0,0
"POINT (7.071954303000041 51.220855635000078)",Unfall 104642 (2019) Kat:3, Licht: 0,104642,3,7,0,04,15,1,0,0,0,1,0,1,0,0
"POINT (7.137523680000072 51.247357562000047)",Unfall 104712 (2019) Kat:3, Licht: 0,104712,3,7,6,04,10,3,0,0,0,0,1,0,0,1
"POINT (7.212449356000036 51.235693614000070)",Unfall 104847 (2019) Kat:3, Licht: 0,104847,3,6,2,04,17,6,0,0,0,1,0,0,0,0
"POINT (7.189294237000070 51.266681124000058)",Unfall 104848 (2019) Kat:2, Licht: 0,104848,2,4,6,04,14,6,0,0,0,1,1,0,0,0
"POINT (7.067851706000056 51.230174232000081)",Unfall 104953 (2019) Kat:3, Licht: 0,104953,3,4,6,04,16,5,0,0,0,1,1,0,0,0
"POINT (7.143295334000072 51.245783245000041)",Unfall 104954 (2019) Kat:3, Licht: 0,104954,3,3,5,04,14,5,0,0,0,1,0,0,0,0
"POINT (7.206504421000034 51.272820337000041)",Unfall 104982 (2019) Kat:2, Licht: 0,104982,2,6,0,04,11,1,0,0,0,1,0,1,0,0
"POINT (7.143474905000062 51.249175342000058)",Unfall 104983 (2019) Kat:3, Licht: 0,104983,3,7,1,04,12,1,0,0,0,1,1,0,0,0
"POINT (7.188970327000050 51.276091863000033)",Unfall 105134 (2019) Kat:3, Licht: 2,105134,3,1,4,04,00,7,0,2,0,1,0,0,0,0
"POINT (7.201034922000076 51.264806552000039)",Unfall 105136 (2019) Kat:3, Licht: 0,105136,3,7,6,04,17,4,0,0,0,0,1,0,0,1
"POINT (7.227115589000050 51.286104057000045)",Unfall 105137 (2019) Kat:3, Licht: 0,105137,3,3,5,04,13,7,0,0,1,1,0,0,0,0
"POINT (7.102944202000060 51.240788216000055)",Unfall 105138 (2019) Kat:3, Licht: 0,105138,3,7,0,04,17,4,0,0,1,1,0,0,0,0
"POINT (7.153446684000073 51.256162131000053)",Unfall 105139 (2019) Kat:3, Licht: 0,105139,3,6,3,04,11,7,0,0,0,1,0,0,0,0
"POINT (7.089452783000070 51.236634014000060)",Unfall 105248 (2019) Kat:2, Licht: 0,105248,2,3,5,04,18,3,0,0,0,1,0,0,0,0
"POINT (7.091333252000027 51.232264147000080)",Unfall 105307 (2019) Kat:2, Licht: 0,105307,2,6,2,04,13,3,0,0,0,1,0,0,1,0
"POINT (7.222436831000039 51.304733282000029)",Unfall 105348 (2019) Kat:2, Licht: 0,105348,2,1,4,04,15,5,0,0,0,1,0,0,0,0
"POINT (7.226771533000033 51.285723869000037)",Unfall 105350 (2019) Kat:3, Licht: 0,105350,3,3,5,04,11,5,0,0,0,1,0,0,0,0
"POINT (7.258438507000051 51.283010594000075)",Unfall 105452 (2019) Kat:3, Licht: 0,105452,3,6,2,04,13,5,0,0,0,1,0,0,1,0
"POINT (7.285571496000046 51.247025029000042)",Unfall 105626 (2019) Kat:3, Licht: 1,105626,3,1,9,04,20,1,0,1,0,1,0,0,0,0
"POINT (7.182873271000062 51.264734850000082)",Unfall 105715 (2019) Kat:3, Licht: 0,105715,3,6,2,04,13,3,0,0,0,1,0,0,0,1
"POINT (7.234189153000045 51.307707008000079)",Unfall 105743 (2019) Kat:3, Licht: 0,105743,3,6,8,04,11,7,0,0,0,1,0,0,0,0
"POINT (7.106883602000039 51.204449016000069)",Unfall 105745 (2019) Kat:2, Licht: 0,105745,2,1,8,04,12,7,0,0,0,0,0,1,0,0
"POINT (7.154250468000043 51.270049506000078)",Unfall 105844 (2019) Kat:3, Licht: 0,105844,3,6,2,04,16,3,0,0,0,1,0,0,0,0
"POINT (7.143879402000039 51.242540373000054)",Unfall 105906 (2019) Kat:1, Licht: 0,105906,1,7,6,04,20,6,0,0,0,0,1,0,0,1
"POINT (7.147826856000052 51.262879881000060)",Unfall 105929 (2019) Kat:3, Licht: 0,105929,3,7,4,04,19,2,0,0,0,1,0,0,0,0
"POINT (7.152132810000069 51.221700353000074)",Unfall 105931 (2019) Kat:3, Licht: 1,105931,3,6,2,04,21,2,0,1,0,1,0,0,0,0
"POINT (7.242352988000050 51.223076566000032)",Unfall 106011 (2019) Kat:3, Licht: 0,106011,3,1,8,04,16,2,0,0,0,1,0,0,0,0
"POINT (7.228376821000040 51.274092730000064)",Unfall 106056 (2019) Kat:3, Licht: 0,106056,3,6,1,04,10,5,0,0,0,1,0,0,0,0
"POINT (7.235421842000051 51.277120515000036)",Unfall 106382 (2019) Kat:3, Licht: 0,106382,3,6,2,04,17,6,0,0,0,1,0,0,0,0
"POINT (7.123982735000027 51.272744871000043)",Unfall 106384 (2019) Kat:3, Licht: 0,106384,3,6,2,04,18,6,0,0,0,1,0,0,0,0
"POINT (7.134177000000022 51.207512921000045)",Unfall 106385 (2019) Kat:3, Licht: 0,106385,3,6,3,04,10,6,0,0,0,1,0,0,0,1
"POINT (7.088070945000027 51.229408598000077)",Unfall 106403 (2019) Kat:3, Licht: 0,106403,3,6,1,04,08,4,0,0,0,1,0,0,0,0
"POINT (7.228396236000037 51.274041425000064)",Unfall 106533 (2019) Kat:3, Licht: 0,106533,3,3,5,05,08,7,1,0,0,1,0,0,1,0
"POINT (7.094175420000056 51.237283992000073)",Unfall 106534 (2019) Kat:3, Licht: 0,106534,3,4,6,05,17,4,0,0,0,1,1,0,0,0
"POINT (7.133823321000023 51.253080164000039)",Unfall 106535 (2019) Kat:3, Licht: 0,106535,3,6,1,05,16,7,0,0,0,1,0,0,0,0
"POINT (7.223737354000036 51.272189823000076)",Unfall 106705 (2019) Kat:2, Licht: 0,106705,2,6,3,05,10,6,0,0,0,1,0,0,0,0
"POINT (7.163582855000072 51.257190475000073)",Unfall 106708 (2019) Kat:3, Licht: 2,106708,3,2,8,05,22,6,0,2,0,1,0,0,0,0
"POINT (7.147204086000045 51.232082771000080)",Unfall 106710 (2019) Kat:2, Licht: 1,106710,2,2,5,05,20,6,0,1,0,1,0,0,0,0
"POINT (7.173707648000061 51.287622868000028)",Unfall 106712 (2019) Kat:3, Licht: 0,106712,3,7,3,05,15,6,0,0,0,1,0,0,0,0
"POINT (7.223000238000054 51.271166401000073)",Unfall 106716 (2019) Kat:3, Licht: 0,106716,3,7,0,04,08,3,0,0,0,0,0,0,0,1
"POINT (7.140075551000052 51.261408359000029)",Unfall 106718 (2019) Kat:2, Licht: 0,106718,2,6,2,04,16,3,0,0,0,1,0,1,0,0
"POINT (7.070357268000066 51.241512945000068)",Unfall 106720 (2019) Kat:3, Licht: 0,106720,3,4,6,04,14,3,0,0,0,1,1,0,0,0
"POINT (7.102949101000036 51.240493016000073)",Unfall 106723 (2019) Kat:3, Licht: 0,106723,3,6,1,04,14,3,0,0,0,1,0,0,0,0
"POINT (7.182511129000034 51.265143534000060)",Unfall 106922 (2019) Kat:2, Licht: 0,106922,2,4,6,05,13,5,0,0,0,1,1,0,0,0
"POINT (7.135829362000038 51.253603349000059)",Unfall 106925 (2019) Kat:3, Licht: 0,106925,3,6,1,05,19,5,1,0,0,1,0,0,0,0
"POINT (7.144954052000060 51.253288856000040)",Unfall 106927 (2019) Kat:3, Licht: 0,106927,3,6,2,05,12,5,0,0,0,1,0,0,0,0
"POINT (7.142478843000049 51.250099026000044)",Unfall 106929 (2019) Kat:3, Licht: 0,106929,3,6,1,05,08,5,0,0,0,1,0,0,0,0