WKT,Name,OBJECTID,UKATEGORIE,UTYP1,UART,UMONAT,USTUNDE,UWOCHENTAG,STRZUSTAND,ULICHTVERH,ISTRAD,ISTPKW,ISTFUSS,ISTKRAD,ISTGKFZ,ISTSONSTIG
"POINT (7.164345959000059 51.299255080000080)",Unfall 117593 (2019) Kat:3, Licht: 0,117593,3,5,3,08,09,5,1,0,1,1,0,0,0,0
"POINT (7.163763079000034 51.245412937000026)",Unfall 117621 (2019) Kat:3, Licht: 0,117621,3,3,5,08,12,7,1,0,0,1,0,0,0,0
"POINT (7.234643260000041 51.289439453000057)",Unfall 117680 (2019) Kat:2, Licht: 0,117680,2,2,5,08,12,3,0,0,0,1,0,0,0,0
"POINT (7.235197168000070 51.230229344000065)",Unfall 117799 (2019) Kat:3, Licht: 0,117799,3,2,0,08,16,2,0,0,1,0,0,0,0,1
"POINT (7.193961889000036 51.272384090000060)",Unfall 117880 (2019) Kat:3, Licht: 0,117880,3,6,2,08,12,1,1,0,0,1,0,0,0,0
"POINT (7.125493148000032 51.263653299000055)",Unfall 117919 (2019) Kat:2, Licht: 0,117919,2,1,9,08,14,1,1,0,0,1,0,0,0,0
"POINT (7.156984854000029 51.271045045000051)",Unfall 118005 (2019) Kat:2, Licht: 0,118005,2,6,1,08,18,6,0,0,0,1,0,0,0,0
"POINT (7.202294349000056 51.262624251000034)",Unfall 118020 (2019) Kat:3, Licht: 2,118020,3,1,0,08,20,6,0,2,0,0,0,1,0,0
"POINT (7.167480317000070 51.258960705000050)",Unfall 118025 (2019) Kat:3, Licht: 0,118025,3,1,8,08,19,6,0,0,0,0,0,1,0,0
"POINT (7.246842100000038 51.295318234000035)",Unfall 118035 (2019) Kat:3, Licht: 0,118035,3,6,1,08,18,6,0,0,0,1,0,0,0,1
"POINT (7.137948479000045 51.250461405000067)",Unfall 118084 (2019) Kat:3, Licht: 0,118084,3,2,0,08,15,6,0,0,0,1,0,1,0,0
"POINT (7.131716691000065 51.257254345000035)",Unfall 118087 (2019) Kat:2, Licht: 0,118087,2,3,5,08,08,5,0,0,0,1,0,0,0,0
"POINT (7.180039720000025 51.248603080000066)",Unfall 118216 (2019) Kat:2, Licht: 0,118216,2,6,4,08,06,4,0,0,0,1,0,0,0,0
"POINT (7.133114229000057 51.253351095000028)",Unfall 118323 (2019) Kat:3, Licht: 0,118323,3,6,2,08,16,2,1,0,0,1,0,0,1,0
"POINT (7.213050292000048 51.272497028000032)",Unfall 118478 (2019) Kat:3, Licht: 0,118478,3,2,5,08,10,7,0,0,1,1,0,0,0,0
"POINT (7.216933166000047 51.274966426000049)",Unfall 118639 (2019) Kat:3, Licht: 0,118639,3,3,4,08,16,5,0,0,1,0,0,0,0,0
"POINT (7.133490958000039 51.253135826000062)",Unfall 118651 (2019) Kat:3, Licht: 0,118651,3,6,0,08,06,4,0,0,0,1,0,0,0,1
"POINT (7.123638532000030 51.280762558000049)",Unfall 118653 (2019) Kat:3, Licht: 2,118653,3,1,0,08,21,4,0,2,0,1,0,0,0,0
"POINT (7.203803618000052 51.227405736000037)",Unfall 118828 (2019) Kat:3, Licht: 0,118828,3,7,6,08,08,3,0,0,0,0,1,0,0,1
"POINT (7.152058050000051 51.222947487000056)",Unfall 118830 (2019) Kat:3, Licht: 2,118830,3,2,4,08,21,3,0,2,0,1,0,1,0,0
"POINT (7.153062427000066 51.270366765000063)",Unfall 118890 (2019) Kat:3, Licht: 0,118890,3,6,1,08,16,5,0,0,0,1,0,0,0,0
"POINT (7.203157747000034 51.286643351000066)",Unfall 119090 (2019) Kat:2, Licht: 2,119090,2,1,8,08,01,7,0,2,0,1,0,0,0,0
"POINT (7.251650848000054 51.275738314000080)",Unfall 119117 (2019) Kat:3, Licht: 0,119117,3,6,2,08,10,6,0,0,0,1,0,0,0,0
"POINT (7.063030123000033 51.251933656000062)",Unfall 119119 (2019) Kat:3, Licht: 0,119119,3,3,0,08,07,6,0,0,0,1,0,1,0,0
"POINT (7.192694842000037 51.273799373000031)",Unfall 119126 (2019) Kat:3, Licht: 0,119126,3,1,6,09,12,2,0,0,0,1,1,0,0,0
"POINT (7.134178611000039 51.207513807000055)",Unfall 119128 (2019) Kat:3, Licht: 0,119128,3,3,5,09,10,2,0,0,0,1,0,0,0,0
"POINT (7.128095088000066 51.268252121000046)",Unfall 119165 (2019) Kat:3, Licht: 2,119165,3,1,8,08,20,7,0,2,0,1,0,0,0,0
"POINT (7.139684558000056 51.226822557000048)",Unfall 119261 (2019) Kat:3, Licht: 0,119261,3,6,0,08,10,7,0,0,0,1,0,0,1,0
"POINT (7.186481661000073 51.265972336000061)",Unfall 119320 (2019) Kat:1, Licht: 2,119320,1,1,1,09,01,1,1,2,0,1,0,0,0,1
"POINT (7.132353405000060 51.252971807000051)",Unfall 119381 (2019) Kat:3, Licht: 2,119381,3,7,0,08,22,7,1,2,0,1,0,1,0,0
"POINT (7.133729322000022 51.253065697000068)",Unfall 119467 (2019) Kat:3, Licht: 0,119467,3,6,1,09,16,4,0,0,0,1,0,0,0,1
"POINT (7.212321190000068 51.271342855000057)",Unfall 119546 (2019) Kat:3, Licht: 0,119546,3,2,0,09,11,6,0,0,0,1,0,0,0,1
"POINT (7.072255132000066 51.232042485000079)",Unfall 119548 (2019) Kat:3, Licht: 0,119548,3,6,1,09,15,6,0,0,0,1,0,0,0,0
"POINT (7.194908441000052 51.281122560000028)",Unfall 119632 (2019) Kat:3, Licht: 2,119632,3,3,5,09,20,3,0,2,0,1,0,0,0,0
"POINT (7.203856492000057 51.271229296000058)",Unfall 119633 (2019) Kat:3, Licht: 0,119633,3,7,1,09,13,3,0,0,0,1,0,1,0,0
"POINT (7.220597705000046 51.271321836000027)",Unfall 119776 (2019) Kat:3, Licht: 0,119776,3,6,3,09,10,5,0,0,0,0,0,1,0,1
"POINT (7.167449106000049 51.258936783000081)",Unfall 119863 (2019) Kat:3, Licht: 2,119863,3,6,2,09,04,2,0,2,0,1,1,0,1,0
"POINT (7.192578071000071 51.273900216000072)",Unfall 119864 (2019) Kat:3, Licht: 0,119864,3,2,0,09,16,2,0,0,0,1,0,1,0,0
"POINT (7.220005969000056 51.275293174000069)",Unfall 119991 (2019) Kat:3, Licht: 0,119991,3,6,2,09,15,1,1,0,0,1,0,0,0,0
"POINT (7.114290383000025 51.186227374000055)",Unfall 120136 (2019) Kat:3, Licht: 0,120136,3,1,8,09,11,7,1,0,0,1,0,0,0,0
"POINT (7.139484244000073 51.254367562000027)",Unfall 120138 (2019) Kat:3, Licht: 0,120138,3,6,3,09,18,7,0,0,0,1,0,0,0,0
"POINT (7.110659350000049 51.268165545000045)",Unfall 120356 (2019) Kat:3, Licht: 0,120356,3,3,5,09,13,1,0,0,1,1,0,0,0,0
"POINT (7.197061897000026 51.269779615000061)",Unfall 120526 (2019) Kat:3, Licht: 0,120526,3,6,2,09,14,5,0,0,0,1,0,0,0,0
"POINT (7.288976257000059 51.249623698000050)",Unfall 120763 (2019) Kat:3, Licht: 0,120763,3,6,2,09,17,4,1,0,0,1,0,0,0,0
"POINT (7.201334109000072 51.270576927000036)",Unfall 120766 (2019) Kat:3, Licht: 0,120766,3,6,1,09,16,4,1,0,0,1,0,0,0,0
"POINT (7.147898113000053 51.266743998000038)",Unfall 120769 (2019) Kat:3, Licht: 0,120769,3,2,0,09,11,4,0,0,0,0,1,0,0,1
"POINT (7.183763770000041 51.248567729000058)",Unfall 120859 (2019) Kat:3, Licht: 0,120859,3,7,8,09,14,3,0,0,0,1,0,0,0,0
"POINT (7.143994317000022 51.213832514000046)",Unfall 120860 (2019) Kat:2, Licht: 0,120860,2,2,3,09,09,3,0,0,0,1,0,1,0,0
"POINT (7.166260212000054 51.258586813000079)",Unfall 120968 (2019) Kat:3, Licht: 0,120968,3,6,1,09,12,2,0,0,0,1,0,0,0,0
"POINT (7.236919212000032 51.309063900000069)",Unfall 120969 (2019) Kat:3, Licht: 0,120969,3,1,0,09,15,2,1,0,0,0,0,1,0,0
"POINT (7.103839599000025 51.248079531000030)",Unfall 120970 (2019) Kat:3, Licht: 1,120970,3,6,2,09,19,2,0,1,0,1,0,0,0,0
"POINT (7.148274750000041 51.258583597000040)",Unfall 120971 (2019) Kat:3, Licht: 0,120971,3,2,4,09,16,2,1,0,0,1,0,0,0,1
"POINT (7.225113344000022 51.249611900000048)",Unfall 121034 (2019) Kat:3, Licht: 0,121034,3,1,3,09,18,2,1,0,0,1,0,0,0,0
"POINT (7.141344289000074 51.254693255000063)",Unfall 121204 (2019) Kat:3, Licht: 0,121204,3,6,1,09,12,5,0,0,0,1,0,0,0,0
"POINT (7.229639323000072 51.288051825000082)",Unfall 121220 (2019) Kat:3, Licht: 0,121220,3,3,5,09,14,6,0,0,1,1,0,0,0,0
"POINT (7.228332164000051 51.270287797000037)",Unfall 121257 (2019) Kat:3, Licht: 0,121257,3,2,1,09,13,4,0,0,0,1,0,0,0,1
"POINT (7.203291597000032 51.277833497000074)",Unfall 121340 (2019) Kat:3, Licht: 0,121340,3,6,4,09,13,6,0,0,0,1,0,0,0,0
"POINT (7.125477421000028 51.270661469000061)",Unfall 121363 (2019) Kat:2, Licht: 0,121363,2,3,5,09,09,7,0,0,0,1,0,1,0,0
"POINT (7.130843929000037 51.264910639000050)",Unfall 121418 (2019) Kat:2, Licht: 0,121418,2,6,0,09,09,7,0,0,1,1,0,0,0,0
"POINT (7.149651820000031 51.249343118000070)",Unfall 121530 (2019) Kat:3, Licht: 0,121530,3,3,5,09,10,7,0,0,0,1,0,0,0,0
"POINT (7.163412298000026 51.258689883000045)",Unfall 121590 (2019) Kat:2, Licht: 2,121590,2,3,5,09,04,7,0,2,1,1,0,0,0,0
"POINT (7.204362404000051 51.288521690000039)",Unfall 121666 (2019) Kat:3, Licht: 0,121666,3,7,0,09,13,4,0,0,1,0,1,0,0,0
"POINT (7.160838122000030 51.256126634000054)",Unfall 121798 (2019) Kat:3, Licht: 2,121798,3,1,0,09,00,3,0,2,0,0,0,1,0,0
"POINT (7.195435226000029 51.267991602000052)",Unfall 121799 (2019) Kat:2, Licht: 0,121799,2,4,6,09,16,3,0,0,0,1,1,0,0,0
"POINT (7.097097203000033 51.246571492000044)",Unfall 121835 (2019) Kat:3, Licht: 0,121835,3,6,2,09,15,3,0,0,0,1,0,0,0,0
"POINT (7.194496913000023 51.271915207000063)",Unfall 121933 (2019) Kat:3, Licht: 0,121933,3,6,2,09,18,2,1,0,0,1,0,0,0,1
"POINT (7.177855519000048 51.278861984000059)",Unfall 121934 (2019) Kat:3, Licht: 2,121934,3,1,9,09,04,5,1,2,0,1,0,0,0,0
"POINT (7.201264029000072 51.270558732000040)",Unfall 121987 (2019) Kat:3, Licht: 0,121987,3,3,5,09,13,7,0,0,0,1,0,0,0,0
"POINT (7.152022990000035 51.219611858000064)",Unfall 121988 (2019) Kat:2, Licht: 2,121988,2,1,8,09,22,7,1,2,0,1,0,0,0,0
"POINT (7.126522329000068 51.250304545000063)",Unfall 121989 (2019) Kat:3, Licht: 1,121989,3,3,1,09,17,7,1,1,1,1,0,0,0,0
"POINT (7.144917465000049 51.253274934000046)",Unfall 122077 (2019) Kat:3, Licht: 0,122077,3,6,1,09,16,6,0,0,0,1,0,1,0,0
"POINT (7.177231465000034 51.278746174000048)",Unfall 122172 (2019) Kat:3, Licht: 2,122172,3,6,3,09,20,2,0,2,0,0,0,1,1,0
"POINT (7.162701115000061 51.256695372000081)",Unfall 122231 (2019) Kat:3, Licht: 2,122231,3,1,9,09,05,1,1,2,0,1,0,0,0,0
"POINT (7.205501585000036 51.225327063000066)",Unfall 122495 (2019) Kat:3, Licht: 0,122495,3,3,5,10,16,3,1,0,1,0,0,0,0,1
"POINT (7.174621279000064 51.262147138000046)",Unfall 122497 (2019) Kat:3, Licht: 0,122497,3,6,2,10,08,3,1,0,0,1,0,1,0,0
"POINT (7.132019077000052 51.254200103000073)",Unfall 122500 (2019) Kat:3, Licht: 0,122500,3,6,2,10,17,3,1,0,0,1,0,0,0,0
"POINT (7.230573390000075 51.232034389000034)",Unfall 122610 (2019) Kat:2, Licht: 2,122610,2,6,0,10,22,5,1,2,0,0,0,1,0,0
"POINT (7.119406169000058 51.261185802000057)",Unfall 122758 (2019) Kat:3, Licht: 0,122758,3,7,0,09,15,2,1,0,0,0,0,1,0,0
"POINT (7.130523041000060 51.280174095000064)",Unfall 122759 (2019) Kat:2, Licht: 0,122759,2,6,1,09,08,2,1,0,0,1,0,0,0,0
"POINT (7.151692703000038 51.224600753000061)",Unfall 122761 (2019) Kat:3, Licht: 0,122761,3,6,2,09,14,2,1,0,0,1,0,0,0,0
"POINT (7.230690303000074 51.239469653000072)",Unfall 122764 (2019) Kat:3, Licht: 0,122764,3,6,2,10,16,4,1,0,0,1,0,0,0,0
"POINT (7.184823967000057 51.278682227000047)",Unfall 122766 (2019) Kat:3, Licht: 0,122766,3,6,0,10,16,4,1,0,0,1,0,1,0,0
"POINT (7.232734321000066 51.257894522000072)",Unfall 122819 (2019) Kat:3, Licht: 2,122819,3,1,8,10,00,1,0,2,0,1,0,0,0,0
"POINT (7.175041797000063 51.262275296000041)",Unfall 123120 (2019) Kat:3, Licht: 0,123120,3,6,3,10,16,6,1,0,0,1,0,1,0,0
"POINT (7.200361361000034 51.270353365000062)",Unfall 123123 (2019) Kat:3, Licht: 0,123123,3,7,0,10,09,6,1,0,0,0,0,0,0,1
"POINT (7.153832809000051 51.256292498000050)",Unfall 123125 (2019) Kat:3, Licht: 0,123125,3,6,2,10,13,6,1,0,0,1,0,0,0,0
"POINT (7.219782441000064 51.275284062000026)",Unfall 123126 (2019) Kat:3, Licht: 0,123126,3,6,2,10,11,6,1,0,0,1,0,0,0,1
"POINT (7.132171686000049 51.259602595000047)",Unfall 123169 (2019) Kat:3, Licht: 0,123169,3,7,0,10,13,2,0,0,0,1,0,1,0,0
"POINT (7.178385355000046 51.263340287000062)",Unfall 123389 (2019) Kat:3, Licht: 0,123389,3,6,2,10,15,5,1,0,0,1,0,0,0,0
"POINT (7.149988257000075 51.228717980000056)",Unfall 123390 (2019) Kat:2, Licht: 0,123390,2,1,9,10,15,5,0,0,0,1,0,1,0,0
"POINT (7.189546271000040 51.266754396000067)",Unfall 123487 (2019) Kat:3, Licht: 0,123487,3,7,5,10,16,7,0,0,0,1,0,0,0,0
"POINT (7.203158782000060 51.286643644000037)",Unfall 123561 (2019) Kat:3, Licht: 1,123561,3,5,1,10,06,4,0,1,0,1,0,0,0,0
"POINT (7.127222678000067 51.264295257000072)",Unfall 123670 (2019) Kat:3, Licht: 2,123670,3,6,2,10,07,4,0,2,0,1,0,0,0,0
"POINT (7.152040097000054 51.223205810000081)",Unfall 123701 (2019) Kat:3, Licht: 0,123701,3,6,4,10,16,6,0,0,1,0,0,0,0,0
"POINT (7.236642124000071 51.259552162000034)",Unfall 123747 (2019) Kat:2, Licht: 2,123747,2,7,0,10,03,4,1,2,0,1,0,0,0,0
"POINT (7.167432808000058 51.259155826000040)",Unfall 123907 (2019) Kat:3, Licht: 2,123907,3,2,5,10,21,5,1,2,0,1,0,0,0,0
"POINT (7.224468282000032 51.238191376000032)",Unfall 123909 (2019) Kat:3, Licht: 0,123909,3,6,4,10,11,5,1,0,0,1,0,0,1,0
"POINT (7.140995291000024 51.261156578000055)",Unfall 124066 (2019) Kat:3, Licht: 0,124066,3,5,3,10,09,2,0,0,0,1,0,1,0,0
"POINT (7.203894140000045 51.271238918000051)",Unfall 124157 (2019) Kat:3, Licht: 0,124157,3,6,2,10,13,4,1,0,0,1,0,1,0,0
"POINT (7.108094404000042 51.189977689000045)",Unfall 124160 (2019) Kat:2, Licht: 0,124160,2,1,0,10,13,4,1,0,0,0,0,1,0,0
"POINT (7.131118324000056 51.252425920000064)",Unfall 124162 (2019) Kat:3, Licht: 0,124162,3,5,1,10,10,4,0,0,0,1,0,1,0,0
"POINT (7.228418867000073 51.274081434000038)",Unfall 124307 (2019) Kat:3, Licht: 2,124307,3,2,5,10,19,1,1,2,0,1,0,0,0,0
"POINT (7.128738156000054 51.267673908000063)",Unfall 124308 (2019) Kat:3, Licht: 0,124308,3,6,2,10,17,1,1,0,0,1,0,0,0,1
"POINT (7.102576922000026 51.248789430000045)",Unfall 124542 (2019) Kat:3, Licht: 2,124542,3,6,0,10,18,5,0,2,0,1,0,1,0,0
"POINT (7.143599131000030 51.245355109000059)",Unfall 124577 (2019) Kat:3, Licht: 2,124577,3,6,2,10,20,4,0,2,0,1,0,0,0,0
"POINT (7.154998506000027 51.261566738000056)",Unfall 124664 (2019) Kat:3, Licht: 0,124664,3,2,3,10,16,3,0,0,1,1,0,0,0,0
"POINT (7.135334341000032 51.266177465000055)",Unfall 124706 (2019) Kat:2, Licht: 0,124706,2,6,2,10,13,3,0,0,0,0,0,0,1,1
"POINT (7.219962338000073 51.275291396000057)",Unfall 124780 (2019) Kat:3, Licht: 0,124780,3,6,2,10,16,2,0,0,0,1,0,0,0,0
"POINT (7.184675136000067 51.278281881000055)",Unfall 124781 (2019) Kat:3, Licht: 1,124781,3,6,2,10,07,2,1,1,0,1,0,0,0,1
"POINT (7.223066928000037 51.275333399000033)",Unfall 124785 (2019) Kat:3, Licht: 0,124785,3,4,6,10,15,5,0,0,0,1,1,0,0,0
"POINT (7.151875333000021 51.255463401000043)",Unfall 124855 (2019) Kat:3, Licht: 0,124855,3,4,6,10,13,1,0,0,0,0,1,0,0,1
"POINT (7.200440473000072 51.225314310000044)",Unfall 124923 (2019) Kat:2, Licht: 0,124923,2,3,5,10,15,7,0,0,0,1,0,1,0,0
"POINT (7.175065182000026 51.289912701000048)",Unfall 124925 (2019) Kat:2, Licht: 0,124925,2,6,2,10,10,7,0,0,0,1,0,1,0,0
"POINT (7.158353267000052 51.252163152000037)",Unfall 124926 (2019) Kat:3, Licht: 0,124926,3,6,2,10,13,7,0,0,0,1,0,0,0,0
"POINT (7.148183222000057 51.259128891000046)",Unfall 125033 (2019) Kat:3, Licht: 0,125033,3,3,5,10,10,6,0,0,0,1,0,0,0,0
"POINT (7.094248097000047 51.237375928000063)",Unfall 125035 (2019) Kat:3, Licht: 0,125035,3,7,0,10,14,6,0,0,0,1,0,0,0,0
"POINT (7.056000205000032 51.210752874000036)",Unfall 125108 (2019) Kat:3, Licht: 0,125108,3,6,1,10,07,3,0,0,0,1,0,0,0,0
"POINT (7.117147519000071 51.202229496000029)",Unfall 125151 (2019) Kat:2, Licht: 2,125151,2,1,8,10,00,5,0,2,0,1,0,0,0,0
"POINT (7.220179643000051 51.275300536000032)",Unfall 125213 (2019) Kat:3, Licht: 2,125213,3,6,3,10,18,4,0,2,0,1,0,0,0,0
"POINT (7.153124103000039 51.258890697000027)",Unfall 125272 (2019) Kat:3, Licht: 0,125272,3,1,2,10,10,4,0,0,1,1,0,0,0,0
"POINT (7.143663670000024 51.282906096000033)",Unfall 125437 (2019) Kat:3, Licht: 0,125437,3,6,2,10,10,4,0,0,0,1,0,0,0,0
"POINT (7.215622502000031 51.274842965000062)",Unfall 125483 (2019) Kat:3, Licht: 0,125483,3,6,1,11,08,2,1,0,0,1,0,0,0,0
"POINT (7.131083638000064 51.264234887000043)",Unfall 125570 (2019) Kat:3, Licht: 2,125570,3,7,1,11,23,1,1,2,0,1,0,0,0,0
"POINT (7.114314225000044 51.249600489000045)",Unfall 125634 (2019) Kat:2, Licht: 2,125634,2,1,8,11,00,7,1,2,0,1,0,0,0,0
"POINT (7.144809163000048 51.260963343000071)",Unfall 125759 (2019) Kat:3, Licht: 0,125759,3,2,6,11,10,6,1,0,0,1,1,0,0,0
"POINT (7.185344974000032 51.265679049000028)",Unfall 125999 (2019) Kat:3, Licht: 2,125999,3,2,5,11,18,4,1,2,1,1,0,0,0,0
"POINT (7.150837490000072 51.256075142000043)",Unfall 126000 (2019) Kat:3, Licht: 0,126000,3,2,3,11,09,4,0,0,0,1,0,1,0,0
"POINT (7.113633317000051 51.197742487000028)",Unfall 126001 (2019) Kat:3, Licht: 0,126001,3,1,0,11,14,4,1,0,0,0,0,1,0,0
"POINT (7.131674787000065 51.263417335000042)",Unfall 126083 (2019) Kat:3, Licht: 0,126083,3,6,2,11,07,6,1,0,0,0,0,0,0,1
"POINT (7.177483857000027 51.263049563000038)",Unfall 126248 (2019) Kat:3, Licht: 0,126248,3,5,1,11,09,3,1,0,0,1,0,0,0,0
"POINT (7.144809163000048 51.260963343000071)",Unfall 126249 (2019) Kat:3, Licht: 0,126249,3,4,0,11,10,3,1,0,0,0,1,0,0,1
"POINT (7.212687271000050 51.235715297000070)",Unfall 126368 (2019) Kat:3, Licht: 0,126368,3,6,2,11,14,2,0,0,0,1,0,0,0,0
"POINT (7.167013109000038 51.273205585000028)",Unfall 126454 (2019) Kat:2, Licht: 2,126454,2,1,9,11,22,2,1,2,0,1,0,0,0,0
"POINT (7.216741003000038 51.274930431000030)",Unfall 126490 (2019) Kat:3, Licht: 1,126490,3,3,5,11,17,4,1,1,0,1,0,1,0,0
"POINT (7.234732485000052 51.228572644000053)",Unfall 126530 (2019) Kat:3, Licht: 0,126530,3,7,2,11,11,1,0,0,0,1,0,0,0,0
"POINT (7.223144775000037 51.275458240000034)",Unfall 126932 (2019) Kat:3, Licht: 2,126932,3,2,6,11,17,2,1,2,0,1,1,0,0,0
"POINT (7.227904770000066 51.270542541000054)",Unfall 126935 (2019) Kat:3, Licht: 1,126935,3,3,5,11,16,2,1,1,0,1,0,0,0,0
"POINT (7.182671675000051 51.279533939000032)",Unfall 126936 (2019) Kat:3, Licht: 2,126936,3,6,2,11,07,2,1,2,0,1,0,0,0,0
"POINT (7.235885114000041 51.232774218000031)",Unfall 127296 (2019) Kat:3, Licht: 2,127296,3,6,1,11,17,5,0,2,0,1,0,0,0,0
"POINT (7.102944230000048 51.240783591000081)",Unfall 127298 (2019) Kat:3, Licht: 0,127298,3,6,2,11,15,5,0,0,0,1,0,1,0,0
"POINT (7.131729741000072 51.257222897000077)",Unfall 127318 (2019) Kat:3, Licht: 2,127318,3,2,5,11,18,7,0,2,0,1,0,0,0,0
"POINT (7.131089767000049 51.252412372000038)",Unfall 127555 (2019) Kat:3, Licht: 0,127555,3,7,5,11,12,6,1,0,0,1,0,0,0,0
"POINT (7.217616994000025 51.275051888000064)",Unfall 127843 (2019) Kat:3, Licht: 2,127843,3,4,6,11,20,3,1,2,0,1,1,0,0,0
"POINT (7.197571239000070 51.237542394000059)",Unfall 127953 (2019) Kat:3, Licht: 1,127953,3,6,4,11,16,2,0,1,0,1,0,0,0,0
"POINT (7.147898113000053 51.266743998000038)",Unfall 127954 (2019) Kat:3, Licht: 0,127954,3,6,2,11,11,2,0,0,0,1,0,0,1,0
"POINT (7.101609320000023 51.248554544000058)",Unfall 127997 (2019) Kat:3, Licht: 2,127997,3,6,3,11,18,2,0,2,0,1,0,0,1,0
"POINT (7.257286679000060 51.312097475000030)",Unfall 128038 (2019) Kat:3, Licht: 2,128038,3,6,2,11,18,6,0,2,0,1,0,0,1,0
"POINT (7.212456460000055 51.271496425000066)",Unfall 128121 (2019) Kat:3, Licht: 1,128121,3,3,5,11,16,5,1,1,0,1,0,0,0,0
"POINT (7.176315817000045 51.262675188000060)",Unfall 128122 (2019) Kat:3, Licht: 0,128122,3,7,6,11,07,5,1,0,0,0,1,0,0,1
"POINT (7.229173260000039 51.243556622000028)",Unfall 128273 (2019) Kat:2, Licht: 2,128273,2,1,4,11,06,4,1,2,0,1,0,0,0,0
"POINT (7.210400441000047 51.274180245000082)",Unfall 128365 (2019) Kat:3, Licht: 0,128365,3,5,1,12,15,2,0,0,0,1,0,0,0,0
"POINT (7.136342313000057 51.262672034000047)",Unfall 128440 (2019) Kat:2, Licht: 0,128440,2,2,5,12,13,1,0,0,0,1,0,0,0,0
"POINT (7.124508098000035 51.271812586000067)",Unfall 128617 (2019) Kat:3, Licht: 2,128617,3,2,4,11,18,6,0,2,0,1,0,0,0,1
"POINT (7.189599499000053 51.275976760000049)",Unfall 128630 (2019) Kat:3, Licht: 2,128630,3,6,1,12,18,5,0,2,0,1,0,0,0,0
"POINT (7.232667605000074 51.239771496000060)",Unfall 128631 (2019) Kat:3, Licht: 2,128631,3,6,2,12,16,5,0,2,0,1,0,0,0,0
"POINT (7.191040586000042 51.275305541000080)",Unfall 128741 (2019) Kat:3, Licht: 0,128741,3,7,6,12,10,4,0,0,0,1,1,0,0,0
"POINT (7.130801024000050 51.290319576000059)",Unfall 128742 (2019) Kat:3, Licht: 0,128742,3,6,6,12,09,4,0,0,0,1,1,0,0,0
"POINT (7.124680180000041 51.178362866000043)",Unfall 129058 (2019) Kat:3, Licht: 2,129058,3,1,8,12,23,1,1,2,0,1,0,0,0,0
"POINT (7.184522256000037 51.278374185000075)",Unfall 129292 (2019) Kat:3, Licht: 0,129292,3,6,2,12,09,6,1,0,0,1,0,0,0,0
"POINT (7.206052146000047 51.270436016000076)",Unfall 129355 (2019) Kat:2, Licht: 2,129355,2,4,6,12,19,2,1,2,0,1,1,0,0,0
"POINT (7.118472654000073 51.262729485000079)",Unfall 129590 (2019) Kat:3, Licht: 1,129590,3,6,2,12,16,6,1,1,0,1,0,0,0,0
"POINT (7.160785684000075 51.271604071000070)",Unfall 129592 (2019) Kat:3, Licht: 2,129592,3,1,9,12,22,6,1,2,0,1,0,0,0,0
"POINT (7.180883605000076 51.284669088000044)",Unfall 129685 (2019) Kat:3, Licht: 2,129685,3,6,5,12,21,5,0,2,0,1,0,0,0,0
"POINT (7.240691957000024 51.274087351000048)",Unfall 129686 (2019) Kat:2, Licht: 0,129686,2,3,0,12,15,5,0,0,0,1,0,0,0,1
"POINT (7.167677237000021 51.285369707000029)",Unfall 129695 (2019) Kat:3, Licht: 2,129695,3,1,0,12,06,3,2,2,0,0,0,1,0,0
"POINT (7.154166372000020 51.258179211000026)",Unfall 129696 (2019) Kat:3, Licht: 2,129696,3,2,6,12,17,3,0,2,0,1,1,0,0,0
"POINT (7.167713143000071 51.285352811000052)",Unfall 129697 (2019) Kat:3, Licht: 2,129697,3,6,2,12,06,3,2,2,0,1,0,0,0,0
"POINT (7.116410361000021 51.275632652000070)",Unfall 129699 (2019) Kat:3, Licht: 0,129699,3,1,0,12,08,3,2,0,1,0,0,0,0,0
"POINT (7.133471867000026 51.265458737000074)",Unfall 129917 (2019) Kat:3, Licht: 1,129917,3,4,0,12,17,7,0,1,0,1,1,0,0,0
"POINT (7.212793001000023 51.235725140000056)",Unfall 129946 (2019) Kat:3, Licht: 1,129946,3,6,2,12,18,3,0,1,0,1,0,0,0,0
"POINT (7.132253611000067 51.254109992000053)",Unfall 129949 (2019) Kat:2, Licht: 2,129949,2,1,8,12,19,3,1,2,0,1,0,0,0,0
"POINT (7.219585269000049 51.284790800000053)",Unfall 129950 (2019) Kat:3, Licht: 2,129950,3,4,6,12,18,3,1,2,0,1,1,0,0,0
"POINT (7.070721739000021 51.231324216000075)",Unfall 130141 (2019) Kat:2, Licht: 2,130141,2,4,6,12,17,2,1,2,0,1,1,0,0,0
"POINT (7.148489454000071 51.270264201000032)",Unfall 130177 (2019) Kat:3, Licht: 2,130177,3,7,6,12,17,6,1,2,0,1,1,0,0,0
"POINT (7.143258882000055 51.246778514000027)",Unfall 130179 (2019) Kat:2, Licht: 2,130179,2,4,6,12,23,6,1,2,0,1,1,0,0,0