WKT,Name,OBJECTID,UKATEGORIE,UTYP1,UART,UMONAT,USTUNDE,UWOCHENTAG,STRZUSTAND,ULICHTVERH,ISTRAD,ISTPKW,ISTFUSS,ISTKRAD,ISTGKFZ,ISTSONSTIG
"POINT (7.130540649000068 51.265005146000078)",Unfall 130182 (2019) Kat:3, Licht: 0,130182,3,2,5,12,15,6,1,0,0,1,0,0,0,0
"POINT (7.069661104000033 51.224614260000067)",Unfall 130305 (2019) Kat:3, Licht: 2,130305,3,1,7,12,16,1,1,2,0,1,0,0,0,0
"POINT (7.157810879000067 51.256068324000069)",Unfall 130307 (2019) Kat:3, Licht: 2,130307,3,7,4,12,03,1,1,2,0,1,0,0,0,0
"POINT (7.197731874000056 51.270020117000058)",Unfall 130590 (2019) Kat:3, Licht: 1,130590,3,4,5,12,15,6,1,1,0,1,1,0,0,0
"POINT (7.135559777000026 51.245329745000049)",Unfall 130591 (2019) Kat:3, Licht: 2,130591,3,6,2,12,19,6,1,2,0,1,0,0,0,0
"POINT (7.073878796000031 51.232790522000073)",Unfall 130593 (2019) Kat:1, Licht: 1,130593,1,4,6,12,08,6,0,1,0,1,1,0,0,0
"POINT (7.216161676000070 51.300932260000081)",Unfall 130611 (2019) Kat:3, Licht: 0,130611,3,4,6,12,09,4,1,0,0,1,1,0,0,0
"POINT (7.129011701000025 51.205446392000056)",Unfall 130613 (2019) Kat:3, Licht: 0,130613,3,4,0,12,12,4,0,0,0,1,1,0,0,0
"POINT (7.147292800000059 51.261078089000080)",Unfall 130898 (2019) Kat:3, Licht: 0,130898,3,6,1,12,14,3,0,0,0,1,0,0,0,0
"POINT (7.140582470000027 51.211476160000075)",Unfall 130971 (2019) Kat:3, Licht: 2,130971,3,3,3,12,20,4,1,2,0,1,0,0,0,0
"POINT (7.158613253000056 51.277396390000035)",Unfall 131055 (2019) Kat:2, Licht: 2,131055,2,5,1,12,21,3,1,2,0,1,0,0,0,0
"POINT (7.229778389000046 51.258647408000058)",Unfall 131105 (2019) Kat:3, Licht: 0,131105,3,6,4,12,15,1,0,0,0,1,0,0,0,0
"POINT (7.148218736000047 51.267504006000081)",Unfall 131109 (2019) Kat:3, Licht: 2,131109,3,6,2,12,19,1,0,2,0,1,0,0,0,0
"POINT (7.206293984000070 51.272489766000035)",Unfall 131157 (2019) Kat:3, Licht: 2,131157,3,4,6,12,16,2,1,2,0,1,1,0,0,0
"POINT (7.194152350000024 51.256443846000082)",Unfall 131158 (2019) Kat:3, Licht: 0,131158,3,1,4,12,09,2,1,0,0,1,0,0,0,0
"POINT (7.104932151000071 51.206740227000068)",Unfall 131178 (2019) Kat:3, Licht: 0,131178,3,6,8,12,10,2,1,0,0,1,0,0,0,0
"POINT (7.144090854000069 51.264435132000074)",Unfall 232865 (2019) Kat:3, Licht: 2,232865,3,6,6,01,00,5,1,2,0,1,1,0,0,0
"POINT (7.258623110000031 51.278651474000071)",Unfall 233028 (2019) Kat:2, Licht: 2,233028,2,1,0,01,06,7,1,2,0,1,0,0,0,0
"POINT (7.153710155000056 51.259754082000029)",Unfall 233032 (2019) Kat:3, Licht: 2,233032,3,7,6,01,20,7,1,2,0,1,1,0,0,0
"POINT (7.229769486000066 51.275822788000028)",Unfall 233085 (2019) Kat:3, Licht: 2,233085,3,3,5,01,17,3,1,2,0,1,0,0,0,0
"POINT (7.145594749000054 51.254437099000029)",Unfall 233092 (2019) Kat:3, Licht: 2,233092,3,6,4,01,17,2,1,2,0,1,0,1,0,0
"POINT (7.130394359000036 51.205225904000031)",Unfall 233100 (2019) Kat:3, Licht: 0,233100,3,7,6,01,09,4,1,0,0,1,1,0,0,0
"POINT (7.264259457000037 51.282840263000026)",Unfall 233192 (2019) Kat:3, Licht: 2,233192,3,7,0,01,06,2,1,2,0,1,0,0,0,1
"POINT (7.160035885000070 51.275314708000053)",Unfall 233269 (2019) Kat:3, Licht: 2,233269,3,3,5,01,07,5,0,2,1,1,0,0,0,0
"POINT (7.215833536000048 51.277126981000038)",Unfall 233298 (2019) Kat:3, Licht: 1,233298,3,4,6,01,16,3,1,1,0,1,1,0,0,0
"POINT (7.140029649000041 51.213635943000043)",Unfall 233375 (2019) Kat:3, Licht: 2,233375,3,4,6,01,07,2,1,2,0,1,1,0,0,0
"POINT (7.088948620000053 51.235856624000064)",Unfall 233445 (2019) Kat:3, Licht: 2,233445,3,2,6,01,18,7,1,2,0,1,1,0,0,0
"POINT (7.128138125000021 51.245614544000034)",Unfall 233446 (2019) Kat:3, Licht: 2,233446,3,1,9,01,02,7,1,2,0,1,0,0,0,0
"POINT (7.218250959000045 51.293689511000082)",Unfall 233505 (2019) Kat:3, Licht: 0,233505,3,4,6,01,16,6,1,0,0,1,1,0,0,0
"POINT (7.081740604000061 51.236865411000053)",Unfall 233506 (2019) Kat:3, Licht: 0,233506,3,3,5,01,11,6,1,0,0,1,0,0,0,0
"POINT (7.284260699000072 51.242171713000062)",Unfall 233650 (2019) Kat:3, Licht: 0,233650,3,7,8,01,14,6,1,0,0,1,0,0,0,0
"POINT (7.137948479000045 51.250461405000067)",Unfall 233758 (2019) Kat:3, Licht: 2,233758,3,3,0,01,17,4,0,2,0,1,0,0,0,0
"POINT (7.071688379000023 51.231762537000066)",Unfall 233759 (2019) Kat:3, Licht: 0,233759,3,6,2,01,14,4,0,0,0,1,0,0,0,0
"POINT (7.137511504000031 51.250367604000076)",Unfall 233760 (2019) Kat:3, Licht: 1,233760,3,3,5,01,17,4,0,1,0,1,0,0,0,0
"POINT (7.231362941000043 51.286712092000073)",Unfall 233819 (2019) Kat:3, Licht: 0,233819,3,4,6,01,09,6,1,0,0,1,1,0,0,0
"POINT (7.195169294000039 51.237231207000036)",Unfall 233820 (2019) Kat:3, Licht: 1,233820,3,6,2,01,07,6,1,1,0,1,0,0,0,1
"POINT (7.104714610000031 51.253835490000029)",Unfall 233821 (2019) Kat:3, Licht: 2,233821,3,2,2,01,23,6,1,2,0,1,0,0,0,0
"POINT (7.141964712000060 51.258284602000060)",Unfall 233822 (2019) Kat:3, Licht: 0,233822,3,4,6,01,12,6,1,0,0,1,1,0,0,0
"POINT (7.173639378000075 51.284583191000081)",Unfall 233823 (2019) Kat:3, Licht: 0,233823,3,6,1,01,12,6,0,0,0,1,0,0,0,0
"POINT (7.096623167000075 51.236530803000051)",Unfall 233973 (2019) Kat:3, Licht: 0,233973,3,4,6,01,09,3,0,0,0,1,1,0,0,0
"POINT (7.214174713000034 51.282757332000074)",Unfall 234037 (2019) Kat:3, Licht: 1,234037,3,4,6,01,07,2,0,1,0,1,1,0,0,0
"POINT (7.143863047000025 51.261336163000067)",Unfall 234088 (2019) Kat:3, Licht: 0,234088,3,3,5,01,08,4,1,0,1,1,0,0,0,0
"POINT (7.126448536000055 51.251881345000072)",Unfall 234310 (2019) Kat:2, Licht: 0,234310,2,7,4,02,14,3,0,0,0,1,0,0,0,0
"POINT (7.148237294000069 51.258609865000039)",Unfall 234311 (2019) Kat:2, Licht: 0,234311,2,4,6,02,14,3,0,0,0,1,1,0,0,0
"POINT (7.185138212000027 51.275469730000054)",Unfall 234353 (2019) Kat:3, Licht: 0,234353,3,4,0,02,14,2,0,0,0,0,1,0,0,1
"POINT (7.103465026000038 51.254740234000053)",Unfall 234397 (2019) Kat:3, Licht: 0,234397,3,1,0,02,12,1,1,0,0,1,1,0,0,0
"POINT (7.215852344000041 51.286327058000040)",Unfall 234492 (2019) Kat:3, Licht: 2,234492,3,4,6,02,18,6,1,2,0,1,1,0,0,0
"POINT (7.195775235000042 51.268155923000052)",Unfall 234493 (2019) Kat:3, Licht: 0,234493,3,2,0,02,13,6,1,0,0,1,1,0,0,0
"POINT (7.143878575000031 51.265507276000051)",Unfall 234494 (2019) Kat:3, Licht: 0,234494,3,4,6,02,12,6,1,0,0,1,1,0,0,0
"POINT (7.115971634000061 51.259800053000049)",Unfall 234495 (2019) Kat:3, Licht: 0,234495,3,7,0,02,08,6,2,0,0,1,1,0,0,0
"POINT (7.147503529000062 51.231315975000030)",Unfall 234523 (2019) Kat:3, Licht: 0,234523,3,3,5,02,17,3,0,0,0,1,0,0,0,0
"POINT (7.153086078000058 51.261010059000057)",Unfall 234555 (2019) Kat:3, Licht: 2,234555,3,7,0,01,19,5,1,2,0,1,0,0,0,0
"POINT (7.078231103000064 51.231686379000053)",Unfall 234556 (2019) Kat:2, Licht: 2,234556,2,2,4,01,18,5,2,2,0,1,0,0,0,0
"POINT (7.133092045000069 51.266057278000062)",Unfall 234578 (2019) Kat:3, Licht: 0,234578,3,7,1,02,10,2,0,0,0,1,0,0,0,1
"POINT (7.086040919000027 51.234356150000053)",Unfall 234579 (2019) Kat:3, Licht: 2,234579,3,4,6,02,18,2,0,2,0,1,1,0,0,0
"POINT (7.152993298000069 51.211382646000061)",Unfall 234581 (2019) Kat:2, Licht: 0,234581,2,6,4,02,15,2,0,0,0,1,0,0,0,0
"POINT (7.248859539000023 51.311979754000049)",Unfall 234680 (2019) Kat:3, Licht: 2,234680,3,2,6,02,07,6,0,2,0,1,1,0,0,0
"POINT (7.130641827000034 51.266229309000039)",Unfall 234781 (2019) Kat:3, Licht: 2,234781,3,1,1,02,18,4,0,2,0,1,0,0,0,0
"POINT (7.214083706000054 51.269022929000073)",Unfall 234858 (2019) Kat:2, Licht: 2,234858,2,4,6,02,18,6,0,2,0,1,1,0,0,0
"POINT (7.145405678000032 51.254431709000073)",Unfall 234859 (2019) Kat:3, Licht: 2,234859,3,4,6,02,06,6,0,2,0,1,1,0,0,0
"POINT (7.133926212000063 51.205227357000069)",Unfall 234860 (2019) Kat:3, Licht: 0,234860,3,2,6,02,16,6,0,0,0,1,1,0,0,0
"POINT (7.196538781000072 51.268412592000061)",Unfall 234879 (2019) Kat:3, Licht: 0,234879,3,2,6,02,15,3,0,0,0,1,1,0,0,0
"POINT (7.233343243000036 51.268190280000056)",Unfall 234946 (2019) Kat:3, Licht: 2,234946,3,6,1,02,19,5,0,2,0,0,0,1,0,1
"POINT (7.245469572000047 51.312204971000028)",Unfall 234947 (2019) Kat:3, Licht: 0,234947,3,6,2,02,13,5,0,0,0,1,0,0,0,0
"POINT (7.088574376000054 51.235661456000059)",Unfall 234949 (2019) Kat:3, Licht: 0,234949,3,5,0,02,09,5,0,0,0,1,0,0,0,1
"POINT (7.175934200000029 51.260019089000082)",Unfall 235121 (2019) Kat:3, Licht: 2,235121,3,7,6,02,19,3,0,2,0,1,1,0,0,0
"POINT (7.257344235000062 51.283208994000063)",Unfall 235201 (2019) Kat:3, Licht: 2,235201,3,2,5,02,19,2,0,2,0,1,0,0,1,0
"POINT (7.224259767000035 51.270113266000067)",Unfall 235300 (2019) Kat:3, Licht: 0,235300,3,3,5,02,13,7,0,0,0,1,0,0,0,0
"POINT (7.213769622000029 51.274334875000079)",Unfall 235301 (2019) Kat:3, Licht: 0,235301,3,6,2,02,11,7,0,0,0,1,0,0,0,0
"POINT (7.163677886000073 51.255468326000027)",Unfall 235604 (2019) Kat:3, Licht: 0,235604,3,4,6,02,15,5,0,0,0,1,1,0,0,0
"POINT (7.078808990000027 51.238338338000062)",Unfall 235605 (2019) Kat:3, Licht: 0,235605,3,4,6,02,12,5,0,0,0,1,1,0,0,0
"POINT (7.229726823000021 51.275473151000028)",Unfall 235685 (2019) Kat:3, Licht: 0,235685,3,3,5,02,12,4,0,0,0,1,0,0,0,0
"POINT (7.110416711000028 51.258730565000064)",Unfall 235766 (2019) Kat:3, Licht: 2,235766,3,1,8,02,21,3,0,2,0,1,0,0,0,0
"POINT (7.224737002000040 51.277915716000052)",Unfall 235842 (2019) Kat:2, Licht: 0,235842,2,4,6,02,07,2,0,0,0,1,1,0,0,0
"POINT (7.104858908000040 51.245160410000040)",Unfall 235843 (2019) Kat:3, Licht: 0,235843,3,7,1,02,12,2,0,0,0,1,0,0,0,0
"POINT (7.207722718000071 51.277996747000032)",Unfall 235844 (2019) Kat:3, Licht: 0,235844,3,4,6,02,07,2,0,0,0,1,1,0,0,0
"POINT (7.208078308000040 51.270799240000031)",Unfall 235856 (2019) Kat:3, Licht: 0,235856,3,6,2,03,17,5,0,0,0,1,0,0,0,0
"POINT (7.139007175000074 51.254536732000076)",Unfall 235910 (2019) Kat:2, Licht: 2,235910,2,2,6,03,18,4,1,2,0,1,1,0,0,0
"POINT (7.146693819000063 51.263700358000051)",Unfall 235911 (2019) Kat:3, Licht: 1,235911,3,4,6,03,17,4,1,1,0,1,1,0,0,0
"POINT (7.144809163000048 51.260963343000071)",Unfall 235912 (2019) Kat:2, Licht: 0,235912,2,2,6,03,16,4,1,0,0,1,1,0,0,0
"POINT (7.123152701000038 51.188888538000072)",Unfall 235913 (2019) Kat:3, Licht: 0,235913,3,1,8,03,12,4,0,0,0,1,0,0,0,0
"POINT (7.146725634000063 51.268252575000076)",Unfall 235951 (2019) Kat:3, Licht: 0,235951,3,4,6,03,10,3,1,0,0,0,1,0,0,1
"POINT (7.223888908000049 51.272680784000045)",Unfall 236037 (2019) Kat:3, Licht: 2,236037,3,2,6,03,19,7,1,2,0,1,1,0,0,0
"POINT (7.211665651000033 51.282720144000052)",Unfall 236083 (2019) Kat:3, Licht: 2,236083,3,3,5,03,18,6,1,2,0,1,0,1,0,0
"POINT (7.088971709000020 51.235868665000055)",Unfall 236084 (2019) Kat:3, Licht: 1,236084,3,4,6,03,07,6,1,1,0,1,1,0,0,0
"POINT (7.205407174000072 51.273645486000078)",Unfall 236227 (2019) Kat:3, Licht: 0,236227,3,2,4,03,17,2,1,0,0,1,0,0,0,0
"POINT (7.139494215000070 51.261552771000026)",Unfall 236228 (2019) Kat:3, Licht: 0,236228,3,4,6,03,14,2,1,0,0,1,1,0,0,0
"POINT (7.160474479000072 51.275575999000068)",Unfall 236229 (2019) Kat:3, Licht: 0,236229,3,6,2,03,11,2,0,0,0,1,0,0,0,0
"POINT (7.155809290000036 51.254201055000067)",Unfall 236230 (2019) Kat:3, Licht: 0,236230,3,7,1,03,11,2,0,0,0,1,0,0,0,0
"POINT (7.131727468000065 51.257232579000060)",Unfall 236294 (2019) Kat:3, Licht: 0,236294,3,2,5,03,13,7,0,0,0,1,0,1,0,0
"POINT (7.061389895000048 51.224267468000050)",Unfall 236348 (2019) Kat:3, Licht: 0,236348,3,6,1,03,11,6,0,0,1,1,0,0,0,0
"POINT (7.186507930000062 51.270440056000041)",Unfall 236488 (2019) Kat:3, Licht: 2,236488,3,3,0,03,20,6,1,2,0,1,0,0,0,1
"POINT (7.206302090000065 51.287773086000072)",Unfall 236547 (2019) Kat:3, Licht: 0,236547,3,6,2,03,09,5,1,0,0,1,0,0,0,0
"POINT (7.179874771000073 51.268738799000062)",Unfall 236548 (2019) Kat:3, Licht: 0,236548,3,4,6,03,07,5,1,0,0,1,1,0,0,0
"POINT (7.253372898000066 51.282597206000048)",Unfall 236599 (2019) Kat:3, Licht: 1,236599,3,6,3,03,18,4,1,1,0,1,0,0,1,0
"POINT (7.210230532000026 51.271260588000075)",Unfall 236931 (2019) Kat:3, Licht: 2,236931,3,3,5,03,20,3,0,2,0,1,0,0,0,0
"POINT (7.245210867000026 51.287262844000054)",Unfall 236932 (2019) Kat:3, Licht: 0,236932,3,6,2,03,14,3,0,0,0,1,0,0,0,0
"POINT (7.143560215000036 51.229834017000030)",Unfall 236933 (2019) Kat:3, Licht: 0,236933,3,4,6,03,14,3,0,0,0,0,1,0,0,1
"POINT (7.146190960000070 51.257075613000040)",Unfall 237126 (2019) Kat:2, Licht: 0,237126,2,7,0,03,16,6,0,0,0,0,1,0,0,1
"POINT (7.099030076000076 51.253295290000040)",Unfall 237205 (2019) Kat:3, Licht: 0,237205,3,1,9,03,15,7,0,0,1,0,0,0,0,0
"POINT (7.131925098000068 51.205410512000071)",Unfall 237206 (2019) Kat:3, Licht: 0,237206,3,6,0,03,15,7,0,0,1,1,0,0,0,0
"POINT (7.204914317000032 51.228261745000054)",Unfall 237281 (2019) Kat:3, Licht: 0,237281,3,6,2,03,07,6,0,0,0,1,0,0,0,0
"POINT (7.154710285000022 51.270616333000078)",Unfall 237349 (2019) Kat:3, Licht: 0,237349,3,1,2,03,13,5,0,0,0,1,0,0,0,1
"POINT (7.141782116000059 51.256895722000081)",Unfall 237493 (2019) Kat:3, Licht: 1,237493,3,2,5,04,20,4,1,1,0,1,0,0,0,0
"POINT (7.154692809000039 51.258013440000070)",Unfall 237494 (2019) Kat:2, Licht: 0,237494,2,3,5,04,19,4,1,0,0,1,0,0,0,0
"POINT (7.149856395000029 51.243506039000067)",Unfall 237556 (2019) Kat:3, Licht: 0,237556,3,7,1,04,18,3,0,0,0,1,0,1,0,0
"POINT (7.222217510000064 51.272465449000038)",Unfall 237630 (2019) Kat:2, Licht: 0,237630,2,7,0,04,17,2,0,0,0,0,0,1,0,0
"POINT (7.182684423000069 51.279981267000039)",Unfall 237631 (2019) Kat:3, Licht: 0,237631,3,6,2,04,13,2,0,0,0,1,0,0,0,0
"POINT (7.097272272000055 51.238694935000069)",Unfall 237667 (2019) Kat:3, Licht: 0,237667,3,4,6,04,15,3,0,0,0,1,1,0,0,0
"POINT (7.121989266000071 51.247600124000030)",Unfall 237668 (2019) Kat:3, Licht: 0,237668,3,7,0,04,15,3,0,0,0,1,0,0,0,0
"POINT (7.141903251000031 51.255515363000029)",Unfall 237730 (2019) Kat:3, Licht: 0,237730,3,4,5,04,15,2,1,0,0,0,1,1,0,0
"POINT (7.211444047000043 51.274301577000074)",Unfall 237781 (2019) Kat:3, Licht: 2,237781,3,3,5,04,22,1,0,2,0,1,0,0,0,0
"POINT (7.129554166000048 51.244433550000053)",Unfall 237888 (2019) Kat:3, Licht: 0,237888,3,6,1,04,16,6,0,0,0,1,0,0,0,0
"POINT (7.129828071000077 51.206512642000064)",Unfall 237889 (2019) Kat:3, Licht: 0,237889,3,7,6,04,12,6,0,0,0,0,1,0,0,1
"POINT (7.144890784000040 51.259702464000043)",Unfall 238180 (2019) Kat:3, Licht: 0,238180,3,7,6,04,09,5,0,0,0,0,1,0,0,1
"POINT (7.206591941000056 51.281459184000028)",Unfall 238235 (2019) Kat:3, Licht: 0,238235,3,6,3,04,17,4,0,0,0,1,0,0,0,1
"POINT (7.088381956000035 51.246827210000049)",Unfall 238292 (2019) Kat:3, Licht: 0,238292,3,3,5,04,08,3,0,0,0,1,0,0,0,0
"POINT (7.205411550000065 51.273643865000054)",Unfall 238349 (2019) Kat:3, Licht: 0,238349,3,2,5,04,09,2,0,0,1,1,0,0,0,0
"POINT (7.192480314000022 51.276167755000074)",Unfall 238404 (2019) Kat:3, Licht: 0,238404,3,4,6,04,09,1,0,0,0,1,1,0,0,0
"POINT (7.209017141000061 51.271134266000047)",Unfall 238469 (2019) Kat:3, Licht: 0,238469,3,2,4,04,16,3,0,0,1,1,0,1,0,0
"POINT (7.237963517000026 51.281775627000059)",Unfall 238514 (2019) Kat:3, Licht: 0,238514,3,3,5,04,10,2,0,0,0,1,0,0,0,0
"POINT (7.152764291000040 51.239318588000060)",Unfall 238549 (2019) Kat:3, Licht: 0,238549,3,1,1,04,15,1,0,0,1,1,0,0,0,0
"POINT (7.062746580000066 51.224785127000075)",Unfall 238596 (2019) Kat:3, Licht: 0,238596,3,6,2,04,16,7,0,0,0,1,0,0,0,0
"POINT (7.106300678000025 51.257454230000064)",Unfall 238652 (2019) Kat:3, Licht: 0,238652,3,6,6,04,16,6,0,0,1,0,1,0,0,0
"POINT (7.262353758000074 51.285222946000033)",Unfall 238716 (2019) Kat:2, Licht: 0,238716,2,6,3,04,11,7,1,0,0,1,0,0,0,0
"POINT (7.070116232000032 51.240086013000052)",Unfall 238717 (2019) Kat:3, Licht: 2,238717,3,3,5,04,20,7,1,2,0,1,0,0,0,0
"POINT (7.151571413000056 51.257683183000040)",Unfall 238776 (2019) Kat:3, Licht: 0,238776,3,3,5,04,15,6,0,0,0,1,0,1,0,0
"POINT (7.123652322000055 51.273258895000026)",Unfall 238834 (2019) Kat:3, Licht: 1,238834,3,1,8,04,20,5,0,1,0,1,0,0,0,0
"POINT (7.140022457000043 51.248898733000033)",Unfall 238835 (2019) Kat:3, Licht: 0,238835,3,6,1,04,18,5,0,0,0,1,0,0,0,0
"POINT (7.141391575000057 51.255204948000028)",Unfall 238993 (2019) Kat:3, Licht: 0,238993,3,3,5,05,18,4,0,0,0,1,0,0,0,0
"POINT (7.152630705000036 51.209143302000030)",Unfall 239065 (2019) Kat:3, Licht: 0,239065,3,6,6,04,06,3,0,0,0,1,1,0,0,0
"POINT (7.053642342000046 51.222043188000043)",Unfall 239066 (2019) Kat:3, Licht: 0,239066,3,2,4,04,13,3,0,0,0,1,0,0,0,0
"POINT (7.194672169000057 51.271943006000072)",Unfall 239150 (2019) Kat:3, Licht: 0,239150,3,6,2,04,16,2,0,0,0,1,0,0,0,0
"POINT (7.190227180000022 51.267725484000039)",Unfall 239152 (2019) Kat:3, Licht: 0,239152,3,2,6,04,10,2,0,0,0,1,1,0,0,0
"POINT (7.219744378000030 51.266998089000026)",Unfall 239153 (2019) Kat:3, Licht: 0,239153,3,3,5,04,11,2,0,0,0,1,0,0,0,0
"POINT (7.168801512000073 51.255624831000034)",Unfall 239154 (2019) Kat:3, Licht: 0,239154,3,4,0,04,15,2,0,0,0,0,1,0,0,1
"POINT (7.041492290000065 51.229952713000046)",Unfall 239195 (2019) Kat:3, Licht: 2,239195,3,1,8,04,02,1,1,2,0,1,0,0,0,0
"POINT (7.174428207000062 51.258434183000077)",Unfall 239321 (2019) Kat:3, Licht: 1,239321,3,3,5,05,06,7,0,1,0,1,0,0,0,0
"POINT (7.166041329000052 51.294568263000031)",Unfall 239382 (2019) Kat:3, Licht: 0,239382,3,1,8,05,17,6,0,0,1,0,0,0,0,0
"POINT (7.203244260000076 51.275020970000071)",Unfall 239519 (2019) Kat:3, Licht: 0,239519,3,6,2,05,13,6,1,0,0,1,0,0,0,0
"POINT (7.192825564000032 51.266784316000042)",Unfall 239667 (2019) Kat:3, Licht: 0,239667,3,7,5,05,14,4,1,0,0,1,0,0,0,1
"POINT (7.096844794000049 51.253852405000032)",Unfall 239668 (2019) Kat:3, Licht: 0,239668,3,2,3,05,05,4,0,0,1,0,0,0,0,0
"POINT (7.186465193000061 51.270441415000050)",Unfall 239824 (2019) Kat:1, Licht: 0,239824,1,3,5,05,18,3,0,0,0,1,0,1,0,1
"POINT (7.167634284000030 51.255199164000032)",Unfall 239825 (2019) Kat:3, Licht: 0,239825,3,4,6,05,11,3,0,0,0,1,1,0,0,0
"POINT (7.210293478000040 51.268422117000057)",Unfall 239826 (2019) Kat:3, Licht: 0,239826,3,2,5,05,11,3,0,0,0,1,0,1,0,0
"POINT (7.218323715000054 51.278084844000034)",Unfall 239827 (2019) Kat:3, Licht: 0,239827,3,4,6,05,10,3,0,0,0,1,1,0,0,0
"POINT (7.178603723000038 51.276781974000073)",Unfall 239850 (2019) Kat:3, Licht: 0,239850,3,7,0,05,14,4,0,0,0,1,0,0,0,0
"POINT (7.177363978000074 51.261990853000043)",Unfall 239997 (2019) Kat:3, Licht: 2,239997,3,1,1,05,04,7,0,2,1,1,0,0,0,0
"POINT (7.183972584000060 51.262409615000081)",Unfall 240150 (2019) Kat:2, Licht: 0,240150,2,4,6,05,13,5,0,0,0,1,1,0,0,0
"POINT (7.217057279000073 51.281200669000043)",Unfall 240151 (2019) Kat:3, Licht: 0,240151,3,3,5,05,13,5,0,0,1,1,0,0,0,0
"POINT (7.163618525000061 51.258896409000045)",Unfall 240152 (2019) Kat:3, Licht: 0,240152,3,5,1,05,07,5,0,0,1,1,0,0,0,0
"POINT (7.138031300000023 51.258742856000026)",Unfall 240272 (2019) Kat:3, Licht: 0,240272,3,4,6,05,14,4,0,0,0,1,1,0,0,0
"POINT (7.248125346000052 51.276533236000034)",Unfall 240339 (2019) Kat:1, Licht: 0,240339,1,4,6,05,18,3,1,0,0,1,1,0,0,0
"POINT (7.191090913000039 51.242804786000079)",Unfall 240416 (2019) Kat:3, Licht: 2,240416,3,3,3,05,22,2,0,2,0,1,0,0,0,0
"POINT (7.238694438000039 51.267370701000061)",Unfall 240417 (2019) Kat:3, Licht: 0,240417,3,3,5,05,13,2,0,0,0,1,0,0,1,0
"POINT (7.191427126000065 51.274892458000068)",Unfall 240418 (2019) Kat:3, Licht: 0,240418,3,6,2,05,07,2,1,0,0,1,0,0,0,0
"POINT (7.138182553000036 51.247724362000042)",Unfall 240419 (2019) Kat:3, Licht: 0,240419,3,3,5,05,16,2,0,0,0,1,0,0,0,0
"POINT (7.147248128000058 51.265011440000080)",Unfall 240483 (2019) Kat:3, Licht: 0,240483,3,3,5,05,17,1,0,0,0,1,0,0,0,0
"POINT (7.208342265000056 51.281299254000032)",Unfall 240634 (2019) Kat:3, Licht: 0,240634,3,4,6,05,08,6,0,0,0,1,1,0,0,0
"POINT (7.063415175000046 51.230932867000035)",Unfall 240725 (2019) Kat:3, Licht: 0,240725,3,7,0,05,19,5,0,0,1,0,0,0,0,0
"POINT (7.152865161000023 51.266918504000046)",Unfall 240845 (2019) Kat:3, Licht: 2,240845,3,3,5,05,00,4,0,2,0,1,0,0,0,0
"POINT (7.150228136000067 51.258339081000031)",Unfall 240846 (2019) Kat:3, Licht: 0,240846,3,7,7,05,10,4,0,0,0,1,0,0,0,0
"POINT (7.189099225000064 51.247193449000065)",Unfall 240918 (2019) Kat:3, Licht: 0,240918,3,3,4,05,06,3,0,0,0,1,0,0,0,0
"POINT (7.129508273000056 51.243555575000073)",Unfall 240980 (2019) Kat:3, Licht: 0,240980,3,7,6,05,05,2,1,0,0,1,1,0,0,0
"POINT (7.221672810000030 51.272484694000070)",Unfall 241140 (2019) Kat:2, Licht: 0,241140,2,4,6,06,11,7,0,0,0,1,1,0,0,0
"POINT (7.227935238000043 51.270487575000061)",Unfall 241141 (2019) Kat:3, Licht: 0,241141,3,3,5,06,10,7,0,0,0,1,0,1,0,0
"POINT (7.200913743000058 51.273127213000066)",Unfall 241214 (2019) Kat:3, Licht: 0,241214,3,7,6,05,15,6,0,0,0,1,1,0,0,0
"POINT (7.147153913000068 51.226422750000040)",Unfall 241273 (2019) Kat:3, Licht: 0,241273,3,2,2,05,19,5,0,0,0,1,0,0,0,0
"POINT (7.222849198000063 51.276992323000059)",Unfall 241421 (2019) Kat:3, Licht: 0,241421,3,6,1,06,14,3,0,0,0,1,0,0,0,0
"POINT (7.166878400000030 51.239486375000070)",Unfall 241532 (2019) Kat:3, Licht: 0,241532,3,7,2,06,12,1,0,0,1,0,0,0,0,0
"POINT (7.202013704000024 51.273524496000050)",Unfall 241677 (2019) Kat:3, Licht: 0,241677,3,7,1,06,16,6,0,0,1,1,0,0,0,0
"POINT (7.236084108000057 51.290020732000073)",Unfall 241678 (2019) Kat:3, Licht: 0,241678,3,3,5,06,13,6,0,0,0,1,0,1,0,0
"POINT (7.084110885000030 51.234110998000062)",Unfall 241679 (2019) Kat:3, Licht: 0,241679,3,4,6,06,16,6,0,0,0,1,1,0,0,0
"POINT (7.189524689000052 51.227467354000055)",Unfall 241785 (2019) Kat:3, Licht: 0,241785,3,7,6,06,14,5,0,0,0,1,1,0,0,0
"POINT (7.229769486000066 51.275822788000028)",Unfall 241879 (2019) Kat:3, Licht: 0,241879,3,3,5,06,13,4,1,0,0,1,0,0,0,0