WKT,Name,OBJECTID,UKATEGORIE,UTYP1,UART,UMONAT,USTUNDE,UWOCHENTAG,STRZUSTAND,ULICHTVERH,ISTRAD,ISTPKW,ISTFUSS,ISTKRAD,ISTGKFZ,ISTSONSTIG
"POINT (7.150192039000046 51.257054580000045)",Unfall 241880 (2019) Kat:3, Licht: 0,241880,3,6,1,06,14,4,1,0,0,1,0,0,0,1
"POINT (7.146209105000025 51.255711288000043)",Unfall 241967 (2019) Kat:3, Licht: 0,241967,3,7,6,06,12,3,0,0,0,1,1,0,0,0
"POINT (7.180811946000063 51.263071138000043)",Unfall 242057 (2019) Kat:3, Licht: 0,242057,3,1,0,06,13,1,0,0,0,0,0,1,0,0
"POINT (7.186567697000044 51.276345106000065)",Unfall 242128 (2019) Kat:2, Licht: 2,242128,2,1,0,06,00,7,1,2,1,0,0,0,0,0
"POINT (7.128656391000050 51.251675863000060)",Unfall 242232 (2019) Kat:3, Licht: 0,242232,3,6,6,06,09,6,0,0,0,1,1,0,0,0
"POINT (7.147136852000074 51.226436143000058)",Unfall 242233 (2019) Kat:3, Licht: 0,242233,3,3,5,06,17,6,0,0,0,1,0,0,0,0
"POINT (7.189443176000054 51.270210714000029)",Unfall 242381 (2019) Kat:3, Licht: 0,242381,3,7,0,06,14,3,0,0,0,0,0,1,0,1
"POINT (7.131208767000032 51.196768285000076)",Unfall 242382 (2019) Kat:3, Licht: 0,242382,3,7,6,06,18,3,0,0,0,0,1,0,0,1
"POINT (7.167965849000041 51.293133637000039)",Unfall 242383 (2019) Kat:2, Licht: 0,242383,2,6,4,06,15,3,0,0,0,1,0,0,0,1
"POINT (7.178972191000071 51.264769025000078)",Unfall 242505 (2019) Kat:3, Licht: 0,242505,3,7,3,06,07,2,0,0,0,0,0,0,1,1
"POINT (7.198471952000034 51.272919104000039)",Unfall 242652 (2019) Kat:3, Licht: 0,242652,3,1,1,06,17,7,0,0,0,1,0,1,0,0
"POINT (7.129694248000021 51.259035607000044)",Unfall 242663 (2019) Kat:3, Licht: 0,242663,3,3,5,06,10,7,0,0,0,1,0,0,0,1
"POINT (7.189392646000044 51.264381735000029)",Unfall 242851 (2019) Kat:3, Licht: 0,242851,3,4,6,06,07,3,0,0,0,1,1,0,0,0
"POINT (7.154453195000031 51.209667403000026)",Unfall 243123 (2019) Kat:3, Licht: 0,243123,3,3,1,06,05,6,0,0,0,1,0,1,0,0
"POINT (7.159564080000052 51.265039243000047)",Unfall 243124 (2019) Kat:3, Licht: 0,243124,3,6,1,06,10,6,0,0,0,1,0,1,0,0
"POINT (7.191910004000022 51.263190311000074)",Unfall 243228 (2019) Kat:3, Licht: 0,243228,3,3,0,06,10,5,0,0,0,1,0,0,0,0
"POINT (7.219041717000039 51.274611043000050)",Unfall 243359 (2019) Kat:3, Licht: 0,243359,3,5,2,07,15,2,0,0,0,1,0,1,0,0
"POINT (7.219505416000061 51.278242691000059)",Unfall 243446 (2019) Kat:3, Licht: 0,243446,3,7,1,06,19,1,0,0,1,1,0,0,0,0
"POINT (7.243743056000028 51.277801394000051)",Unfall 243511 (2019) Kat:2, Licht: 0,243511,2,2,0,06,19,7,0,0,1,1,0,0,0,0
"POINT (7.240221045000055 51.295079584000064)",Unfall 243512 (2019) Kat:3, Licht: 0,243512,3,7,0,06,12,7,0,0,1,0,0,0,0,0
"POINT (7.178123772000049 51.261156634000031)",Unfall 243513 (2019) Kat:3, Licht: 0,243513,3,6,2,06,12,7,0,0,0,1,0,0,0,0
"POINT (7.158272945000022 51.274293526000065)",Unfall 243514 (2019) Kat:3, Licht: 0,243514,3,6,1,06,09,7,0,0,0,1,0,0,0,0
"POINT (7.223066569000025 51.275319768000031)",Unfall 243664 (2019) Kat:3, Licht: 0,243664,3,6,2,07,11,4,0,0,0,1,0,0,0,0
"POINT (7.124429420000070 51.250224171000070)",Unfall 243665 (2019) Kat:3, Licht: 0,243665,3,7,5,07,18,4,0,0,0,1,0,0,0,0
"POINT (7.136874476000060 51.249413828000058)",Unfall 243766 (2019) Kat:3, Licht: 0,243766,3,7,0,07,11,3,0,0,0,1,0,0,0,0
"POINT (7.199495804000037 51.226358737000055)",Unfall 243886 (2019) Kat:3, Licht: 0,243886,3,2,6,07,10,7,0,0,0,1,1,0,0,0
"POINT (7.140518715000042 51.256158904000074)",Unfall 243888 (2019) Kat:3, Licht: 2,243888,3,6,2,07,22,7,1,2,0,1,0,0,0,0
"POINT (7.076308557000061 51.230163223000034)",Unfall 243889 (2019) Kat:3, Licht: 0,243889,3,3,5,07,20,7,0,0,0,1,0,0,0,1
"POINT (7.075327446000074 51.233461301000034)",Unfall 243971 (2019) Kat:3, Licht: 0,243971,3,6,2,07,16,6,0,0,0,1,0,1,0,0
"POINT (7.204167056000074 51.268831412000054)",Unfall 244081 (2019) Kat:3, Licht: 0,244081,3,3,5,07,20,5,0,0,0,1,0,1,0,0
"POINT (7.150185226000076 51.226276515000052)",Unfall 244083 (2019) Kat:3, Licht: 0,244083,3,3,1,07,18,5,0,0,0,1,0,0,0,0
"POINT (7.130001831000072 51.193642502000046)",Unfall 244084 (2019) Kat:3, Licht: 0,244084,3,1,9,07,17,5,0,0,0,1,0,0,0,0
"POINT (7.149824869000042 51.270119667000074)",Unfall 244085 (2019) Kat:3, Licht: 0,244085,3,7,3,07,17,5,0,0,0,1,0,0,0,0
"POINT (7.187879355000064 51.230180150000081)",Unfall 244117 (2019) Kat:3, Licht: 0,244117,3,7,0,07,14,4,0,0,0,1,0,0,0,0
"POINT (7.180650376000074 51.259882990000051)",Unfall 244201 (2019) Kat:2, Licht: 0,244201,2,1,0,07,13,3,0,0,1,0,0,0,0,0
"POINT (7.211737987000049 51.282897338000055)",Unfall 244202 (2019) Kat:3, Licht: 0,244202,3,7,1,07,15,3,0,0,0,1,0,1,0,0
"POINT (7.096963075000076 51.238152589000038)",Unfall 244203 (2019) Kat:3, Licht: 0,244203,3,4,6,07,11,3,0,0,0,1,1,0,0,0
"POINT (7.151579156000025 51.257664466000051)",Unfall 244204 (2019) Kat:3, Licht: 0,244204,3,3,5,07,16,3,0,0,0,1,0,1,0,0
"POINT (7.203582272000062 51.274409864000063)",Unfall 244395 (2019) Kat:3, Licht: 0,244395,3,6,2,07,09,7,1,0,0,1,0,0,0,0
"POINT (7.211462635000032 51.280833754000071)",Unfall 244476 (2019) Kat:3, Licht: 0,244476,3,3,5,07,18,6,0,0,0,1,0,0,0,0
"POINT (7.097801321000077 51.237222680000059)",Unfall 244477 (2019) Kat:3, Licht: 0,244477,3,6,2,07,12,6,0,0,0,1,0,0,0,0
"POINT (7.224631946000045 51.283952306000060)",Unfall 244674 (2019) Kat:3, Licht: 0,244674,3,7,0,07,14,5,0,0,0,0,0,1,0,0
"POINT (7.075452669000072 51.230856205000066)",Unfall 244747 (2019) Kat:3, Licht: 2,244747,3,3,5,07,02,4,0,2,0,1,0,0,0,0
"POINT (7.219233562000056 51.280011368000032)",Unfall 244995 (2019) Kat:3, Licht: 0,244995,3,5,1,07,14,3,0,0,0,1,0,0,0,0
"POINT (7.130290041000023 51.270339932000070)",Unfall 245191 (2019) Kat:3, Licht: 0,245191,3,6,6,07,13,6,0,0,0,1,1,0,0,0
"POINT (7.070376331000034 51.232065274000036)",Unfall 245192 (2019) Kat:2, Licht: 1,245192,2,2,4,07,05,6,0,1,0,1,0,1,0,0
"POINT (7.238806502000045 51.295973417000027)",Unfall 245255 (2019) Kat:2, Licht: 0,245255,2,1,0,07,19,7,0,0,1,0,0,0,0,0
"POINT (7.260863400000062 51.284153809000031)",Unfall 245258 (2019) Kat:3, Licht: 0,245258,3,3,5,07,14,7,0,0,1,1,0,0,0,0
"POINT (7.200120370000036 51.270387327000037)",Unfall 245263 (2019) Kat:3, Licht: 0,245263,3,4,6,07,10,7,0,0,0,0,1,0,0,1
"POINT (7.181362237000030 51.286508966000042)",Unfall 245273 (2019) Kat:3, Licht: 0,245273,3,5,1,07,15,7,0,0,0,1,0,0,0,0
"POINT (7.257363081000051 51.282740799000067)",Unfall 245473 (2019) Kat:3, Licht: 0,245473,3,3,1,07,14,4,0,0,1,1,0,0,0,0
"POINT (7.076616763000061 51.261334044000080)",Unfall 245474 (2019) Kat:3, Licht: 0,245474,3,6,1,07,16,4,0,0,1,1,0,0,0,0
"POINT (7.161737272000039 51.280459943000039)",Unfall 245534 (2019) Kat:2, Licht: 0,245534,2,7,0,07,13,3,0,0,0,0,0,0,0,1
"POINT (7.199277128000063 51.270780020000075)",Unfall 245596 (2019) Kat:3, Licht: 0,245596,3,7,6,07,12,2,0,0,1,0,1,0,0,0
"POINT (7.201998377000052 51.227651481000066)",Unfall 245920 (2019) Kat:3, Licht: 0,245920,3,7,0,08,11,5,0,0,0,0,1,0,1,0
"POINT (7.215195992000076 51.283188241000062)",Unfall 246118 (2019) Kat:3, Licht: 0,246118,3,4,6,08,14,3,0,0,0,0,1,0,0,1
"POINT (7.219934179000063 51.286905910000030)",Unfall 246174 (2019) Kat:3, Licht: 0,246174,3,3,5,08,08,2,0,0,0,1,0,0,0,0
"POINT (7.171922487000074 51.260222206000037)",Unfall 246175 (2019) Kat:3, Licht: 0,246175,3,1,1,08,19,2,0,0,0,1,0,0,0,0
"POINT (7.169993335000072 51.262286970000048)",Unfall 246281 (2019) Kat:3, Licht: 0,246281,3,6,6,08,12,2,0,0,1,0,1,0,0,0
"POINT (7.209673731000066 51.269771190000029)",Unfall 246372 (2019) Kat:3, Licht: 0,246372,3,7,4,08,19,7,0,0,0,1,0,1,0,0
"POINT (7.137948479000045 51.250461405000067)",Unfall 246486 (2019) Kat:3, Licht: 0,246486,3,2,6,08,14,7,1,0,0,1,1,0,0,0
"POINT (7.181059152000046 51.283549882000045)",Unfall 246610 (2019) Kat:3, Licht: 0,246610,3,6,8,08,15,5,1,0,0,1,0,0,0,0
"POINT (7.222283351000044 51.271094835000042)",Unfall 246611 (2019) Kat:3, Licht: 0,246611,3,6,2,08,17,5,0,0,0,1,0,0,0,0
"POINT (7.130473973000051 51.204505501000028)",Unfall 246612 (2019) Kat:3, Licht: 0,246612,3,4,6,08,11,5,0,0,0,1,1,0,0,0
"POINT (7.149662105000061 51.249348162000047)",Unfall 246761 (2019) Kat:2, Licht: 0,246761,2,2,4,08,10,6,0,0,0,1,0,0,0,0
"POINT (7.217475387000036 51.267780597000069)",Unfall 246766 (2019) Kat:1, Licht: 0,246766,1,4,6,08,07,5,0,0,0,1,1,0,0,0
"POINT (7.179043223000065 51.273378854000043)",Unfall 246767 (2019) Kat:3, Licht: 2,246767,3,3,5,08,21,5,0,2,1,1,0,0,0,0
"POINT (7.203168356000049 51.294279335000056)",Unfall 246768 (2019) Kat:3, Licht: 0,246768,3,7,6,08,11,5,0,0,0,1,1,0,0,0
"POINT (7.086574041000063 51.246899006000035)",Unfall 246769 (2019) Kat:3, Licht: 0,246769,3,1,0,08,11,5,0,0,1,0,0,0,0,0
"POINT (7.081056610000076 51.241857620000076)",Unfall 246841 (2019) Kat:3, Licht: 0,246841,3,6,0,08,17,4,0,0,1,1,0,0,0,0
"POINT (7.224189249000062 51.277055771000050)",Unfall 246854 (2019) Kat:3, Licht: 2,246854,3,2,5,08,21,6,0,2,0,1,0,0,0,0
"POINT (7.141413966000073 51.249026605000040)",Unfall 246911 (2019) Kat:3, Licht: 0,246911,3,3,5,08,18,3,0,0,1,1,0,0,0,0
"POINT (7.203230861000066 51.280929399000058)",Unfall 247011 (2019) Kat:3, Licht: 0,247011,3,1,0,08,20,2,0,0,1,0,0,0,0,0
"POINT (7.136257568000076 51.265333426000041)",Unfall 247012 (2019) Kat:3, Licht: 0,247012,3,2,4,08,15,2,1,0,1,0,0,0,0,0
"POINT (7.202880311000058 51.275953519000041)",Unfall 247083 (2019) Kat:3, Licht: 2,247083,3,6,6,08,05,1,0,2,1,0,1,0,0,0
"POINT (7.206730245000074 51.272756556000047)",Unfall 247148 (2019) Kat:3, Licht: 0,247148,3,4,6,08,10,7,0,0,0,1,1,0,0,0
"POINT (7.201804107000044 51.281015083000057)",Unfall 247231 (2019) Kat:3, Licht: 0,247231,3,4,0,08,07,6,0,0,0,1,1,0,0,0
"POINT (7.061341903000027 51.224243272000081)",Unfall 247232 (2019) Kat:3, Licht: 0,247232,3,2,0,08,14,6,0,0,1,1,0,0,0,0
"POINT (7.172376005000047 51.262937941000075)",Unfall 247400 (2019) Kat:3, Licht: 2,247400,3,1,0,08,22,4,0,2,1,0,0,0,0,0
"POINT (7.214372636000064 51.285668130000033)",Unfall 247401 (2019) Kat:3, Licht: 0,247401,3,7,6,08,12,4,0,0,0,0,1,0,0,1
"POINT (7.217805073000022 51.276658813000040)",Unfall 247402 (2019) Kat:3, Licht: 0,247402,3,4,6,08,16,4,0,0,0,1,1,0,0,0
"POINT (7.244512502000021 51.283334465000053)",Unfall 247481 (2019) Kat:3, Licht: 0,247481,3,7,3,08,17,3,0,0,0,1,0,0,0,1
"POINT (7.197830225000075 51.266772515000071)",Unfall 247482 (2019) Kat:2, Licht: 0,247482,2,2,2,08,13,3,0,0,0,1,0,1,0,0
"POINT (7.192028786000037 51.274370939000050)",Unfall 247542 (2019) Kat:3, Licht: 0,247542,3,3,5,09,08,2,0,0,0,1,0,0,0,1
"POINT (7.183515948000036 51.278764150000029)",Unfall 247543 (2019) Kat:3, Licht: 0,247543,3,6,2,09,09,2,0,0,0,1,0,0,0,1
"POINT (7.179047012000069 51.260612546000061)",Unfall 247603 (2019) Kat:3, Licht: 0,247603,3,7,1,09,12,1,0,0,0,1,0,1,0,0
"POINT (7.237703109000051 51.278981303000080)",Unfall 247769 (2019) Kat:3, Licht: 0,247769,3,6,2,09,09,6,0,0,0,1,0,0,0,0
"POINT (7.146336516000076 51.225231716000053)",Unfall 247770 (2019) Kat:3, Licht: 0,247770,3,3,0,09,08,6,0,0,1,1,0,0,0,0
"POINT (7.218782367000074 51.278997820000029)",Unfall 247846 (2019) Kat:2, Licht: 0,247846,2,4,6,09,19,5,0,0,0,1,1,0,0,0
"POINT (7.217362221000030 51.272577848000026)",Unfall 247847 (2019) Kat:3, Licht: 0,247847,3,7,6,09,17,5,0,0,0,1,1,0,0,0
"POINT (7.141267732000074 51.251660230000027)",Unfall 247848 (2019) Kat:3, Licht: 0,247848,3,5,1,09,16,5,1,0,0,1,0,0,0,1
"POINT (7.199237974000027 51.267513398000062)",Unfall 247912 (2019) Kat:3, Licht: 0,247912,3,7,5,09,10,4,0,0,0,1,0,1,0,0
"POINT (7.215271116000054 51.268986691000066)",Unfall 247913 (2019) Kat:3, Licht: 0,247913,3,2,5,09,08,4,0,0,1,1,0,0,0,0
"POINT (7.133448896000061 51.269425028000057)",Unfall 247914 (2019) Kat:3, Licht: 0,247914,3,2,5,09,09,4,0,0,0,1,0,0,0,0
"POINT (7.150052018000054 51.281805295000026)",Unfall 247915 (2019) Kat:3, Licht: 0,247915,3,7,0,09,08,4,0,0,0,1,0,0,0,0
"POINT (7.173596347000057 51.284592268000040)",Unfall 248049 (2019) Kat:3, Licht: 0,248049,3,6,1,09,17,3,0,0,0,1,0,0,0,0
"POINT (7.189635346000046 51.267589174000079)",Unfall 248377 (2019) Kat:2, Licht: 0,248377,2,4,0,09,17,5,0,0,0,1,1,0,0,0
"POINT (7.096260031000043 51.233177757000078)",Unfall 248378 (2019) Kat:2, Licht: 0,248378,2,7,2,09,14,5,0,0,0,1,0,1,0,0
"POINT (7.150769619000073 51.256134079000049)",Unfall 248415 (2019) Kat:3, Licht: 0,248415,3,6,2,09,08,5,1,0,0,1,0,0,0,0
"POINT (7.224091898000040 51.276899368000045)",Unfall 248464 (2019) Kat:2, Licht: 2,248464,2,7,5,09,20,4,1,2,0,1,0,0,0,0
"POINT (7.195330963000060 51.265328430000068)",Unfall 248565 (2019) Kat:3, Licht: 0,248565,3,2,2,09,07,3,0,0,0,1,0,0,0,1
"POINT (7.232168235000074 51.269599639000035)",Unfall 248617 (2019) Kat:2, Licht: 0,248617,2,3,5,09,15,2,1,0,1,1,0,0,0,0
"POINT (7.193107901000076 51.263665505000063)",Unfall 248686 (2019) Kat:3, Licht: 0,248686,3,2,5,09,13,1,0,0,0,1,0,0,0,0
"POINT (7.214070981000020 51.266624025000056)",Unfall 248687 (2019) Kat:3, Licht: 0,248687,3,6,4,09,15,1,0,0,0,1,0,1,0,0
"POINT (7.243943348000073 51.276091829000052)",Unfall 248825 (2019) Kat:3, Licht: 0,248825,3,3,5,09,17,6,0,0,0,1,0,1,0,0
"POINT (7.244512502000021 51.283334465000053)",Unfall 248826 (2019) Kat:3, Licht: 0,248826,3,6,1,09,15,6,0,0,0,1,0,0,0,0
"POINT (7.215187050000054 51.283087233000060)",Unfall 248827 (2019) Kat:2, Licht: 0,248827,2,6,0,09,12,6,0,0,0,0,0,0,0,1
"POINT (7.141877796000074 51.229369163000058)",Unfall 248828 (2019) Kat:3, Licht: 0,248828,3,2,5,09,08,6,0,0,1,1,0,0,0,0
"POINT (7.195499389000077 51.268472125000073)",Unfall 249277 (2019) Kat:3, Licht: 0,249277,3,7,0,09,15,7,0,0,0,1,1,0,0,0
"POINT (7.097980079000024 51.237669632000063)",Unfall 249324 (2019) Kat:3, Licht: 0,249324,3,2,5,09,12,7,1,0,1,1,0,0,0,0
"POINT (7.113025396000069 51.245751256000062)",Unfall 249338 (2019) Kat:3, Licht: 0,249338,3,2,4,09,17,6,0,0,0,1,0,1,0,0
"POINT (7.209024191000026 51.271122878000028)",Unfall 249569 (2019) Kat:3, Licht: 0,249569,3,6,3,10,16,4,1,0,0,1,0,0,0,0
"POINT (7.161932606000050 51.258016038000051)",Unfall 249570 (2019) Kat:3, Licht: 1,249570,3,2,6,10,07,4,1,1,0,1,1,0,0,0
"POINT (7.217806197000073 51.275873605000072)",Unfall 249841 (2019) Kat:3, Licht: 2,249841,3,7,0,10,23,2,0,2,1,0,0,0,0,0
"POINT (7.166613634000044 51.257491451000078)",Unfall 249937 (2019) Kat:3, Licht: 0,249937,3,7,0,10,17,7,0,0,0,1,1,0,0,0
"POINT (7.152597918000026 51.241363234000062)",Unfall 250192 (2019) Kat:3, Licht: 2,250192,3,1,1,10,22,5,0,2,0,1,0,0,0,0
"POINT (7.171717279000063 51.281669931000067)",Unfall 250193 (2019) Kat:2, Licht: 0,250193,2,4,6,10,09,5,0,0,0,1,1,0,0,0
"POINT (7.180746391000071 51.263049788000046)",Unfall 250253 (2019) Kat:3, Licht: 0,250253,3,4,6,10,13,4,0,0,0,1,1,0,0,0
"POINT (7.231513755000037 51.286648861000060)",Unfall 250403 (2019) Kat:3, Licht: 0,250403,3,5,1,10,16,3,0,0,0,1,0,0,0,1
"POINT (7.065899698000067 51.226002375000064)",Unfall 250404 (2019) Kat:3, Licht: 1,250404,3,5,1,10,06,3,0,1,0,1,0,0,0,0
"POINT (7.131424314000071 51.202108525000028)",Unfall 250525 (2019) Kat:3, Licht: 0,250525,3,3,5,10,14,1,0,0,0,1,0,0,0,0
"POINT (7.169187847000046 51.290998565000052)",Unfall 250643 (2019) Kat:3, Licht: 0,250643,3,3,5,10,13,7,1,0,0,1,0,0,0,0
"POINT (7.264543740000022 51.282578773000068)",Unfall 250702 (2019) Kat:3, Licht: 0,250702,3,7,0,10,15,6,1,0,0,0,0,1,0,1
"POINT (7.207098161000033 51.220831463000081)",Unfall 250703 (2019) Kat:2, Licht: 0,250703,2,7,6,10,09,6,1,0,0,1,1,0,0,0
"POINT (7.255402446000062 51.280410653000047)",Unfall 250704 (2019) Kat:3, Licht: 2,250704,3,2,6,10,05,6,1,2,0,1,1,0,0,0
"POINT (7.109306439000022 51.258061228000031)",Unfall 250705 (2019) Kat:3, Licht: 0,250705,3,3,5,10,17,6,0,0,0,1,0,0,0,0
"POINT (7.191783894000025 51.245524041000067)",Unfall 250861 (2019) Kat:3, Licht: 2,250861,3,3,0,10,05,6,1,2,0,1,0,1,0,0
"POINT (7.150528398000063 51.251331927000081)",Unfall 251037 (2019) Kat:2, Licht: 0,251037,2,4,6,10,14,3,0,0,0,1,1,0,0,0
"POINT (7.084773937000023 51.233707357000071)",Unfall 251085 (2019) Kat:3, Licht: 0,251085,3,6,2,10,15,2,0,0,0,1,0,1,0,0
"POINT (7.130530705000069 51.253513631000033)",Unfall 251086 (2019) Kat:3, Licht: 0,251086,3,2,1,10,11,2,1,0,0,1,0,1,0,0
"POINT (7.195421383000053 51.271361952000063)",Unfall 251158 (2019) Kat:3, Licht: 0,251158,3,6,2,10,16,3,0,0,0,1,0,0,0,0
"POINT (7.131460478000065 51.253955718000043)",Unfall 251159 (2019) Kat:2, Licht: 2,251159,2,4,6,10,18,3,0,2,0,1,1,0,0,0
"POINT (7.159092873000077 51.265857397000048)",Unfall 251239 (2019) Kat:3, Licht: 0,251239,3,7,6,10,08,2,0,0,0,1,1,0,0,0
"POINT (7.153610891000028 51.240564653000035)",Unfall 251241 (2019) Kat:3, Licht: 0,251241,3,5,3,10,10,2,0,0,0,1,0,0,0,1
"POINT (7.149746028000038 51.245577458000071)",Unfall 251326 (2019) Kat:3, Licht: 0,251326,3,7,5,10,11,7,0,0,0,1,0,1,0,0
"POINT (7.195162060000030 51.243420703000027)",Unfall 251540 (2019) Kat:3, Licht: 2,251540,3,4,0,10,20,5,0,2,0,1,1,0,0,0
"POINT (7.182402043000025 51.262174167000069)",Unfall 251541 (2019) Kat:2, Licht: 0,251541,2,4,6,10,14,5,0,0,0,1,1,0,0,0
"POINT (7.222660715000075 51.276503941000044)",Unfall 251543 (2019) Kat:3, Licht: 2,251543,3,7,0,10,19,5,0,2,0,1,1,0,0,0
"POINT (7.137657123000054 51.252354813000068)",Unfall 251544 (2019) Kat:3, Licht: 2,251544,3,7,5,10,17,5,0,2,0,1,0,0,0,1
"POINT (7.202695432000041 51.215311543000041)",Unfall 251545 (2019) Kat:3, Licht: 0,251545,3,3,5,10,07,5,2,0,0,1,0,0,0,0
"POINT (7.198641777000034 51.269594470000072)",Unfall 251625 (2019) Kat:3, Licht: 0,251625,3,4,0,10,14,4,0,0,0,1,1,0,0,0
"POINT (7.099680758000034 51.245930562000069)",Unfall 251626 (2019) Kat:3, Licht: 2,251626,3,3,5,10,20,4,0,2,0,1,0,1,0,0
"POINT (7.136284771000021 51.253744516000040)",Unfall 251627 (2019) Kat:3, Licht: 2,251627,3,1,0,10,00,4,0,2,0,0,0,1,0,0
"POINT (7.120980321000047 51.248842541000045)",Unfall 251694 (2019) Kat:3, Licht: 0,251694,3,1,8,11,12,4,0,0,0,1,0,0,0,0
"POINT (7.132501546000071 51.262223594000034)",Unfall 251795 (2019) Kat:3, Licht: 1,251795,3,3,5,11,07,3,1,1,0,1,0,0,0,1
"POINT (7.182947986000045 51.277382028000034)",Unfall 251890 (2019) Kat:3, Licht: 2,251890,3,4,6,11,17,2,0,2,0,0,1,0,0,1
"POINT (7.208981679000033 51.284121347000053)",Unfall 251891 (2019) Kat:3, Licht: 0,251891,3,4,6,11,13,2,1,0,0,1,1,0,0,0
"POINT (7.224036583000043 51.267073202000063)",Unfall 251960 (2019) Kat:2, Licht: 2,251960,2,2,5,11,18,1,0,2,0,0,0,1,0,1
"POINT (7.251938144000064 51.277342989000033)",Unfall 252002 (2019) Kat:3, Licht: 0,252002,3,7,5,11,11,7,1,0,1,1,0,0,0,0
"POINT (7.149924292000037 51.258218872000043)",Unfall 252082 (2019) Kat:3, Licht: 2,252082,3,7,6,11,20,6,0,2,0,1,1,0,0,0
"POINT (7.192662042000052 51.277691601000072)",Unfall 252118 (2019) Kat:3, Licht: 0,252118,3,3,5,11,13,2,0,0,0,1,0,0,0,0
"POINT (7.195435878000069 51.235035411000069)",Unfall 252129 (2019) Kat:3, Licht: 2,252129,3,3,5,11,18,2,1,2,0,1,0,0,0,0
"POINT (7.194099679000033 51.245340287000033)",Unfall 252206 (2019) Kat:3, Licht: 2,252206,3,2,6,11,06,5,0,2,0,1,1,0,0,0
"POINT (7.161446607000073 51.267158106000068)",Unfall 252543 (2019) Kat:2, Licht: 2,252543,2,2,6,11,07,2,1,2,0,1,1,0,0,0
"POINT (7.173942907000026 51.286827034000055)",Unfall 252544 (2019) Kat:3, Licht: 1,252544,3,6,2,11,06,2,1,1,0,1,0,0,0,0
"POINT (7.182523300000071 51.281697436000059)",Unfall 252545 (2019) Kat:3, Licht: 1,252545,3,7,0,11,07,2,1,1,0,1,0,0,0,1
"POINT (7.208603212000071 51.279752385000052)",Unfall 252691 (2019) Kat:3, Licht: 0,252691,3,7,0,11,08,7,0,0,1,1,0,0,0,1
"POINT (7.097504831000038 51.238876977000075)",Unfall 252692 (2019) Kat:3, Licht: 0,252692,3,6,8,11,12,7,0,0,0,1,1,0,0,0
"POINT (7.215969326000050 51.275587699000027)",Unfall 252748 (2019) Kat:3, Licht: 0,252748,3,2,6,11,11,6,0,0,0,0,1,0,0,1
"POINT (7.148271011000077 51.260475136000082)",Unfall 252749 (2019) Kat:2, Licht: 2,252749,2,1,9,11,19,6,0,2,0,1,0,0,0,0
"POINT (7.192927443000031 51.278538425000079)",Unfall 252903 (2019) Kat:3, Licht: 0,252903,3,7,6,11,15,4,0,0,0,1,1,0,0,0
"POINT (7.225509046000070 51.268619677000061)",Unfall 253068 (2019) Kat:3, Licht: 2,253068,3,2,4,11,07,3,1,2,0,1,0,0,0,1
"POINT (7.210370732000058 51.270863438000049)",Unfall 253122 (2019) Kat:3, Licht: 0,253122,3,3,0,11,09,1,0,0,0,1,0,1,0,0
"POINT (7.192804549000073 51.272148166000079)",Unfall 253136 (2019) Kat:2, Licht: 0,253136,2,4,6,11,12,2,0,0,0,1,1,0,0,0
"POINT (7.216161778000071 51.294369024000048)",Unfall 253137 (2019) Kat:3, Licht: 0,253137,3,5,1,11,13,2,0,0,0,1,0,0,0,0
"POINT (7.135076928000046 51.206683563000070)",Unfall 253138 (2019) Kat:3, Licht: 1,253138,3,7,6,11,06,2,0,1,0,1,1,0,0,0
"POINT (7.197159087000046 51.244099332000076)",Unfall 253212 (2019) Kat:3, Licht: 0,253212,3,7,7,12,14,1,0,0,1,0,0,0,0,1
"POINT (7.177765355000076 51.263323083000046)",Unfall 253213 (2019) Kat:2, Licht: 2,253213,2,7,0,12,02,1,1,2,0,1,0,0,0,0
"POINT (7.068523526000035 51.235130878000064)",Unfall 253345 (2019) Kat:3, Licht: 2,253345,3,3,5,11,21,6,0,2,0,1,0,0,0,0
"POINT (7.201924845000065 51.293901603000052)",Unfall 253409 (2019) Kat:3, Licht: 1,253409,3,4,6,12,07,2,0,1,0,1,1,0,0,0
"POINT (7.222989463000033 51.275272797000071)",Unfall 253435 (2019) Kat:3, Licht: 2,253435,3,2,6,11,17,5,1,2,0,1,1,0,0,0
"POINT (7.203580358000068 51.274411324000027)",Unfall 253436 (2019) Kat:3, Licht: 2,253436,3,2,6,11,17,5,1,2,0,1,1,0,0,0
"POINT (7.075464441000065 51.230864043000054)",Unfall 253437 (2019) Kat:3, Licht: 2,253437,3,2,6,11,17,5,1,2,0,1,1,0,0,0
"POINT (7.194948368000041 51.273904558000027)",Unfall 253454 (2019) Kat:2, Licht: 0,253454,2,3,5,12,12,5,0,0,0,1,0,1,0,0
"POINT (7.152610066000023 51.211875578000047)",Unfall 253529 (2019) Kat:3, Licht: 0,253529,3,3,5,12,08,4,1,0,0,1,1,1,0,0
"POINT (7.146467402000042 51.260040855000057)",Unfall 253531 (2019) Kat:3, Licht: 0,253531,3,7,1,12,12,4,0,0,0,1,0,0,0,0