WKT,Name,OBJECTID,UKATEGORIE,UTYP1,UART,UMONAT,USTUNDE,UWOCHENTAG,STRZUSTAND,ULICHTVERH,ISTRAD,ISTPKW,ISTFUSS,ISTKRAD,ISTGKFZ,ISTSONSTIG
"POINT (7.086078404000034 51.237281152000037)",Unfall 253532 (2019) Kat:3, Licht: 0,253532,3,7,6,12,15,4,0,0,0,1,1,0,0,0
"POINT (7.130817247000039 51.251830453000082)",Unfall 253630 (2019) Kat:3, Licht: 1,253630,3,7,6,12,17,3,1,1,0,1,1,0,0,0
"POINT (7.259381478000023 51.278831529000058)",Unfall 253631 (2019) Kat:3, Licht: 0,253631,3,5,1,12,09,3,1,0,0,1,0,0,0,0
"POINT (7.107528417000026 51.241019146000042)",Unfall 253632 (2019) Kat:3, Licht: 0,253632,3,3,5,12,15,3,1,0,0,1,0,0,0,0
"POINT (7.148360321000041 51.250918355000067)",Unfall 253633 (2019) Kat:3, Licht: 0,253633,3,2,5,12,08,3,1,0,0,1,0,1,0,0
"POINT (7.196402356000021 51.229040072000032)",Unfall 253782 (2019) Kat:3, Licht: 2,253782,3,2,6,12,16,7,0,2,0,1,1,0,0,0
"POINT (7.087031809000052 51.234863982000036)",Unfall 253872 (2019) Kat:3, Licht: 1,253872,3,6,2,12,15,6,1,1,0,1,0,0,0,0
"POINT (7.131466239000076 51.200382201000082)",Unfall 253942 (2019) Kat:3, Licht: 0,253942,3,1,8,12,09,2,1,0,0,1,0,0,0,0
"POINT (7.122809166000025 51.273942577000071)",Unfall 253964 (2019) Kat:3, Licht: 0,253964,3,3,5,12,13,5,0,0,0,1,0,0,0,0
"POINT (7.209663216000024 51.269937757000037)",Unfall 254012 (2019) Kat:2, Licht: 0,254012,2,2,6,12,15,4,1,0,0,1,1,0,0,0
"POINT (7.138930751000032 51.254611981000039)",Unfall 254013 (2019) Kat:3, Licht: 2,254013,3,4,6,12,18,4,1,2,0,1,1,0,0,0
"POINT (7.225493113000027 51.283651733000056)",Unfall 254137 (2019) Kat:2, Licht: 2,254137,2,2,6,12,07,3,2,2,0,1,1,0,0,0
"POINT (7.144878155000072 51.280889161000061)",Unfall 254138 (2019) Kat:3, Licht: 0,254138,3,4,6,12,08,3,1,0,0,1,1,0,0,0
"POINT (7.061372343000073 51.224258619000068)",Unfall 254139 (2019) Kat:3, Licht: 2,254139,3,2,6,12,07,3,0,2,0,1,1,0,0,0
"POINT (7.183273558000053 51.263220650000051)",Unfall 254248 (2019) Kat:3, Licht: 1,254248,3,2,0,12,07,2,0,1,0,1,1,0,0,0
"POINT (7.144423959000051 51.255923409000047)",Unfall 254249 (2019) Kat:3, Licht: 0,254249,3,4,7,12,10,2,0,0,0,1,1,0,0,0
"POINT (7.106029387000035 51.242304422000075)",Unfall 254250 (2019) Kat:3, Licht: 0,254250,3,7,6,12,08,2,1,0,0,1,1,0,0,0
"POINT (7.097276921000059 51.238695965000034)",Unfall 254251 (2019) Kat:3, Licht: 0,254251,3,7,6,12,10,2,0,0,0,1,1,0,0,0
"POINT (7.208410696000044 51.269751330000076)",Unfall 254338 (2019) Kat:3, Licht: 0,254338,3,3,5,12,10,7,1,0,0,1,0,1,0,0
"POINT (7.173107417000040 51.273504937000041)",Unfall 254340 (2019) Kat:2, Licht: 1,254340,2,4,6,12,16,7,1,1,0,1,1,0,0,0
"POINT (7.224239825000041 51.275737409000044)",Unfall 254567 (2019) Kat:2, Licht: 0,254567,2,2,6,12,12,5,0,0,0,0,1,0,1,0
"POINT (7.199720934000027 51.256445006000035)",Unfall 254568 (2019) Kat:2, Licht: 0,254568,2,3,5,12,14,5,0,0,0,1,0,0,0,1
"POINT (7.181070955000052 51.285183135000068)",Unfall 254570 (2019) Kat:3, Licht: 2,254570,3,3,5,12,06,5,1,2,1,1,0,0,0,0
"POINT (7.127946076000058 51.279164799000057)",Unfall 254571 (2019) Kat:3, Licht: 0,254571,3,6,4,12,14,5,0,0,0,1,0,0,0,0
"POINT (7.150769619000073 51.256134079000049)",Unfall 254681 (2019) Kat:2, Licht: 2,254681,2,7,9,12,17,4,0,2,0,0,0,1,0,0
"POINT (7.217072161000033 51.281245178000063)",Unfall 254687 (2019) Kat:3, Licht: 2,254687,3,4,6,12,07,6,0,2,0,1,1,0,0,0
"POINT (7.054014154000072 51.210807653000074)",Unfall 254690 (2019) Kat:3, Licht: 1,254690,3,6,2,12,08,6,1,1,0,1,0,0,0,0
"POINT (7.219931349000035 51.281532604000063)",Unfall 254738 (2019) Kat:2, Licht: 2,254738,2,2,5,12,17,3,0,2,0,1,0,1,0,0
"POINT (7.208984681000061 51.283297110000035)",Unfall 254907 (2019) Kat:3, Licht: 0,254907,3,6,2,12,11,2,1,0,0,1,0,0,0,0
"POINT (7.212007035000056 51.270341673000075)",Unfall 254955 (2019) Kat:3, Licht: 0,254955,3,3,5,12,10,1,1,0,0,1,0,0,0,0
"POINT (7.192453013000034 51.268938059000050)",Unfall 254986 (2019) Kat:3, Licht: 0,254986,3,4,6,12,12,7,0,0,0,1,1,0,0,0
"POINT (7.181930163000061 51.261345497000036)",Unfall 254987 (2019) Kat:3, Licht: 2,254987,3,7,6,12,21,7,0,2,1,0,1,0,0,0
"POINT (7.174370843000077 51.262071024000079)",Unfall 73560 (2020) Kat:3, Licht: 2,73560,3,6,2,01,21,5,1,2,0,1,0,0,0,0
"POINT (7.150209938000046 51.256817816000080)",Unfall 73561 (2020) Kat:3, Licht: 0,73561,3,6,3,01,12,5,0,0,0,1,0,0,0,1
"POINT (7.256963533000032 51.273872588000074)",Unfall 73584 (2020) Kat:3, Licht: 0,73584,3,1,1,01,13,5,1,0,0,1,0,0,1,0
"POINT (7.190997616000061 51.275351461000071)",Unfall 73847 (2020) Kat:3, Licht: 0,73847,3,6,2,01,13,3,1,0,0,1,0,0,0,1
"POINT (7.164454696000064 51.272480344000030)",Unfall 73935 (2020) Kat:3, Licht: 2,73935,3,6,3,01,22,4,1,2,0,1,0,0,1,0
"POINT (7.197887157000025 51.269815225000059)",Unfall 73963 (2020) Kat:3, Licht: 0,73963,3,6,1,01,13,3,0,0,0,1,0,0,0,1
"POINT (7.217847972000072 51.275201406000065)",Unfall 74006 (2020) Kat:3, Licht: 0,74006,3,3,5,01,16,6,1,0,0,1,0,0,0,0
"POINT (7.166341585000055 51.258388950000040)",Unfall 74007 (2020) Kat:3, Licht: 0,74007,3,6,2,01,11,6,1,0,0,1,0,0,0,0
"POINT (7.186404178000032 51.265795826000044)",Unfall 74142 (2020) Kat:3, Licht: 1,74142,3,5,0,01,17,4,1,1,0,1,0,1,0,0
"POINT (7.128423831000021 51.267952265000076)",Unfall 74153 (2020) Kat:3, Licht: 0,74153,3,7,2,01,16,4,1,0,0,1,0,0,0,0
"POINT (7.081305076000035 51.234712089000027)",Unfall 74165 (2020) Kat:3, Licht: 0,74165,3,3,5,01,14,5,1,0,0,1,0,0,0,0
"POINT (7.101444469000057 51.254459453000038)",Unfall 74344 (2020) Kat:3, Licht: 0,74344,3,5,1,01,16,6,1,0,0,1,0,0,0,0
"POINT (7.103854499000022 51.251662698000075)",Unfall 74429 (2020) Kat:3, Licht: 2,74429,3,5,1,01,22,3,0,2,0,1,0,0,0,0
"POINT (7.165676388000065 51.272772789000044)",Unfall 74607 (2020) Kat:3, Licht: 2,74607,3,1,8,01,23,4,1,2,0,1,0,0,0,0
"POINT (7.222966617000054 51.271169553000050)",Unfall 74852 (2020) Kat:3, Licht: 0,74852,3,5,3,01,10,7,1,0,0,1,0,0,0,0
"POINT (7.197699381000064 51.270013864000077)",Unfall 74996 (2020) Kat:3, Licht: 2,74996,3,5,1,01,05,5,1,2,0,1,0,0,0,0
"POINT (7.207327587000066 51.282043360000046)",Unfall 75000 (2020) Kat:3, Licht: 0,75000,3,7,6,01,12,7,1,0,0,1,1,0,0,0
"POINT (7.246634882000024 51.310010449000060)",Unfall 75107 (2020) Kat:3, Licht: 0,75107,3,6,2,01,14,3,0,0,0,1,0,0,1,0
"POINT (7.182717063000041 51.264690696000059)",Unfall 75116 (2020) Kat:3, Licht: 0,75116,3,6,3,01,14,3,0,0,0,1,0,0,0,1
"POINT (7.137861554000040 51.250524862000077)",Unfall 75119 (2020) Kat:3, Licht: 2,75119,3,7,6,01,18,3,0,2,0,1,1,0,0,0
"POINT (7.139510039000072 51.210456781000062)",Unfall 75124 (2020) Kat:3, Licht: 0,75124,3,3,5,01,09,3,0,0,1,1,0,0,0,0
"POINT (7.234884831000045 51.277000650000048)",Unfall 75199 (2020) Kat:2, Licht: 1,75199,2,6,2,01,16,5,0,1,0,1,0,0,0,1
"POINT (7.262876111000026 51.255382986000029)",Unfall 75363 (2020) Kat:2, Licht: 2,75363,2,1,4,01,17,5,1,2,0,1,0,0,0,0
"POINT (7.150837490000072 51.256075142000043)",Unfall 75440 (2020) Kat:3, Licht: 0,75440,3,6,3,01,16,5,0,0,0,1,0,0,0,1
"POINT (7.130549321000046 51.265349850000064)",Unfall 75452 (2020) Kat:3, Licht: 0,75452,3,6,2,01,12,4,1,0,0,1,0,0,0,0
"POINT (7.225974568000027 51.252526051000075)",Unfall 75472 (2020) Kat:3, Licht: 0,75472,3,6,3,01,13,3,1,0,0,1,0,0,1,0
"POINT (7.189114553000024 51.243312719000073)",Unfall 75490 (2020) Kat:2, Licht: 0,75490,2,1,9,01,12,1,1,0,0,1,0,0,0,0
"POINT (7.248856567000075 51.312571654000067)",Unfall 75502 (2020) Kat:3, Licht: 0,75502,3,3,5,01,12,4,1,0,0,1,0,0,0,0
"POINT (7.129900330000055 51.265183088000072)",Unfall 75596 (2020) Kat:3, Licht: 0,75596,3,6,2,01,14,3,1,0,0,1,0,0,0,0
"POINT (7.148491934000049 51.257920370000079)",Unfall 75644 (2020) Kat:3, Licht: 0,75644,3,6,2,01,15,2,1,0,0,1,0,0,1,0
"POINT (7.096150712000053 51.245958744000063)",Unfall 75652 (2020) Kat:2, Licht: 1,75652,2,1,8,01,07,7,0,1,0,1,0,0,0,0
"POINT (7.222148479000055 51.271246023000060)",Unfall 75669 (2020) Kat:3, Licht: 0,75669,3,4,6,01,14,4,1,0,0,1,1,0,0,0
"POINT (7.235707913000056 51.277198920000046)",Unfall 75810 (2020) Kat:3, Licht: 1,75810,3,6,2,01,16,2,1,1,0,1,0,0,0,0
"POINT (7.178635216000032 51.272856901000068)",Unfall 75822 (2020) Kat:2, Licht: 0,75822,2,4,6,01,13,6,0,0,0,1,1,0,0,0
"POINT (7.226512798000044 51.253401645000054)",Unfall 75843 (2020) Kat:3, Licht: 0,75843,3,6,0,01,13,3,1,0,0,1,0,0,0,1
"POINT (7.205564853000055 51.270392724000033)",Unfall 75984 (2020) Kat:3, Licht: 2,75984,3,3,5,01,17,6,0,2,1,1,0,0,0,0
"POINT (7.175849219000043 51.257502728000077)",Unfall 75990 (2020) Kat:2, Licht: 2,75990,2,3,5,01,06,6,1,2,1,1,0,0,0,0
"POINT (7.258468996000033 51.312566734000029)",Unfall 76123 (2020) Kat:2, Licht: 0,76123,2,7,3,01,08,6,0,0,0,1,0,0,0,0
"POINT (7.223420576000024 51.271126995000031)",Unfall 76190 (2020) Kat:3, Licht: 0,76190,3,2,6,02,15,2,1,0,0,1,1,0,0,0
"POINT (7.228607847000035 51.304443939000066)",Unfall 76255 (2020) Kat:2, Licht: 0,76255,2,1,8,02,14,1,1,0,0,1,0,0,0,0
"POINT (7.216951666000057 51.274969570000053)",Unfall 76290 (2020) Kat:3, Licht: 1,76290,3,6,5,01,16,5,1,1,0,1,0,0,0,0
"POINT (7.209976209000047 51.235838818000047)",Unfall 76294 (2020) Kat:3, Licht: 2,76294,3,6,2,01,17,5,1,2,0,1,0,1,0,0
"POINT (7.038192947000027 51.248919769000054)",Unfall 76296 (2020) Kat:3, Licht: 1,76296,3,6,2,01,07,5,1,1,0,1,0,0,0,0
"POINT (7.198884604000057 51.288369984000042)",Unfall 76435 (2020) Kat:3, Licht: 0,76435,3,6,2,02,16,6,0,0,0,1,0,0,0,0
"POINT (7.167018519000067 51.239568100000042)",Unfall 76442 (2020) Kat:3, Licht: 2,76442,3,1,2,02,06,2,1,2,0,1,0,0,0,0
"POINT (7.148183222000057 51.259128891000046)",Unfall 76464 (2020) Kat:3, Licht: 2,76464,3,3,5,02,23,7,1,2,0,1,0,0,0,0
"POINT (7.191547875000026 51.279731872000070)",Unfall 76519 (2020) Kat:3, Licht: 0,76519,3,5,8,02,15,6,0,0,0,1,0,0,0,0
"POINT (7.151519980000046 51.258874131000027)",Unfall 76557 (2020) Kat:2, Licht: 0,76557,2,4,6,02,17,5,0,0,0,1,1,0,0,0
"POINT (7.162440734000029 51.271906850000050)",Unfall 76560 (2020) Kat:3, Licht: 0,76560,3,1,9,02,10,2,1,0,0,1,0,0,0,0
"POINT (7.199168804000067 51.237484590000065)",Unfall 76669 (2020) Kat:3, Licht: 0,76669,3,6,2,02,12,2,0,0,0,1,0,0,1,0
"POINT (7.235932648000073 51.235300866000046)",Unfall 76745 (2020) Kat:3, Licht: 0,76745,3,6,2,02,15,6,0,0,0,1,0,0,0,0
"POINT (7.147283156000071 51.265209753000079)",Unfall 76887 (2020) Kat:3, Licht: 2,76887,3,6,1,02,17,3,1,2,0,1,0,0,0,0
"POINT (7.167967453000074 51.259555774000034)",Unfall 76888 (2020) Kat:3, Licht: 0,76888,3,3,5,02,08,2,1,0,0,1,0,0,0,0
"POINT (7.208154021000041 51.273706195000045)",Unfall 76930 (2020) Kat:3, Licht: 0,76930,3,6,2,02,11,5,1,0,0,1,0,0,1,0
"POINT (7.149060991000056 51.259088096000028)",Unfall 77019 (2020) Kat:3, Licht: 0,77019,3,2,5,02,14,4,0,0,1,1,0,0,0,0
"POINT (7.155819448000045 51.262855120000040)",Unfall 77037 (2020) Kat:3, Licht: 2,77037,3,3,5,02,20,5,1,2,0,1,0,0,0,0
"POINT (7.148491517000025 51.270515976000070)",Unfall 77089 (2020) Kat:3, Licht: 0,77089,3,6,2,02,17,5,1,0,0,1,0,0,0,0
"POINT (7.151852059000021 51.224187174000065)",Unfall 77353 (2020) Kat:3, Licht: 0,77353,3,2,5,02,07,6,1,0,0,1,0,1,0,0
"POINT (7.152923751000060 51.258659839000074)",Unfall 77446 (2020) Kat:3, Licht: 2,77446,3,2,6,02,21,1,1,2,0,1,1,0,0,0
"POINT (7.232866805000072 51.262442921000059)",Unfall 77508 (2020) Kat:3, Licht: 2,77508,3,1,9,02,21,5,1,2,0,1,0,0,0,0
"POINT (7.153517819000058 51.259431904000053)",Unfall 77567 (2020) Kat:3, Licht: 0,77567,3,6,2,02,16,5,1,0,0,1,0,1,0,0
"POINT (7.199961551000058 51.270111097000040)",Unfall 77701 (2020) Kat:3, Licht: 0,77701,3,6,1,02,12,5,1,0,0,1,0,0,1,0
"POINT (7.153148960000067 51.258923521000042)",Unfall 77763 (2020) Kat:3, Licht: 0,77763,3,5,6,02,13,5,0,0,1,0,1,0,0,0
"POINT (7.208542559000023 51.284840705000079)",Unfall 77857 (2020) Kat:3, Licht: 0,77857,3,3,5,02,13,2,1,0,0,1,0,0,0,1
"POINT (7.050026775000049 51.210972246000040)",Unfall 77883 (2020) Kat:3, Licht: 0,77883,3,6,2,02,14,5,1,0,0,1,0,0,0,0
"POINT (7.163682155000060 51.257053110000072)",Unfall 77964 (2020) Kat:3, Licht: 2,77964,3,6,2,02,21,4,1,2,0,1,0,0,0,0
"POINT (7.172318456000028 51.261427259000072)",Unfall 77989 (2020) Kat:3, Licht: 2,77989,3,7,0,02,21,1,1,2,0,0,1,0,0,1
"POINT (7.150485291000052 51.217663219000030)",Unfall 77991 (2020) Kat:3, Licht: 0,77991,3,2,6,02,17,1,1,0,0,1,1,0,0,0
"POINT (7.151728852000076 51.270122564000076)",Unfall 78108 (2020) Kat:3, Licht: 2,78108,3,1,9,02,00,5,1,2,0,1,0,0,0,0
"POINT (7.150209197000038 51.256993938000051)",Unfall 78168 (2020) Kat:3, Licht: 2,78168,3,4,6,03,19,2,1,2,0,1,1,0,0,0
"POINT (7.178374104000056 51.270474523000075)",Unfall 78312 (2020) Kat:3, Licht: 2,78312,3,5,1,02,21,7,0,2,0,1,0,0,0,0
"POINT (7.177551669000025 51.263071615000058)",Unfall 78384 (2020) Kat:3, Licht: 1,78384,3,3,5,02,17,5,1,1,0,1,0,0,0,0
"POINT (7.198187036000036 51.259394540000073)",Unfall 78390 (2020) Kat:2, Licht: 0,78390,2,1,4,02,10,5,1,0,0,1,0,0,1,0
"POINT (7.154041820000032 51.235012617000052)",Unfall 78394 (2020) Kat:3, Licht: 0,78394,3,3,5,02,16,5,1,0,0,1,0,0,0,0
"POINT (7.226437460000057 51.244626076000031)",Unfall 78436 (2020) Kat:2, Licht: 2,78436,2,1,0,02,21,6,1,2,0,1,0,0,0,0
"POINT (7.181502379000051 51.266421549000029)",Unfall 78455 (2020) Kat:3, Licht: 0,78455,3,3,5,02,13,6,0,0,0,1,0,0,0,0
"POINT (7.108716560000062 51.248280162000071)",Unfall 78519 (2020) Kat:3, Licht: 0,78519,3,6,2,02,17,6,0,0,0,1,0,0,0,0
"POINT (7.106872254000052 51.252744026000073)",Unfall 78641 (2020) Kat:3, Licht: 2,78641,3,1,9,03,18,5,1,2,0,1,0,0,0,0
"POINT (7.139598156000034 51.261526050000043)",Unfall 78656 (2020) Kat:3, Licht: 2,78656,3,4,6,03,06,3,1,2,0,1,1,0,0,0
"POINT (7.114584057000059 51.233953395000071)",Unfall 78733 (2020) Kat:3, Licht: 0,78733,3,1,8,03,15,7,0,0,0,1,0,0,0,0
"POINT (7.150966705000030 51.274332558000026)",Unfall 78794 (2020) Kat:1, Licht: 0,78794,1,4,6,03,12,6,1,0,0,1,1,0,0,0
"POINT (7.143721890000052 51.245161368000026)",Unfall 78815 (2020) Kat:3, Licht: 2,78815,3,3,5,03,21,7,0,2,0,1,0,0,0,0
"POINT (7.047413208000023 51.210054347000039)",Unfall 78909 (2020) Kat:3, Licht: 2,78909,3,6,2,03,18,3,0,2,0,1,0,0,0,0
"POINT (7.186371296000061 51.291725592000034)",Unfall 79070 (2020) Kat:3, Licht: 2,79070,3,3,5,03,21,6,1,2,0,1,0,0,0,0
"POINT (7.104527947000065 51.253469861000042)",Unfall 79114 (2020) Kat:3, Licht: 1,79114,3,6,1,03,19,5,0,1,0,1,0,0,0,0
"POINT (7.199970826000026 51.220051190000049)",Unfall 79122 (2020) Kat:2, Licht: 0,79122,2,1,4,03,14,3,1,0,0,1,0,0,0,0
"POINT (7.131349878000037 51.263857137000059)",Unfall 79126 (2020) Kat:3, Licht: 0,79126,3,7,5,03,16,3,1,0,0,1,0,0,0,0
"POINT (7.125476428000070 51.263647986000080)",Unfall 79158 (2020) Kat:3, Licht: 0,79158,3,6,2,03,17,5,0,0,0,1,0,0,0,0
"POINT (7.217830394000032 51.275200237000035)",Unfall 79257 (2020) Kat:3, Licht: 0,79257,3,4,0,03,11,6,1,0,0,1,1,0,0,0
"POINT (7.197285214000033 51.269516385000031)",Unfall 79302 (2020) Kat:3, Licht: 0,79302,3,6,2,03,07,5,1,0,0,1,0,0,0,0
"POINT (7.130351005000023 51.265653674000077)",Unfall 79346 (2020) Kat:3, Licht: 0,79346,3,6,2,03,13,6,0,0,0,1,0,0,0,0
"POINT (7.162821963000056 51.299982075000059)",Unfall 79513 (2020) Kat:3, Licht: 0,79513,3,7,2,03,14,4,0,0,0,1,0,1,0,0
"POINT (7.133729322000022 51.253065697000068)",Unfall 79665 (2020) Kat:3, Licht: 0,79665,3,6,1,03,16,3,0,0,0,1,0,0,0,0
"POINT (7.186328781000043 51.265777409000066)",Unfall 79708 (2020) Kat:3, Licht: 0,79708,3,6,7,03,19,4,0,0,0,1,0,0,0,0
"POINT (7.147601380000026 51.261591256000031)",Unfall 79948 (2020) Kat:3, Licht: 0,79948,3,1,2,03,17,5,0,0,0,1,0,1,0,0
"POINT (7.230267239000057 51.272873590000074)",Unfall 79979 (2020) Kat:3, Licht: 0,79979,3,5,1,03,15,2,0,0,0,1,0,0,0,0
"POINT (7.156445220000023 51.264100315000064)",Unfall 79982 (2020) Kat:3, Licht: 0,79982,3,5,3,03,13,2,0,0,0,1,0,1,0,0
"POINT (7.171372361000067 51.261127440000053)",Unfall 80028 (2020) Kat:3, Licht: 2,80028,3,1,1,03,22,7,0,2,0,1,0,0,0,0
"POINT (7.196705508000036 51.270111298000074)",Unfall 80105 (2020) Kat:3, Licht: 0,80105,3,6,2,03,12,4,0,0,0,1,0,0,0,0
"POINT (7.132476006000047 51.206553603000032)",Unfall 80120 (2020) Kat:3, Licht: 0,80120,3,7,0,03,10,2,0,0,0,1,1,0,0,0
"POINT (7.143299839000065 51.247205477000080)",Unfall 80129 (2020) Kat:3, Licht: 0,80129,3,6,2,03,12,7,0,0,0,1,0,0,0,0
"POINT (7.149166303000072 51.257394684000076)",Unfall 80187 (2020) Kat:3, Licht: 0,80187,3,2,4,03,16,1,1,0,0,1,0,0,0,0
"POINT (7.124800227000037 51.249507485000038)",Unfall 80252 (2020) Kat:3, Licht: 0,80252,3,2,3,03,15,1,0,0,0,1,0,1,0,0
"POINT (7.222318762000043 51.275433393000071)",Unfall 80340 (2020) Kat:2, Licht: 0,80340,2,6,2,03,18,7,0,0,0,1,0,0,0,0
"POINT (7.093507259000035 51.237322998000081)",Unfall 80507 (2020) Kat:3, Licht: 0,80507,3,6,3,04,16,1,0,0,0,1,0,0,0,0
"POINT (7.228329329000076 51.274105488000032)",Unfall 80557 (2020) Kat:3, Licht: 0,80557,3,6,0,04,16,2,0,0,0,1,0,0,0,1
"POINT (7.192559446000075 51.248581871000056)",Unfall 80593 (2020) Kat:3, Licht: 0,80593,3,2,4,04,17,7,0,0,0,1,0,1,0,0
"POINT (7.124727246000020 51.263631192000048)",Unfall 80624 (2020) Kat:3, Licht: 0,80624,3,6,2,04,18,2,0,0,0,1,0,0,0,0
"POINT (7.163203466000027 51.278745221000065)",Unfall 80651 (2020) Kat:3, Licht: 0,80651,3,2,5,04,14,1,0,0,0,1,0,0,0,0
"POINT (7.212590506000026 51.271660614000041)",Unfall 80665 (2020) Kat:3, Licht: 0,80665,3,6,2,04,08,2,0,0,0,1,0,0,0,0
"POINT (7.212507961000028 51.271548022000047)",Unfall 80713 (2020) Kat:2, Licht: 0,80713,2,7,0,04,14,6,0,0,1,0,0,0,0,0
"POINT (7.098982708000051 51.247737328000028)",Unfall 80776 (2020) Kat:3, Licht: 0,80776,3,6,2,04,14,3,0,0,0,1,0,0,0,0
"POINT (7.126518890000057 51.175737658000060)",Unfall 80833 (2020) Kat:3, Licht: 0,80833,3,7,3,04,14,4,0,0,0,1,0,0,0,0
"POINT (7.126328451000063 51.250214557000049)",Unfall 80891 (2020) Kat:2, Licht: 2,80891,2,1,0,04,22,5,0,2,0,0,0,1,0,0
"POINT (7.152975683000022 51.202599326000040)",Unfall 81168 (2020) Kat:2, Licht: 0,81168,2,1,8,04,10,3,0,0,0,0,0,0,0,1
"POINT (7.210400441000047 51.274180245000082)",Unfall 81253 (2020) Kat:3, Licht: 0,81253,3,1,1,04,17,4,0,0,0,1,0,0,0,0
"POINT (7.153885256000024 51.270695799000066)",Unfall 81301 (2020) Kat:2, Licht: 0,81301,2,6,2,04,18,2,0,0,0,1,0,0,1,0
"POINT (7.182216111000059 51.265496405000079)",Unfall 81375 (2020) Kat:3, Licht: 0,81375,3,5,1,04,19,2,0,0,0,1,0,1,0,0
"POINT (7.139304113000037 51.210342613000080)",Unfall 81404 (2020) Kat:3, Licht: 0,81404,3,6,2,04,16,5,0,0,0,1,0,0,0,0
"POINT (7.132128024000053 51.252921069000081)",Unfall 81568 (2020) Kat:3, Licht: 0,81568,3,1,0,04,08,2,0,0,0,0,0,1,0,0
"POINT (7.195837194000035 51.237917604000074)",Unfall 81603 (2020) Kat:3, Licht: 0,81603,3,6,2,04,13,6,0,0,0,1,0,0,0,0
"POINT (7.139993620000041 51.210765181000056)",Unfall 81614 (2020) Kat:3, Licht: 0,81614,3,6,3,04,13,3,0,0,1,1,0,0,0,0
"POINT (7.083664658000032 51.234629127000062)",Unfall 81713 (2020) Kat:3, Licht: 0,81713,3,7,0,04,12,5,1,0,0,1,0,1,0,0
"POINT (7.131429516000026 51.257839178000040)",Unfall 81726 (2020) Kat:2, Licht: 0,81726,2,6,0,04,19,4,0,0,0,0,0,1,0,0
"POINT (7.143605791000027 51.243878001000041)",Unfall 81728 (2020) Kat:2, Licht: 1,81728,2,2,5,04,05,4,0,1,0,0,0,1,0,1
"POINT (7.198165985000060 51.269897836000041)",Unfall 81860 (2020) Kat:2, Licht: 0,81860,2,6,3,04,15,5,0,0,0,1,0,1,0,0
"POINT (7.179971693000027 51.242726860000062)",Unfall 81992 (2020) Kat:3, Licht: 0,81992,3,3,1,04,16,3,0,0,1,1,0,0,0,0
"POINT (7.125436314000069 51.281013877000078)",Unfall 82071 (2020) Kat:3, Licht: 0,82071,3,2,6,04,10,3,0,0,0,1,1,0,0,0
"POINT (7.130915194000068 51.264471001000061)",Unfall 82227 (2020) Kat:3, Licht: 0,82227,3,6,2,04,19,7,0,0,0,1,0,0,0,0
"POINT (7.230644325000071 51.275998110000046)",Unfall 82233 (2020) Kat:3, Licht: 0,82233,3,2,6,04,16,3,1,0,0,1,1,0,0,0
"POINT (7.181419879000032 51.266531151000038)",Unfall 82265 (2020) Kat:3, Licht: 0,82265,3,4,6,04,15,1,0,0,0,1,1,0,0,0
"POINT (7.128051123000034 51.251014106000071)",Unfall 82311 (2020) Kat:3, Licht: 0,82311,3,6,2,04,10,4,1,0,0,1,0,1,0,0
"POINT (7.204564052000023 51.271255021000059)",Unfall 82321 (2020) Kat:3, Licht: 0,82321,3,6,2,04,17,6,0,0,0,1,0,0,0,0
"POINT (7.234546383000065 51.276906439000072)",Unfall 82329 (2020) Kat:3, Licht: 0,82329,3,6,1,04,07,6,0,0,0,1,0,1,0,0
"POINT (7.168948852000028 51.280503036000027)",Unfall 82333 (2020) Kat:3, Licht: 0,82333,3,6,2,04,14,6,0,0,0,1,0,1,0,0
"POINT (7.181802497000035 51.264451775000055)",Unfall 82386 (2020) Kat:3, Licht: 2,82386,3,6,2,05,01,3,0,2,0,1,0,0,0,0
"POINT (7.202253965000068 51.226228832000061)",Unfall 82415 (2020) Kat:3, Licht: 0,82415,3,3,5,04,15,5,0,0,0,1,0,0,0,0
"POINT (7.228341036000074 51.274102343000038)",Unfall 82504 (2020) Kat:3, Licht: 0,82504,3,3,5,05,08,2,1,0,0,1,0,0,1,0
"POINT (7.180085865000024 51.274584257000072)",Unfall 82514 (2020) Kat:3, Licht: 2,82514,3,7,1,05,03,7,1,2,0,1,0,1,0,0
"POINT (7.094435302000022 51.233635636000031)",Unfall 82611 (2020) Kat:3, Licht: 0,82611,3,6,3,05,10,4,0,0,0,1,0,0,1,0
"POINT (7.153124103000039 51.258890697000027)",Unfall 82630 (2020) Kat:3, Licht: 1,82630,3,3,5,05,20,6,1,1,1,1,0,0,0,0
"POINT (7.255190987000049 51.255637532000037)",Unfall 82798 (2020) Kat:2, Licht: 0,82798,2,6,4,05,09,5,0,0,0,0,0,0,1,0
"POINT (7.142097390000060 51.212871036000081)",Unfall 82809 (2020) Kat:3, Licht: 0,82809,3,3,5,05,10,5,0,0,1,1,0,0,0,0
"POINT (7.221613167000044 51.275391963000061)",Unfall 82924 (2020) Kat:3, Licht: 2,82924,3,5,1,05,22,3,0,2,1,1,0,0,0,0
"POINT (7.163886165000065 51.285617428000080)",Unfall 82954 (2020) Kat:3, Licht: 0,82954,3,3,5,05,13,7,0,0,0,1,0,0,0,0