WKT,Name,OBJECTID,UKATEGORIE,UTYP1,UART,UMONAT,USTUNDE,UWOCHENTAG,STRZUSTAND,ULICHTVERH,ISTRAD,ISTPKW,ISTFUSS,ISTKRAD,ISTGKFZ,ISTSONSTIG
"POINT (7.152659288000052 51.270448245000068)",Unfall 83056 (2020) Kat:3, Licht: 0,83056,3,6,2,05,10,6,0,0,0,1,0,0,0,0
"POINT (7.165272438000045 51.268550511000058)",Unfall 83085 (2020) Kat:3, Licht: 0,83085,3,3,5,05,19,4,0,0,1,1,0,0,0,0
"POINT (7.080840878000061 51.234734393000053)",Unfall 83157 (2020) Kat:3, Licht: 0,83157,3,6,2,05,15,7,0,0,0,1,0,0,0,0
"POINT (7.170533892000037 51.275386413000035)",Unfall 83316 (2020) Kat:3, Licht: 2,83316,3,7,0,05,00,7,0,2,0,1,0,0,0,0
"POINT (7.221124847000056 51.275261361000048)",Unfall 83368 (2020) Kat:3, Licht: 0,83368,3,6,0,05,11,3,0,0,0,0,0,1,0,0
"POINT (7.129998930000056 51.251916094000080)",Unfall 83506 (2020) Kat:3, Licht: 0,83506,3,6,2,05,18,6,0,0,0,1,0,0,0,1
"POINT (7.118015853000031 51.262613874000067)",Unfall 83587 (2020) Kat:3, Licht: 0,83587,3,3,3,05,12,1,0,0,0,1,0,0,0,0
"POINT (7.069208523000043 51.224782065000056)",Unfall 83606 (2020) Kat:2, Licht: 1,83606,2,1,7,05,04,7,0,1,0,1,0,0,0,0
"POINT (7.150947728000062 51.256105845000036)",Unfall 83643 (2020) Kat:3, Licht: 0,83643,3,6,2,05,14,7,0,0,0,1,0,0,0,0
"POINT (7.148381581000024 51.267945994000058)",Unfall 83686 (2020) Kat:2, Licht: 0,83686,2,6,2,05,17,2,0,0,0,1,0,1,0,0
"POINT (7.075019198000064 51.233318574000066)",Unfall 83691 (2020) Kat:3, Licht: 0,83691,3,6,2,05,12,3,0,0,0,1,0,0,0,0
"POINT (7.220108577000076 51.275208681000038)",Unfall 83767 (2020) Kat:3, Licht: 0,83767,3,6,2,05,18,1,0,0,0,1,0,0,0,0
"POINT (7.070761059000063 51.221747486000027)",Unfall 83814 (2020) Kat:3, Licht: 0,83814,3,6,1,05,12,2,0,0,0,1,0,0,0,0
"POINT (7.177547589000028 51.263070288000051)",Unfall 83839 (2020) Kat:2, Licht: 0,83839,2,6,1,05,13,5,0,0,0,1,0,1,0,0
"POINT (7.153789554000070 51.258367429000032)",Unfall 83841 (2020) Kat:3, Licht: 0,83841,3,6,2,05,16,6,0,0,0,1,0,0,0,0
"POINT (7.207344236000040 51.215528005000067)",Unfall 83998 (2020) Kat:3, Licht: 2,83998,3,1,0,05,22,5,0,2,1,0,0,0,0,0
"POINT (7.160682874000031 51.296664606000036)",Unfall 84000 (2020) Kat:2, Licht: 1,84000,2,1,0,05,22,6,0,1,1,0,0,0,0,0
"POINT (7.143895026000052 51.244692414000042)",Unfall 84134 (2020) Kat:3, Licht: 0,84134,3,1,8,05,12,3,0,0,0,1,0,1,0,0
"POINT (7.124878413000033 51.249543503000041)",Unfall 84250 (2020) Kat:3, Licht: 0,84250,3,2,5,05,13,3,0,0,1,1,0,0,0,0
"POINT (7.232073021000076 51.229232599000056)",Unfall 84331 (2020) Kat:3, Licht: 0,84331,3,6,2,05,18,1,1,0,0,1,0,0,0,0
"POINT (7.128095088000066 51.268252121000046)",Unfall 84346 (2020) Kat:3, Licht: 0,84346,3,6,2,05,16,3,0,0,0,1,0,0,0,0
"POINT (7.225390948000040 51.249087186000054)",Unfall 84352 (2020) Kat:3, Licht: 0,84352,3,6,2,05,15,1,0,0,0,1,0,1,0,0
"POINT (7.202191937000066 51.270663644000081)",Unfall 84493 (2020) Kat:2, Licht: 0,84493,2,6,2,05,09,5,0,0,0,1,0,0,0,0
"POINT (7.148272031000033 51.259125298000072)",Unfall 84546 (2020) Kat:3, Licht: 0,84546,3,2,4,05,08,6,0,0,1,1,0,0,0,0
"POINT (7.151561160000028 51.274705889000074)",Unfall 84553 (2020) Kat:3, Licht: 0,84553,3,7,4,05,13,5,0,0,0,1,0,1,0,0
"POINT (7.204717023000058 51.279050496000082)",Unfall 84616 (2020) Kat:3, Licht: 0,84616,3,7,6,05,14,5,0,0,0,1,1,0,0,0
"POINT (7.176488241000072 51.262730109000074)",Unfall 84671 (2020) Kat:3, Licht: 0,84671,3,6,3,05,07,5,0,0,0,1,0,0,0,0
"POINT (7.147396151000066 51.265525165000042)",Unfall 84688 (2020) Kat:3, Licht: 1,84688,3,3,5,05,22,1,0,1,1,1,0,0,0,0
"POINT (7.128897981000023 51.205456847000050)",Unfall 84770 (2020) Kat:2, Licht: 0,84770,2,4,6,06,15,2,0,0,0,0,1,1,0,0
"POINT (7.148183222000057 51.259128891000046)",Unfall 84981 (2020) Kat:3, Licht: 0,84981,3,6,2,06,20,2,0,0,0,1,0,0,0,0
"POINT (7.225632732000065 51.251726109000060)",Unfall 84993 (2020) Kat:3, Licht: 0,84993,3,1,8,05,20,7,0,0,0,1,0,0,0,0
"POINT (7.150080116000027 51.259025144000077)",Unfall 85082 (2020) Kat:3, Licht: 0,85082,3,3,3,06,13,6,1,0,0,1,0,0,0,1
"POINT (7.165811064000025 51.272812190000082)",Unfall 85129 (2020) Kat:2, Licht: 2,85129,2,1,3,06,22,6,1,2,0,1,0,0,0,0
"POINT (7.235662398000045 51.231920441000057)",Unfall 85228 (2020) Kat:3, Licht: 0,85228,3,6,1,06,12,6,1,0,0,1,0,0,1,0
"POINT (7.223836990000052 51.275215528000047)",Unfall 85234 (2020) Kat:3, Licht: 0,85234,3,6,1,06,14,3,0,0,0,1,0,0,0,0
"POINT (7.132545406000077 51.253930762000039)",Unfall 85313 (2020) Kat:3, Licht: 0,85313,3,6,3,06,13,4,0,0,1,1,0,0,0,0
"POINT (7.210088459000076 51.271242308000069)",Unfall 85338 (2020) Kat:2, Licht: 0,85338,2,7,1,06,15,5,1,0,0,1,0,0,0,0
"POINT (7.255413520000047 51.272664283000040)",Unfall 85350 (2020) Kat:3, Licht: 0,85350,3,6,2,06,12,3,0,0,0,1,0,0,0,0
"POINT (7.068712648000030 51.220903471000042)",Unfall 85374 (2020) Kat:3, Licht: 0,85374,3,6,3,06,13,3,0,0,0,1,0,0,1,0
"POINT (7.230857760000049 51.304965231000040)",Unfall 85383 (2020) Kat:2, Licht: 0,85383,2,1,9,06,15,6,1,0,0,1,0,0,0,0
"POINT (7.168790726000054 51.273958761000074)",Unfall 85723 (2020) Kat:3, Licht: 0,85723,3,1,8,06,05,7,1,0,0,1,0,0,0,0
"POINT (7.229878907000057 51.231983423000031)",Unfall 85730 (2020) Kat:3, Licht: 0,85730,3,6,3,06,14,3,0,0,0,1,0,0,0,0
"POINT (7.136717815000054 51.253845229000035)",Unfall 85871 (2020) Kat:3, Licht: 0,85871,3,3,0,06,14,6,0,0,0,1,0,0,0,1
"POINT (7.136075446000064 51.254736088000072)",Unfall 86254 (2020) Kat:3, Licht: 0,86254,3,7,0,06,16,5,0,0,1,1,0,0,0,0
"POINT (7.223057520000054 51.275455825000051)",Unfall 86317 (2020) Kat:3, Licht: 0,86317,3,6,2,06,17,7,0,0,0,1,0,0,0,1
"POINT (7.158249227000056 51.271272503000034)",Unfall 86382 (2020) Kat:2, Licht: 0,86382,2,6,2,06,13,6,0,0,0,1,0,0,0,1
"POINT (7.173596347000057 51.284592268000040)",Unfall 86404 (2020) Kat:3, Licht: 2,86404,3,3,5,06,23,1,0,2,0,1,0,0,0,0
"POINT (7.153526308000039 51.259444777000056)",Unfall 86405 (2020) Kat:3, Licht: 0,86405,3,4,0,06,13,7,0,0,0,0,1,0,0,1
"POINT (7.218632899000056 51.271228319000045)",Unfall 86468 (2020) Kat:3, Licht: 1,86468,3,3,0,06,20,6,0,1,1,1,0,0,0,0
"POINT (7.156694698000024 51.264337604000048)",Unfall 86587 (2020) Kat:3, Licht: 0,86587,3,6,3,06,13,7,0,0,1,0,0,0,0,1
"POINT (7.051249647000020 51.252242303000060)",Unfall 86672 (2020) Kat:2, Licht: 0,86672,2,6,3,06,13,1,0,0,0,1,0,1,0,0
"POINT (7.215360795000038 51.302417959000081)",Unfall 86821 (2020) Kat:3, Licht: 0,86821,3,3,5,06,18,5,0,0,0,1,0,1,0,0
"POINT (7.146908815000074 51.254928104000044)",Unfall 86930 (2020) Kat:3, Licht: 0,86930,3,6,5,06,09,2,1,0,0,1,0,0,0,1
"POINT (7.126743140000031 51.250407033000045)",Unfall 86953 (2020) Kat:2, Licht: 0,86953,2,5,0,06,13,5,0,0,1,1,0,0,0,0
"POINT (7.131367593000050 51.258561927000073)",Unfall 86965 (2020) Kat:3, Licht: 0,86965,3,6,2,06,12,4,0,0,0,1,0,0,0,0
"POINT (7.195701333000045 51.237863510000068)",Unfall 87084 (2020) Kat:3, Licht: 0,87084,3,6,2,06,13,3,0,0,0,1,0,0,0,0
"POINT (7.156068421000043 51.257801893000078)",Unfall 87159 (2020) Kat:3, Licht: 0,87159,3,2,5,06,13,5,0,0,1,1,0,0,0,0
"POINT (7.211245776000055 51.274278526000046)",Unfall 87252 (2020) Kat:1, Licht: 0,87252,1,7,6,06,15,1,0,0,1,0,1,0,0,0
"POINT (7.114596867000046 51.249601854000048)",Unfall 87362 (2020) Kat:3, Licht: 0,87362,3,6,3,06,11,2,1,0,1,1,0,0,0,0
"POINT (7.254578774000038 51.311595407000027)",Unfall 87467 (2020) Kat:3, Licht: 0,87467,3,6,2,07,16,4,1,0,0,1,0,0,0,1
"POINT (7.165201034000063 51.272503946000029)",Unfall 87496 (2020) Kat:3, Licht: 2,87496,3,1,9,07,23,4,1,2,0,1,0,0,0,0
"POINT (7.136635209000076 51.246481704000075)",Unfall 87520 (2020) Kat:2, Licht: 0,87520,2,4,6,06,18,3,0,0,0,1,1,0,0,0
"POINT (7.141304457000047 51.261080774000050)",Unfall 87688 (2020) Kat:3, Licht: 0,87688,3,6,1,07,18,5,1,0,0,1,0,0,0,0
"POINT (7.071956145000058 51.252899107000076)",Unfall 87842 (2020) Kat:3, Licht: 0,87842,3,1,0,07,13,7,1,0,1,0,0,0,0,0
"POINT (7.102968440000041 51.241690745000028)",Unfall 87849 (2020) Kat:3, Licht: 0,87849,3,1,0,07,13,2,1,0,0,0,0,1,0,0
"POINT (7.147664135000071 51.260257147000061)",Unfall 87854 (2020) Kat:3, Licht: 0,87854,3,5,3,07,14,2,1,0,0,1,0,0,0,1
"POINT (7.133301600000038 51.265173045000040)",Unfall 88016 (2020) Kat:3, Licht: 0,88016,3,3,5,07,14,6,0,0,0,1,0,0,0,0
"POINT (7.159109348000072 51.265866655000082)",Unfall 88110 (2020) Kat:3, Licht: 0,88110,3,2,0,07,13,7,0,0,0,1,0,1,0,0
"POINT (7.132369250000068 51.253906884000060)",Unfall 88135 (2020) Kat:3, Licht: 0,88135,3,6,2,07,12,4,1,0,0,1,0,0,0,0
"POINT (7.113863067000068 51.193064562000075)",Unfall 88138 (2020) Kat:3, Licht: 0,88138,3,1,8,07,19,4,1,0,0,1,0,0,0,0
"POINT (7.248531682000021 51.312447432000056)",Unfall 88245 (2020) Kat:3, Licht: 0,88245,3,3,5,07,14,7,0,0,0,0,0,1,0,1
"POINT (7.247080009000058 51.295317033000060)",Unfall 88271 (2020) Kat:2, Licht: 0,88271,2,1,0,07,14,5,0,0,1,0,0,0,0,0
"POINT (7.208984115000021 51.283336928000040)",Unfall 88503 (2020) Kat:3, Licht: 0,88503,3,3,5,07,12,2,0,0,0,1,0,0,0,0
"POINT (7.159092873000077 51.265857397000048)",Unfall 88507 (2020) Kat:2, Licht: 0,88507,2,3,5,07,07,2,0,0,0,1,0,1,0,0
"POINT (7.087157899000033 51.227764292000074)",Unfall 88659 (2020) Kat:3, Licht: 0,88659,3,6,2,07,11,2,0,0,0,1,0,0,1,0
"POINT (7.166954788000055 51.273039372000028)",Unfall 88744 (2020) Kat:3, Licht: 0,88744,3,1,9,07,19,2,0,0,0,1,0,0,0,0
"POINT (7.208570695000049 51.284805697000081)",Unfall 88796 (2020) Kat:3, Licht: 0,88796,3,3,5,07,17,7,0,0,0,1,0,0,0,0
"POINT (7.149132745000031 51.272547860000032)",Unfall 89087 (2020) Kat:2, Licht: 2,89087,2,7,7,07,00,1,0,2,1,0,0,0,0,0
"POINT (7.214959114000067 51.235930804000077)",Unfall 89110 (2020) Kat:2, Licht: 2,89110,2,7,0,07,03,2,0,2,1,0,0,0,0,0
"POINT (7.184297786000059 51.265368033000073)",Unfall 89492 (2020) Kat:3, Licht: 0,89492,3,6,2,07,12,5,0,0,0,1,0,0,0,0
"POINT (7.201282252000056 51.270563462000041)",Unfall 89524 (2020) Kat:3, Licht: 0,89524,3,6,1,07,17,3,0,0,0,1,0,0,0,0
"POINT (7.212660905000064 51.235712842000055)",Unfall 89526 (2020) Kat:3, Licht: 0,89526,3,6,2,07,11,3,0,0,0,1,0,0,1,0
"POINT (7.147275316000048 51.264771038000049)",Unfall 89529 (2020) Kat:3, Licht: 0,89529,3,6,3,07,14,3,0,0,0,0,0,0,0,1
"POINT (7.085144001000060 51.256466199000045)",Unfall 89534 (2020) Kat:2, Licht: 0,89534,2,7,5,07,18,3,0,0,1,1,0,0,0,0
"POINT (7.174991389000070 51.262259622000045)",Unfall 89591 (2020) Kat:3, Licht: 0,89591,3,5,3,07,13,5,0,0,0,1,0,0,0,0
"POINT (7.146923002000051 51.261054985000044)",Unfall 89599 (2020) Kat:3, Licht: 0,89599,3,7,0,07,09,6,0,0,0,1,0,0,0,1
"POINT (7.151903157000049 51.270301437000057)",Unfall 89649 (2020) Kat:2, Licht: 0,89649,2,6,2,07,10,4,0,0,0,1,0,0,0,0
"POINT (7.122238049000032 51.248774450000042)",Unfall 89781 (2020) Kat:3, Licht: 2,89781,3,1,8,07,01,3,0,2,0,1,0,0,0,0
"POINT (7.151810187000024 51.224300741000036)",Unfall 89824 (2020) Kat:3, Licht: 0,89824,3,2,5,07,12,4,0,0,0,1,0,1,0,0
"POINT (7.173802761000047 51.287307495000050)",Unfall 90036 (2020) Kat:3, Licht: 0,90036,3,6,3,07,12,2,0,0,0,1,0,0,0,0
"POINT (7.136379599000065 51.262658140000042)",Unfall 90041 (2020) Kat:3, Licht: 0,90041,3,6,2,07,12,2,1,0,0,1,0,0,0,0
"POINT (7.136126406000074 51.251639268000076)",Unfall 90211 (2020) Kat:2, Licht: 0,90211,2,3,5,08,15,4,0,0,0,1,0,1,0,0
"POINT (7.153832830000056 51.256292498000050)",Unfall 90297 (2020) Kat:3, Licht: 0,90297,3,6,1,08,17,2,0,0,0,1,0,0,0,0
"POINT (7.147505227000067 51.231368798000062)",Unfall 90317 (2020) Kat:3, Licht: 0,90317,3,2,5,08,19,4,0,0,0,1,0,1,0,0
"POINT (7.176423317000058 51.262709429000040)",Unfall 90397 (2020) Kat:3, Licht: 0,90397,3,1,0,08,13,4,0,0,0,0,0,0,0,1
"POINT (7.230869531000053 51.230844554000043)",Unfall 90448 (2020) Kat:2, Licht: 0,90448,2,7,9,08,13,7,0,0,0,1,0,0,0,0
"POINT (7.211338587000057 51.274289317000068)",Unfall 90502 (2020) Kat:3, Licht: 0,90502,3,5,1,08,10,3,0,0,0,1,0,0,0,0
"POINT (7.132614461000060 51.260025973000040)",Unfall 90534 (2020) Kat:3, Licht: 0,90534,3,1,4,08,15,4,0,0,0,1,0,1,0,0
"POINT (7.127946956000073 51.264590439000074)",Unfall 90632 (2020) Kat:3, Licht: 2,90632,3,7,8,08,05,6,0,2,0,1,0,0,0,0
"POINT (7.191294032000030 51.275034693000066)",Unfall 90716 (2020) Kat:3, Licht: 0,90716,3,5,1,08,14,6,0,0,0,1,0,0,0,0
"POINT (7.165680745000032 51.239286851000031)",Unfall 90909 (2020) Kat:3, Licht: 0,90909,3,6,0,08,15,3,0,0,0,1,0,0,0,0
"POINT (7.235544893000053 51.262161820000074)",Unfall 90935 (2020) Kat:3, Licht: 0,90935,3,1,8,08,14,3,0,0,1,0,0,0,0,0
"POINT (7.143811612000036 51.248956165000038)",Unfall 91139 (2020) Kat:3, Licht: 0,91139,3,3,5,08,18,2,0,0,1,1,0,0,0,0
"POINT (7.193855284000051 51.252703655000062)",Unfall 91187 (2020) Kat:3, Licht: 0,91187,3,7,5,08,14,5,0,0,0,1,0,0,0,0
"POINT (7.139470167000070 51.261559167000030)",Unfall 91275 (2020) Kat:3, Licht: 0,91275,3,2,2,08,13,4,0,0,0,1,0,0,0,0
"POINT (7.077778509000041 51.234585172000038)",Unfall 91499 (2020) Kat:3, Licht: 0,91499,3,3,5,08,12,2,0,0,0,1,0,0,0,0
"POINT (7.113497422000023 51.193097264000073)",Unfall 91614 (2020) Kat:3, Licht: 0,91614,3,1,9,08,07,2,1,0,0,1,0,0,0,1
"POINT (7.139976968000042 51.267122973000028)",Unfall 91809 (2020) Kat:2, Licht: 0,91809,2,6,2,08,14,4,0,0,0,1,0,0,0,0
"POINT (7.167722875000038 51.285348630000044)",Unfall 91833 (2020) Kat:3, Licht: 0,91833,3,6,2,08,07,5,1,0,0,1,0,0,0,0
"POINT (7.150074835000055 51.273769302000062)",Unfall 91887 (2020) Kat:3, Licht: 0,91887,3,7,0,08,17,4,0,0,0,1,0,0,0,0
"POINT (7.159470316000068 51.257398199000079)",Unfall 91955 (2020) Kat:3, Licht: 0,91955,3,7,1,08,14,5,0,0,1,1,0,0,0,0
"POINT (7.252415407000058 51.306918447000044)",Unfall 92203 (2020) Kat:3, Licht: 0,92203,3,7,1,08,11,1,0,0,0,1,0,1,0,0
"POINT (7.070358914000053 51.241520859000047)",Unfall 92219 (2020) Kat:3, Licht: 2,92219,3,6,2,08,21,1,1,2,0,1,0,1,0,0
"POINT (7.042003425000075 51.215864223000040)",Unfall 92235 (2020) Kat:3, Licht: 0,92235,3,1,8,08,15,2,0,0,0,0,0,0,0,1
"POINT (7.176294180000070 51.262668296000072)",Unfall 92357 (2020) Kat:3, Licht: 0,92357,3,3,5,08,16,6,0,0,1,1,0,0,0,0
"POINT (7.112255473000062 51.199320547000070)",Unfall 92373 (2020) Kat:2, Licht: 2,92373,2,1,8,08,23,6,0,2,0,1,0,0,0,0
"POINT (7.184388642000045 51.278438191000077)",Unfall 92392 (2020) Kat:3, Licht: 0,92392,3,3,5,08,12,2,0,0,0,1,0,0,0,1
"POINT (7.234942855000043 51.228504811000050)",Unfall 92423 (2020) Kat:3, Licht: 0,92423,3,6,2,08,07,6,0,0,0,1,0,0,0,1
"POINT (7.192462086000035 51.249042517000078)",Unfall 92666 (2020) Kat:3, Licht: 2,92666,3,6,2,08,05,5,1,2,1,1,0,0,0,0
"POINT (7.237521114000060 51.271827921000067)",Unfall 92682 (2020) Kat:3, Licht: 0,92682,3,4,6,08,07,4,0,0,0,1,1,0,0,0
"POINT (7.165344073000028 51.257648250000045)",Unfall 92777 (2020) Kat:3, Licht: 0,92777,3,6,1,08,18,6,0,0,0,1,0,1,0,0
"POINT (7.206828472000041 51.273080910000033)",Unfall 92923 (2020) Kat:3, Licht: 0,92923,3,2,2,08,07,6,0,0,0,1,0,0,0,0
"POINT (7.151879343000076 51.270296595000048)",Unfall 92946 (2020) Kat:3, Licht: 0,92946,3,6,2,08,09,6,0,0,0,0,0,0,0,1
"POINT (7.191147487000023 51.244067839000081)",Unfall 92947 (2020) Kat:3, Licht: 0,92947,3,1,0,08,12,3,0,0,0,0,0,1,0,0
"POINT (7.100290688000030 51.237160327000026)",Unfall 93029 (2020) Kat:2, Licht: 2,93029,2,6,8,09,21,4,0,2,0,1,0,1,0,0
"POINT (7.200021015000061 51.294626468000047)",Unfall 93114 (2020) Kat:3, Licht: 0,93114,3,3,5,09,17,3,0,0,1,1,0,0,0,0
"POINT (7.202874648000034 51.280950793000045)",Unfall 93128 (2020) Kat:3, Licht: 0,93128,3,4,6,09,12,3,0,0,0,1,1,0,0,0
"POINT (7.067851706000056 51.230174232000081)",Unfall 93213 (2020) Kat:3, Licht: 0,93213,3,2,5,09,15,4,0,0,0,1,0,1,0,0
"POINT (7.218365757000072 51.275113252000040)",Unfall 93229 (2020) Kat:3, Licht: 0,93229,3,4,6,08,12,2,0,0,0,1,1,0,0,0
"POINT (7.146847044000026 51.254969355000071)",Unfall 93395 (2020) Kat:3, Licht: 0,93395,3,2,2,09,10,4,0,0,1,1,0,0,0,0
"POINT (7.179909287000044 51.268120025000030)",Unfall 93454 (2020) Kat:2, Licht: 0,93454,2,2,5,09,07,6,1,0,1,1,0,0,0,0
"POINT (7.194299065000053 51.287060198000063)",Unfall 93472 (2020) Kat:2, Licht: 0,93472,2,7,8,09,11,6,1,0,0,0,0,0,1,0
"POINT (7.228388356000039 51.275464348000071)",Unfall 93489 (2020) Kat:3, Licht: 0,93489,3,1,0,09,13,7,1,0,1,0,0,0,0,0
"POINT (7.156811729000026 51.257714457000077)",Unfall 93579 (2020) Kat:3, Licht: 0,93579,3,2,3,09,14,6,1,0,1,1,0,0,0,0
"POINT (7.187625141000069 51.246983814000032)",Unfall 93642 (2020) Kat:3, Licht: 0,93642,3,6,2,09,08,2,0,0,0,1,0,0,0,0
"POINT (7.198128774000054 51.259082914000032)",Unfall 93655 (2020) Kat:2, Licht: 0,93655,2,1,8,09,16,6,1,0,0,0,0,0,1,0
"POINT (7.159512166000070 51.271497787000044)",Unfall 93673 (2020) Kat:3, Licht: 1,93673,3,1,8,09,19,6,1,1,0,1,0,0,0,0
"POINT (7.223146111000062 51.275458278000031)",Unfall 93690 (2020) Kat:3, Licht: 0,93690,3,6,2,09,12,7,1,0,0,1,0,0,0,0
"POINT (7.131452326000044 51.255146671000034)",Unfall 93752 (2020) Kat:3, Licht: 1,93752,3,6,2,09,19,6,1,1,0,1,0,0,0,0
"POINT (7.130059333000077 51.251944011000035)",Unfall 93753 (2020) Kat:3, Licht: 0,93753,3,2,5,09,15,5,1,0,1,1,0,0,0,0
"POINT (7.063422190000040 51.220060125000032)",Unfall 93765 (2020) Kat:2, Licht: 0,93765,2,6,2,09,08,1,0,0,0,1,0,1,0,0
"POINT (7.205777106000028 51.216372932000070)",Unfall 93852 (2020) Kat:3, Licht: 0,93852,3,3,5,09,13,6,1,0,0,1,0,1,0,0
"POINT (7.218725414000062 51.275252053000031)",Unfall 93886 (2020) Kat:3, Licht: 0,93886,3,3,5,09,12,7,1,0,0,1,0,0,0,0
"POINT (7.201996141000052 51.295339361000060)",Unfall 93929 (2020) Kat:3, Licht: 0,93929,3,3,0,09,15,5,0,0,0,1,0,1,0,0
"POINT (7.128751603000069 51.267660395000064)",Unfall 93957 (2020) Kat:3, Licht: 0,93957,3,6,2,09,13,4,0,0,0,1,0,0,0,0
"POINT (7.131215685000029 51.252472110000042)",Unfall 93981 (2020) Kat:3, Licht: 0,93981,3,5,3,09,08,5,0,0,1,1,0,0,0,0
"POINT (7.151773141000035 51.270000168000081)",Unfall 94006 (2020) Kat:3, Licht: 0,94006,3,6,1,09,16,5,0,0,0,1,0,0,0,0
"POINT (7.250964457000066 51.309291988000041)",Unfall 94022 (2020) Kat:3, Licht: 0,94022,3,6,2,09,16,5,0,0,0,1,0,0,0,0
"POINT (7.177458825000031 51.263041422000072)",Unfall 94066 (2020) Kat:3, Licht: 1,94066,3,4,0,09,20,4,0,1,0,1,1,0,0,0
"POINT (7.205862848000038 51.287540107000041)",Unfall 94089 (2020) Kat:3, Licht: 0,94089,3,6,2,09,15,5,0,0,0,1,0,0,0,0
"POINT (7.136379599000065 51.262658140000042)",Unfall 94094 (2020) Kat:3, Licht: 0,94094,3,7,0,09,10,3,0,0,0,1,1,0,0,0
"POINT (7.158601697000051 51.257348132000061)",Unfall 94097 (2020) Kat:3, Licht: 0,94097,3,5,1,09,08,3,0,0,1,1,0,0,0,0
"POINT (7.127287612000032 51.264321771000027)",Unfall 94113 (2020) Kat:3, Licht: 0,94113,3,6,2,09,17,5,0,0,0,1,0,0,0,0
"POINT (7.070957581000073 51.221843926000076)",Unfall 94114 (2020) Kat:3, Licht: 0,94114,3,6,2,09,08,3,0,0,0,1,0,0,0,0
"POINT (7.141282916000023 51.267468732000054)",Unfall 94172 (2020) Kat:2, Licht: 0,94172,2,6,3,09,10,1,0,0,0,1,0,0,0,0
"POINT (7.111727355000028 51.284968174000028)",Unfall 94221 (2020) Kat:2, Licht: 2,94221,2,7,0,09,23,7,0,2,0,0,0,0,0,1
"POINT (7.155375380000066 51.284171671000081)",Unfall 94222 (2020) Kat:3, Licht: 0,94222,3,5,1,09,11,7,0,0,0,1,0,1,0,0
"POINT (7.113863067000068 51.193064562000075)",Unfall 94452 (2020) Kat:3, Licht: 0,94452,3,1,0,09,12,3,0,0,0,0,0,1,0,0
"POINT (7.229550721000067 51.304648205000035)",Unfall 94616 (2020) Kat:3, Licht: 0,94616,3,6,8,09,09,2,0,0,0,1,0,0,0,1
"POINT (7.228026083000032 51.287022484000033)",Unfall 94729 (2020) Kat:2, Licht: 0,94729,2,6,4,09,15,1,0,0,1,0,0,0,0,0
"POINT (7.208017371000040 51.273507829000039)",Unfall 94872 (2020) Kat:3, Licht: 2,94872,3,7,1,09,22,5,0,2,0,1,0,0,0,0
"POINT (7.228441130000022 51.270422790000055)",Unfall 95031 (2020) Kat:3, Licht: 1,95031,3,1,0,09,18,6,0,1,0,0,0,1,0,0
"POINT (7.195832878000033 51.237918869000055)",Unfall 95039 (2020) Kat:3, Licht: 0,95039,3,6,2,09,10,6,0,0,0,1,0,0,1,0
"POINT (7.195146956000031 51.237190612000063)",Unfall 95042 (2020) Kat:3, Licht: 0,95042,3,2,4,09,08,6,0,0,0,1,0,0,0,0
"POINT (7.153183664000039 51.258969343000047)",Unfall 95045 (2020) Kat:3, Licht: 0,95045,3,2,0,09,13,6,0,0,1,1,0,0,0,0
"POINT (7.153138048000074 51.258909110000047)",Unfall 95049 (2020) Kat:3, Licht: 0,95049,3,2,0,09,13,6,0,0,1,1,0,0,0,0
"POINT (7.150395440000068 51.217548824000062)",Unfall 95057 (2020) Kat:3, Licht: 0,95057,3,6,1,09,12,6,0,0,0,1,0,1,0,0
"POINT (7.109781089000023 51.255520271000080)",Unfall 95067 (2020) Kat:3, Licht: 0,95067,3,6,3,09,17,4,0,0,0,1,0,0,1,0
"POINT (7.135911948000057 51.266403123000032)",Unfall 95068 (2020) Kat:3, Licht: 0,95068,3,6,1,09,17,4,0,0,0,1,0,0,0,0
"POINT (7.215360795000038 51.302417959000081)",Unfall 95188 (2020) Kat:3, Licht: 1,95188,3,7,5,09,18,1,0,1,0,1,0,0,0,0
"POINT (7.144604682000022 51.260952791000079)",Unfall 95191 (2020) Kat:3, Licht: 0,95191,3,5,1,09,14,1,0,0,0,1,0,1,0,0
"POINT (7.143605888000025 51.243919923000078)",Unfall 95192 (2020) Kat:3, Licht: 2,95192,3,2,5,09,19,1,0,2,1,1,0,0,0,0
"POINT (7.190359436000051 51.279590240000061)",Unfall 95203 (2020) Kat:3, Licht: 0,95203,3,3,5,09,08,2,0,0,0,1,0,0,0,1
"POINT (7.202550389000066 51.263496903000032)",Unfall 95207 (2020) Kat:3, Licht: 0,95207,3,2,5,09,09,2,0,0,0,1,0,0,0,0
"POINT (7.184182331000045 51.278342077000048)",Unfall 95340 (2020) Kat:3, Licht: 0,95340,3,2,0,09,11,7,0,0,0,1,0,1,0,0
"POINT (7.148183222000057 51.259128891000046)",Unfall 95341 (2020) Kat:3, Licht: 0,95341,3,6,3,09,16,7,0,0,0,1,0,0,0,1
"POINT (7.151606745000038 51.258864695000057)",Unfall 95542 (2020) Kat:3, Licht: 0,95542,3,2,5,09,16,4,0,0,1,1,0,0,0,0
"POINT (7.157465196000032 51.256247963000078)",Unfall 95543 (2020) Kat:3, Licht: 2,95543,3,7,0,09,20,4,1,2,0,0,0,1,0,0
"POINT (7.136693810000054 51.253839175000053)",Unfall 95576 (2020) Kat:2, Licht: 0,95576,2,6,3,09,17,5,0,0,0,1,0,0,0,1