WKT,Name,OBJECTID,UKATEGORIE,UTYP1,UART,UMONAT,USTUNDE,UWOCHENTAG,STRZUSTAND,ULICHTVERH,ISTRAD,ISTPKW,ISTFUSS,ISTKRAD,ISTGKFZ,ISTSONSTIG
"POINT (7.198825304000025 51.269981852000058)",Unfall 95706 (2020) Kat:3, Licht: 0,95706,3,5,2,09,12,3,0,0,0,1,0,0,0,0
"POINT (7.216591178000044 51.271078533000036)",Unfall 95708 (2020) Kat:3, Licht: 0,95708,3,3,5,09,14,3,0,0,0,1,0,0,0,1
"POINT (7.144696682000074 51.254681428000026)",Unfall 95709 (2020) Kat:2, Licht: 0,95709,2,6,1,09,13,3,0,0,0,1,0,0,0,0
"POINT (7.212041977000069 51.270523876000027)",Unfall 96150 (2020) Kat:3, Licht: 0,96150,3,7,3,09,14,6,0,0,0,1,0,0,0,0
"POINT (7.131058636000034 51.252397602000030)",Unfall 96151 (2020) Kat:3, Licht: 0,96151,3,6,5,09,12,6,0,0,1,1,0,0,0,0
"POINT (7.106818673000021 51.252307078000058)",Unfall 96167 (2020) Kat:3, Licht: 0,96167,3,6,2,09,18,6,0,0,0,1,0,0,0,0
"POINT (7.133466100000021 51.265449435000050)",Unfall 96272 (2020) Kat:3, Licht: 0,96272,3,2,3,10,16,6,0,0,1,1,0,0,0,0
"POINT (7.233349983000039 51.256944628000042)",Unfall 96274 (2020) Kat:3, Licht: 0,96274,3,6,1,10,07,5,0,0,0,1,0,0,0,0
"POINT (7.182402879000051 51.280816671000082)",Unfall 96305 (2020) Kat:3, Licht: 2,96305,3,6,2,09,06,4,1,2,0,1,0,0,0,0
"POINT (7.106215200000065 51.251632834000077)",Unfall 96380 (2020) Kat:3, Licht: 2,96380,3,1,7,09,04,4,1,2,0,0,0,0,1,0
"POINT (7.208201906000056 51.282346804000042)",Unfall 96435 (2020) Kat:3, Licht: 0,96435,3,6,0,09,14,4,0,0,0,1,0,0,0,1
"POINT (7.197041223000042 51.269771080000055)",Unfall 96465 (2020) Kat:3, Licht: 0,96465,3,6,2,10,17,6,0,0,0,1,0,0,0,0
"POINT (7.225719021000032 51.249884678000058)",Unfall 96467 (2020) Kat:2, Licht: 0,96467,2,1,8,10,17,5,1,0,0,1,0,0,0,0
"POINT (7.206596064000053 51.285633877000066)",Unfall 96503 (2020) Kat:3, Licht: 0,96503,3,1,8,09,17,3,1,0,0,1,0,0,0,0
"POINT (7.171265515000073 51.261094140000068)",Unfall 96511 (2020) Kat:3, Licht: 0,96511,3,1,0,09,15,3,1,0,0,0,0,1,0,0
"POINT (7.207217642000046 51.267640041000050)",Unfall 96521 (2020) Kat:2, Licht: 1,96521,2,7,0,09,18,3,1,1,1,1,0,0,0,0
"POINT (7.189256807000049 51.244362838000029)",Unfall 96543 (2020) Kat:2, Licht: 0,96543,2,7,0,09,11,3,1,0,0,1,0,0,0,0
"POINT (7.103840550000030 51.248078701000054)",Unfall 96553 (2020) Kat:3, Licht: 0,96553,3,3,5,09,11,3,1,0,0,1,0,0,0,0
"POINT (7.158135899000058 51.257409699000050)",Unfall 96564 (2020) Kat:3, Licht: 0,96564,3,5,0,10,08,5,0,0,0,1,0,0,0,1
"POINT (7.205775666000022 51.225242432000073)",Unfall 96635 (2020) Kat:3, Licht: 0,96635,3,3,5,09,09,4,1,0,0,1,0,1,0,0
"POINT (7.228344987000071 51.275558343000057)",Unfall 96664 (2020) Kat:1, Licht: 0,96664,1,6,3,10,14,5,0,0,1,0,0,0,1,0
"POINT (7.206559713000047 51.291456222000079)",Unfall 96748 (2020) Kat:3, Licht: 0,96748,3,6,0,10,15,5,0,0,0,1,0,0,0,0
"POINT (7.148492526000041 51.270607280000036)",Unfall 96789 (2020) Kat:3, Licht: 2,96789,3,1,9,10,19,2,1,2,0,1,0,0,0,0
"POINT (7.130621179000059 51.265367982000043)",Unfall 96924 (2020) Kat:3, Licht: 0,96924,3,6,2,10,16,5,1,0,0,1,0,0,1,0
"POINT (7.105139815000030 51.206956025000068)",Unfall 96932 (2020) Kat:3, Licht: 0,96932,3,1,8,10,13,5,1,0,0,1,0,0,0,0
"POINT (7.173498332000065 51.259093362000044)",Unfall 97002 (2020) Kat:3, Licht: 0,97002,3,6,2,10,17,2,1,0,0,1,0,0,0,0
"POINT (7.215769729000044 51.274720325000033)",Unfall 97017 (2020) Kat:3, Licht: 0,97017,3,2,5,10,15,4,1,0,1,1,0,0,0,0
"POINT (7.055116823000049 51.223361156000067)",Unfall 97029 (2020) Kat:3, Licht: 0,97029,3,3,5,10,15,4,1,0,0,1,0,0,0,1
"POINT (7.197786399000052 51.268836685000053)",Unfall 97051 (2020) Kat:2, Licht: 0,97051,2,3,5,10,14,1,0,0,0,1,0,0,0,0
"POINT (7.229082870000070 51.243629900000030)",Unfall 97060 (2020) Kat:2, Licht: 0,97060,2,1,9,10,14,1,1,0,0,1,0,0,0,0
"POINT (7.139494215000070 51.261552771000026)",Unfall 97064 (2020) Kat:3, Licht: 0,97064,3,6,2,10,14,1,1,0,0,1,0,0,0,0
"POINT (7.107310986000073 51.253118961000041)",Unfall 97195 (2020) Kat:2, Licht: 2,97195,2,1,9,10,23,3,1,2,0,1,0,0,0,0
"POINT (7.240299854000057 51.280711741000061)",Unfall 97276 (2020) Kat:3, Licht: 0,97276,3,4,6,10,16,2,0,0,0,1,1,0,0,0
"POINT (7.141703288000031 51.256859093000060)",Unfall 97327 (2020) Kat:3, Licht: 0,97327,3,3,5,10,08,7,1,0,0,1,0,0,0,0
"POINT (7.182697076000068 51.280426255000066)",Unfall 97381 (2020) Kat:3, Licht: 0,97381,3,1,2,10,09,2,0,0,0,1,0,0,0,0
"POINT (7.197094368000023 51.269555696000054)",Unfall 97514 (2020) Kat:3, Licht: 0,97514,3,2,2,10,14,6,0,0,0,1,0,0,0,0
"POINT (7.195778374000042 51.256163362000052)",Unfall 97517 (2020) Kat:3, Licht: 1,97517,3,6,2,10,07,6,1,1,0,1,0,1,0,0
"POINT (7.143258644000071 51.246776033000060)",Unfall 97518 (2020) Kat:3, Licht: 0,97518,3,3,5,10,18,6,0,0,0,1,0,0,0,0
"POINT (7.166330923000032 51.258159656000032)",Unfall 97563 (2020) Kat:3, Licht: 0,97563,3,3,5,10,12,5,0,0,0,1,0,0,0,0
"POINT (7.073303733000046 51.232524663000049)",Unfall 97583 (2020) Kat:2, Licht: 2,97583,2,4,6,10,19,6,0,2,0,1,1,0,0,0
"POINT (7.182647291000023 51.279087096000069)",Unfall 97624 (2020) Kat:3, Licht: 0,97624,3,2,2,10,10,4,0,0,0,1,0,0,0,0
"POINT (7.074673305000033 51.253255373000059)",Unfall 97672 (2020) Kat:3, Licht: 0,97672,3,1,7,10,14,3,0,0,1,0,0,0,0,0
"POINT (7.219233644000042 51.303595049000080)",Unfall 97699 (2020) Kat:3, Licht: 2,97699,3,1,9,10,23,6,0,2,0,1,0,0,0,0
"POINT (7.223045066000054 51.275455480000062)",Unfall 97794 (2020) Kat:3, Licht: 0,97794,3,3,5,10,14,4,0,0,1,1,0,0,0,0
"POINT (7.185465333000025 51.265552622000030)",Unfall 97824 (2020) Kat:3, Licht: 2,97824,3,6,2,10,22,3,1,2,0,1,0,0,0,0
"POINT (7.133842006000066 51.252988201000051)",Unfall 97852 (2020) Kat:3, Licht: 0,97852,3,6,2,10,09,2,1,0,0,1,0,0,0,0
"POINT (7.149056141000074 51.257453418000068)",Unfall 97854 (2020) Kat:3, Licht: 0,97854,3,6,0,10,15,2,0,0,0,1,0,1,0,0
"POINT (7.136426656000026 51.251447817000042)",Unfall 97903 (2020) Kat:3, Licht: 0,97903,3,4,0,10,10,3,0,0,0,1,1,0,0,0
"POINT (7.197816147000026 51.268662140000060)",Unfall 98015 (2020) Kat:3, Licht: 2,98015,3,6,0,10,20,1,0,2,0,1,0,1,0,0
"POINT (7.146466742000030 51.214635266000073)",Unfall 98037 (2020) Kat:3, Licht: 0,98037,3,6,2,10,17,3,1,0,0,1,0,0,0,0
"POINT (7.117886521000060 51.262578351000059)",Unfall 98111 (2020) Kat:3, Licht: 0,98111,3,6,3,10,16,3,0,0,0,1,0,0,1,0
"POINT (7.143209223000042 51.246260148000033)",Unfall 98166 (2020) Kat:3, Licht: 0,98166,3,6,2,10,14,5,1,0,0,1,0,0,0,1
"POINT (7.156900929000074 51.256297491000055)",Unfall 98284 (2020) Kat:3, Licht: 0,98284,3,1,0,10,13,5,0,0,0,0,0,1,0,0
"POINT (7.240336696000043 51.280716959000074)",Unfall 98344 (2020) Kat:3, Licht: 1,98344,3,6,3,10,07,4,1,1,0,1,0,0,1,0
"POINT (7.249220844000035 51.313522589000058)",Unfall 98349 (2020) Kat:3, Licht: 0,98349,3,3,0,10,17,4,0,0,0,1,0,1,0,0
"POINT (7.180807573000038 51.267335397000068)",Unfall 98372 (2020) Kat:2, Licht: 0,98372,2,4,6,10,16,5,0,0,1,0,1,0,0,0
"POINT (7.071327169000028 51.252832458000057)",Unfall 98403 (2020) Kat:3, Licht: 0,98403,3,6,2,10,15,7,0,0,0,1,0,1,0,0
"POINT (7.162730286000056 51.256706010000073)",Unfall 98423 (2020) Kat:3, Licht: 0,98423,3,2,2,10,11,5,1,0,0,1,0,1,0,0
"POINT (7.194880733000048 51.281109636000053)",Unfall 98569 (2020) Kat:3, Licht: 0,98569,3,4,6,10,15,3,0,0,0,1,1,0,0,0
"POINT (7.216454350000049 51.275015103000044)",Unfall 98720 (2020) Kat:3, Licht: 2,98720,3,7,1,10,22,3,1,2,0,0,0,1,0,1
"POINT (7.104621833000067 51.249811188000081)",Unfall 98747 (2020) Kat:3, Licht: 2,98747,3,6,9,10,20,1,1,2,0,1,0,0,0,0
"POINT (7.235459697000067 51.277128264000055)",Unfall 98791 (2020) Kat:3, Licht: 0,98791,3,6,2,10,14,3,0,0,0,1,0,0,0,1
"POINT (7.195810231000053 51.268115808000061)",Unfall 99078 (2020) Kat:3, Licht: 2,99078,3,2,6,10,21,6,1,2,0,0,1,0,0,1
"POINT (7.193431953000072 51.234726062000050)",Unfall 99083 (2020) Kat:3, Licht: 2,99083,3,4,6,10,18,6,1,2,0,1,1,0,0,0
"POINT (7.136126406000074 51.251639268000076)",Unfall 99087 (2020) Kat:3, Licht: 0,99087,3,3,5,10,10,6,1,0,0,1,0,0,0,0
"POINT (7.081200086000024 51.234715947000041)",Unfall 99089 (2020) Kat:2, Licht: 2,99089,2,2,6,10,19,6,1,2,0,1,1,0,0,0
"POINT (7.197138933000076 51.269671197000036)",Unfall 99187 (2020) Kat:3, Licht: 0,99187,3,6,2,10,16,5,1,0,0,1,0,0,0,0
"POINT (7.225167600000020 51.285618710000051)",Unfall 99191 (2020) Kat:2, Licht: 2,99191,2,2,3,10,16,5,1,2,0,1,0,0,0,0
"POINT (7.209034235000047 51.271106656000029)",Unfall 99195 (2020) Kat:3, Licht: 1,99195,3,3,5,10,16,5,1,1,0,1,0,0,0,0
"POINT (7.146143417000076 51.214911449000056)",Unfall 99202 (2020) Kat:3, Licht: 1,99202,3,6,2,10,17,5,1,1,0,1,0,0,0,0
"POINT (7.157434508000051 51.256250465000051)",Unfall 99206 (2020) Kat:3, Licht: 0,99206,3,6,2,10,14,5,1,0,0,1,0,1,0,0
"POINT (7.146920795000028 51.255080328000076)",Unfall 99218 (2020) Kat:2, Licht: 2,99218,2,6,3,10,19,5,1,2,0,1,0,0,0,0
"POINT (7.095356412000058 51.255934581000076)",Unfall 99235 (2020) Kat:3, Licht: 2,99235,3,6,2,10,06,5,1,2,0,1,0,0,0,0
"POINT (7.179068252000036 51.273370299000078)",Unfall 99264 (2020) Kat:3, Licht: 0,99264,3,6,2,11,13,5,0,0,0,1,0,0,0,1
"POINT (7.278361270000062 51.220581769000034)",Unfall 99277 (2020) Kat:2, Licht: 0,99277,2,1,9,11,13,7,0,0,0,0,0,1,0,0
"POINT (7.136494839000022 51.262616296000033)",Unfall 99529 (2020) Kat:2, Licht: 0,99529,2,4,6,11,13,5,0,0,0,1,1,0,0,0
"POINT (7.090236008000034 51.236745601000052)",Unfall 99593 (2020) Kat:3, Licht: 0,99593,3,6,2,11,15,3,1,0,0,1,0,0,0,0
"POINT (7.133515949000071 51.253275580000036)",Unfall 99607 (2020) Kat:3, Licht: 0,99607,3,7,0,11,16,6,0,0,1,1,0,0,0,0
"POINT (7.158186560000047 51.265366213000050)",Unfall 99683 (2020) Kat:3, Licht: 0,99683,3,6,2,11,16,3,0,0,0,1,0,0,0,0
"POINT (7.172992937000061 51.268454189000067)",Unfall 99936 (2020) Kat:3, Licht: 1,99936,3,2,0,11,16,5,0,1,0,1,1,0,0,0
"POINT (7.054993546000048 51.223250972000073)",Unfall 100117 (2020) Kat:3, Licht: 2,100117,3,7,5,11,21,4,0,2,0,1,0,0,0,0
"POINT (7.152371775000063 51.258787212000072)",Unfall 100189 (2020) Kat:3, Licht: 2,100189,3,3,5,11,06,3,1,2,1,1,0,0,0,0
"POINT (7.075861105000058 51.233709065000028)",Unfall 100221 (2020) Kat:3, Licht: 0,100221,3,7,6,11,14,1,0,0,0,1,1,0,0,0
"POINT (7.044085084000074 51.230547531000070)",Unfall 100472 (2020) Kat:3, Licht: 0,100472,3,1,9,11,12,7,1,0,0,0,0,1,0,0
"POINT (7.065993742000046 51.233859772000073)",Unfall 100523 (2020) Kat:2, Licht: 2,100523,2,4,6,11,06,3,1,2,0,1,1,0,0,0
"POINT (7.068578223000031 51.230456597000057)",Unfall 100659 (2020) Kat:3, Licht: 1,100659,3,6,1,11,17,5,1,1,0,1,0,0,1,0
"POINT (7.147822980000058 51.262861444000066)",Unfall 100747 (2020) Kat:3, Licht: 2,100747,3,4,6,11,20,2,0,2,0,1,1,0,0,0
"POINT (7.060819741000046 51.219280562000051)",Unfall 100793 (2020) Kat:3, Licht: 0,100793,3,6,2,11,08,3,0,0,0,1,0,0,0,0
"POINT (7.130322213000056 51.265322692000041)",Unfall 100794 (2020) Kat:3, Licht: 0,100794,3,6,2,11,14,1,1,0,0,1,0,0,0,0
"POINT (7.130119925000031 51.266263226000035)",Unfall 100853 (2020) Kat:3, Licht: 0,100853,3,6,2,11,12,2,0,0,0,1,0,0,0,0
"POINT (7.090964650000046 51.256157656000028)",Unfall 100964 (2020) Kat:3, Licht: 0,100964,3,1,8,11,09,6,1,0,0,1,0,0,0,0
"POINT (7.143924600000048 51.252850401000046)",Unfall 100983 (2020) Kat:3, Licht: 0,100983,3,6,1,11,16,6,0,0,0,1,0,0,0,1
"POINT (7.085517798000069 51.235278654000069)",Unfall 101154 (2020) Kat:3, Licht: 2,101154,3,3,0,11,16,4,0,2,0,1,0,0,0,1
"POINT (7.201906733000044 51.288932614000032)",Unfall 101201 (2020) Kat:3, Licht: 0,101201,3,6,2,11,07,4,0,0,0,1,0,0,0,0
"POINT (7.103082286000074 51.290979321000066)",Unfall 101242 (2020) Kat:3, Licht: 2,101242,3,6,2,11,06,3,0,2,0,1,0,0,0,0
"POINT (7.197877550000044 51.268869915000039)",Unfall 101327 (2020) Kat:2, Licht: 0,101327,2,4,6,12,11,3,1,0,0,1,1,0,0,0
"POINT (7.216566131000036 51.275041039000030)",Unfall 101328 (2020) Kat:3, Licht: 0,101328,3,6,2,12,13,3,1,0,0,1,0,1,0,0
"POINT (7.148091598000065 51.259130492000054)",Unfall 101329 (2020) Kat:2, Licht: 0,101329,2,4,6,12,11,3,1,0,0,1,1,0,0,0
"POINT (7.202784164000036 51.276800872000081)",Unfall 101555 (2020) Kat:3, Licht: 2,101555,3,4,6,11,18,7,0,2,0,1,1,0,0,0
"POINT (7.131444275000035 51.256086936000031)",Unfall 101556 (2020) Kat:3, Licht: 2,101556,3,1,0,11,20,7,0,2,0,0,0,1,0,0
"POINT (7.070933017000073 51.231418892000079)",Unfall 101589 (2020) Kat:3, Licht: 2,101589,3,1,0,12,16,1,1,2,0,0,0,1,0,0
"POINT (7.151845982000054 51.219387067000071)",Unfall 101739 (2020) Kat:2, Licht: 0,101739,2,6,2,12,14,6,1,0,0,1,0,0,0,1
"POINT (7.214875111000026 51.274703171000056)",Unfall 101757 (2020) Kat:3, Licht: 0,101757,3,6,2,12,10,4,1,0,0,1,0,0,0,0
"POINT (7.195102294000037 51.256293958000072)",Unfall 101765 (2020) Kat:3, Licht: 0,101765,3,1,8,12,13,4,1,0,0,1,0,0,0,0
"POINT (7.151979024000070 51.219556024000042)",Unfall 101853 (2020) Kat:2, Licht: 2,101853,2,1,8,12,05,5,1,2,0,1,0,0,0,0
"POINT (7.136820657000044 51.253871169000035)",Unfall 101854 (2020) Kat:3, Licht: 0,101854,3,6,2,12,10,5,1,0,0,1,0,1,0,0
"POINT (7.153243591000035 51.258617231000073)",Unfall 101855 (2020) Kat:3, Licht: 2,101855,3,4,6,12,07,5,1,2,0,1,1,0,0,0
"POINT (7.113947053000061 51.260554719000027)",Unfall 101903 (2020) Kat:3, Licht: 2,101903,3,6,2,12,07,5,1,2,0,1,0,0,0,0
"POINT (7.237828356000023 51.273770331000037)",Unfall 101944 (2020) Kat:3, Licht: 2,101944,3,5,1,12,18,3,0,2,0,1,0,1,0,0
"POINT (7.096465351000063 51.255911848000039)",Unfall 102008 (2020) Kat:3, Licht: 0,102008,3,1,0,12,12,4,1,0,0,0,1,0,0,1
"POINT (7.146753393000040 51.239105952000045)",Unfall 102070 (2020) Kat:2, Licht: 0,102070,2,6,3,12,10,2,1,0,0,1,0,0,0,0
"POINT (7.213817207000034 51.274353188000077)",Unfall 102095 (2020) Kat:2, Licht: 1,102095,2,2,6,12,07,3,0,1,0,1,1,0,0,0
"POINT (7.136708822000060 51.253842961000032)",Unfall 102157 (2020) Kat:3, Licht: 0,102157,3,3,5,12,15,4,0,0,0,1,0,0,0,1
"POINT (7.095000948000063 51.255937385000038)",Unfall 102168 (2020) Kat:2, Licht: 2,102168,2,6,3,12,17,3,1,2,0,1,0,0,0,0
"POINT (7.097102007000046 51.246575032000067)",Unfall 102247 (2020) Kat:2, Licht: 2,102247,2,6,3,12,07,4,1,2,0,1,0,0,1,0
"POINT (7.180544210000051 51.298062389000052)",Unfall 102309 (2020) Kat:3, Licht: 0,102309,3,3,5,12,08,3,1,0,0,1,0,0,0,0
"POINT (7.206792138000026 51.273055565000050)",Unfall 102315 (2020) Kat:3, Licht: 2,102315,3,2,6,12,17,6,1,2,0,1,1,0,0,0
"POINT (7.183939133000024 51.265077254000062)",Unfall 102318 (2020) Kat:3, Licht: 2,102318,3,5,2,12,23,6,1,2,0,1,0,0,0,0
"POINT (7.148183222000057 51.259128891000046)",Unfall 102414 (2020) Kat:2, Licht: 2,102414,2,4,6,12,16,3,1,2,0,1,1,0,0,0
"POINT (7.182453834000057 51.277358686000071)",Unfall 102419 (2020) Kat:3, Licht: 0,102419,3,2,4,12,12,1,0,0,0,1,0,0,0,0
"POINT (7.199446719000036 51.262619856000072)",Unfall 102423 (2020) Kat:2, Licht: 2,102423,2,1,9,12,01,1,0,2,0,1,0,0,0,0
"POINT (7.154164395000066 51.270557316000065)",Unfall 102428 (2020) Kat:2, Licht: 1,102428,2,6,2,12,16,3,1,1,0,1,0,0,0,0
"POINT (7.158167587000037 51.277264559000059)",Unfall 102454 (2020) Kat:3, Licht: 0,102454,3,6,1,12,13,2,1,0,0,1,0,0,0,0
"POINT (7.096231211000031 51.246028234000050)",Unfall 102479 (2020) Kat:2, Licht: 0,102479,2,6,3,12,17,4,0,0,0,1,0,0,0,0
"POINT (7.148257298000033 51.259125894000078)",Unfall 102498 (2020) Kat:3, Licht: 0,102498,3,3,5,12,14,3,1,0,0,1,0,0,0,0
"POINT (7.160872244000075 51.256132899000079)",Unfall 102519 (2020) Kat:3, Licht: 2,102519,3,3,1,12,19,7,1,2,0,1,0,0,0,0
"POINT (7.162992872000075 51.256970132000049)",Unfall 102585 (2020) Kat:3, Licht: 0,102585,3,6,2,12,15,3,1,0,0,1,0,0,0,0
"POINT (7.069289566000066 51.229313083000079)",Unfall 102664 (2020) Kat:3, Licht: 0,102664,3,7,5,12,09,3,1,0,0,1,0,0,1,0
"POINT (7.152102672000069 51.222304743000052)",Unfall 102734 (2020) Kat:3, Licht: 0,102734,3,2,4,12,12,2,1,0,0,1,0,0,0,0
"POINT (7.218762356000070 51.271235944000068)",Unfall 102744 (2020) Kat:3, Licht: 0,102744,3,6,2,12,15,6,0,0,0,1,0,0,0,0
"POINT (7.175129726000023 51.289952749000065)",Unfall 102745 (2020) Kat:3, Licht: 0,102745,3,1,0,12,14,7,1,0,0,0,0,1,0,0
"POINT (7.200623943000039 51.265716520000069)",Unfall 102926 (2020) Kat:3, Licht: 0,102926,3,5,1,12,12,7,1,0,1,1,0,0,0,0
"POINT (7.148527167000054 51.269539536000082)",Unfall 103009 (2020) Kat:3, Licht: 2,103009,3,1,7,12,04,7,0,2,0,1,0,0,0,0
"POINT (7.233323757000051 51.256922170000053)",Unfall 103085 (2020) Kat:3, Licht: 1,103085,3,3,5,12,16,4,0,1,0,1,0,0,0,1
"POINT (7.228418867000073 51.274081434000038)",Unfall 103193 (2020) Kat:3, Licht: 2,103193,3,2,4,12,00,3,0,2,0,1,0,0,0,0
"POINT (7.089919682000073 51.231464667000068)",Unfall 103227 (2020) Kat:2, Licht: 0,103227,2,7,9,12,10,5,1,0,0,1,0,0,0,0
"POINT (7.208921519000057 51.267959887000075)",Unfall 103279 (2020) Kat:2, Licht: 0,103279,2,3,5,12,11,3,1,0,0,1,0,1,0,0
"POINT (7.116412291000074 51.275633911000057)",Unfall 103390 (2020) Kat:3, Licht: 0,103390,3,2,6,12,12,5,1,0,0,1,1,0,0,0
"POINT (7.163412298000026 51.258689883000045)",Unfall 103467 (2020) Kat:3, Licht: 2,103467,3,7,0,12,04,3,2,2,0,0,0,1,0,0
"POINT (7.147248128000058 51.265011440000080)",Unfall 103474 (2020) Kat:3, Licht: 2,103474,3,7,8,12,21,4,1,2,0,1,0,0,0,0
"POINT (7.163725144000068 51.257068786000048)",Unfall 103555 (2020) Kat:3, Licht: 0,103555,3,1,0,12,08,3,2,0,0,0,0,1,0,0
"POINT (7.189507472000059 51.275993545000063)",Unfall 103587 (2020) Kat:3, Licht: 0,103587,3,3,5,12,12,4,1,0,0,1,0,0,0,0
"POINT (7.215841599000044 51.271139998000081)",Unfall 103593 (2020) Kat:3, Licht: 0,103593,3,1,8,12,09,2,1,0,0,1,0,0,0,0
"POINT (7.105578839000032 51.252891979000026)",Unfall 200863 (2020) Kat:3, Licht: 2,200863,3,1,0,01,18,4,2,2,1,0,0,0,0,0
"POINT (7.065427588000034 51.226848369000038)",Unfall 200933 (2020) Kat:3, Licht: 0,200933,3,7,1,01,11,5,0,0,0,1,0,0,0,1
"POINT (7.223470686000042 51.272638115000063)",Unfall 200966 (2020) Kat:2, Licht: 2,200966,2,1,8,01,02,4,0,2,0,1,0,0,0,0
"POINT (7.163713365000035 51.255557113000066)",Unfall 200983 (2020) Kat:2, Licht: 0,200983,2,5,5,01,11,6,1,0,1,1,0,0,0,0
"POINT (7.172735163000027 51.258789180000065)",Unfall 201237 (2020) Kat:3, Licht: 2,201237,3,5,1,01,19,6,1,2,0,1,0,0,0,0
"POINT (7.136270771000056 51.254046735000031)",Unfall 201274 (2020) Kat:3, Licht: 0,201274,3,4,6,01,11,4,1,0,0,1,1,0,0,0
"POINT (7.217806233000033 51.275881011000081)",Unfall 201419 (2020) Kat:2, Licht: 2,201419,2,7,6,01,17,4,1,2,0,0,1,0,0,1
"POINT (7.152539048000051 51.245175032000077)",Unfall 201448 (2020) Kat:3, Licht: 0,201448,3,6,2,01,16,2,0,0,0,1,0,0,0,0
"POINT (7.153917755000066 51.255195327000081)",Unfall 201468 (2020) Kat:3, Licht: 0,201468,3,7,0,01,14,7,0,0,0,1,0,0,0,1
"POINT (7.189004777000037 51.268161967000026)",Unfall 201754 (2020) Kat:3, Licht: 1,201754,3,4,6,01,08,5,0,1,0,1,1,0,0,0
"POINT (7.199214889000075 51.271146635000036)",Unfall 201966 (2020) Kat:2, Licht: 0,201966,2,7,0,01,15,3,0,0,0,0,0,0,0,1
"POINT (7.162147443000038 51.257813090000070)",Unfall 201969 (2020) Kat:3, Licht: 0,201969,3,4,6,01,09,3,0,0,0,1,1,0,0,0
"POINT (7.073668134000059 51.232353677000049)",Unfall 202050 (2020) Kat:2, Licht: 0,202050,2,4,0,01,11,7,0,0,1,0,1,0,0,0
"POINT (7.221510738000063 51.270529449000037)",Unfall 202091 (2020) Kat:3, Licht: 1,202091,3,7,0,01,08,5,0,1,0,1,1,0,0,0
"POINT (7.190295963000040 51.279601029000048)",Unfall 202121 (2020) Kat:2, Licht: 2,202121,2,2,6,01,07,2,1,2,0,0,1,0,0,1
"POINT (7.152489821000074 51.241280178000068)",Unfall 202142 (2020) Kat:3, Licht: 2,202142,3,1,0,01,22,4,1,2,1,0,0,0,0,0
"POINT (7.097981122000022 51.237619584000072)",Unfall 202161 (2020) Kat:2, Licht: 2,202161,2,7,6,01,18,5,1,2,0,1,1,0,0,0
"POINT (7.292438796000056 51.247622746000047)",Unfall 202253 (2020) Kat:3, Licht: 0,202253,3,6,6,01,17,3,0,0,0,1,1,0,0,0
"POINT (7.222279201000049 51.271081369000058)",Unfall 202254 (2020) Kat:3, Licht: 0,202254,3,4,6,01,15,3,1,0,0,0,1,0,0,1
"POINT (7.095433534000051 51.242319330000043)",Unfall 202255 (2020) Kat:2, Licht: 0,202255,2,1,1,01,13,3,0,0,0,1,0,0,0,0
"POINT (7.137948479000045 51.250461405000067)",Unfall 202266 (2020) Kat:2, Licht: 2,202266,2,4,6,01,19,5,1,2,0,1,1,0,0,0
"POINT (7.081200086000024 51.234715947000041)",Unfall 202301 (2020) Kat:2, Licht: 0,202301,2,3,5,01,12,1,0,0,0,1,0,0,0,0
"POINT (7.143514851000020 51.255233815000054)",Unfall 202387 (2020) Kat:3, Licht: 0,202387,3,7,6,02,15,2,0,0,0,1,1,0,0,0
"POINT (7.144166274000042 51.255933599000059)",Unfall 202388 (2020) Kat:3, Licht: 0,202388,3,3,5,01,15,6,0,0,1,1,0,0,0,0
"POINT (7.072581149000030 51.228907316000061)",Unfall 202393 (2020) Kat:3, Licht: 0,202393,3,6,2,02,09,3,1,0,0,1,0,0,0,0
"POINT (7.108442028000070 51.257524688000046)",Unfall 202547 (2020) Kat:3, Licht: 2,202547,3,3,5,02,18,3,1,2,0,1,0,0,0,1
"POINT (7.188671615000033 51.270834414000035)",Unfall 202618 (2020) Kat:2, Licht: 0,202618,2,1,0,01,09,5,1,0,0,0,0,1,0,0
"POINT (7.194437639000057 51.274842955000054)",Unfall 202652 (2020) Kat:3, Licht: 0,202652,3,2,1,02,16,5,0,0,0,1,0,0,0,1
"POINT (7.109996461000037 51.280506311000067)",Unfall 202653 (2020) Kat:3, Licht: 1,202653,3,3,5,02,06,5,0,1,0,1,0,0,0,0
"POINT (7.131616538000060 51.254031024000028)",Unfall 202792 (2020) Kat:3, Licht: 0,202792,3,1,6,02,08,4,0,0,0,1,1,0,0,0
"POINT (7.191401076000034 51.274307667000073)",Unfall 202883 (2020) Kat:3, Licht: 0,202883,3,1,0,02,10,5,1,0,0,1,0,0,0,0
"POINT (7.172356272000059 51.288718025000037)",Unfall 202932 (2020) Kat:3, Licht: 0,202932,3,4,0,02,07,5,0,0,0,1,1,0,0,0
"POINT (7.223888908000049 51.272680784000045)",Unfall 202937 (2020) Kat:3, Licht: 0,202937,3,6,1,02,10,6,1,0,0,1,0,0,0,0