WKT,Name,OBJECTID,UKATEGORIE,UTYP1,UART,UMONAT,USTUNDE,UWOCHENTAG,STRZUSTAND,ULICHTVERH,ISTRAD,ISTPKW,ISTFUSS,ISTKRAD,ISTGKFZ,ISTSONSTIG
"POINT (7.147120175000055 51.226449233000039)",Unfall 202977 (2020) Kat:3, Licht: 0,202977,3,6,2,02,14,2,1,0,0,1,0,0,0,0
"POINT (7.097192619000055 51.255716158000041)",Unfall 203002 (2020) Kat:3, Licht: 0,203002,3,2,5,02,11,6,0,0,0,1,0,0,0,0
"POINT (7.182442317000039 51.263601284000060)",Unfall 203012 (2020) Kat:3, Licht: 0,203012,3,4,6,02,16,3,0,0,0,1,1,0,0,0
"POINT (7.224261395000042 51.270121587000062)",Unfall 203035 (2020) Kat:3, Licht: 2,203035,3,4,6,02,06,5,0,2,0,1,1,0,0,0
"POINT (7.203225647000068 51.280890871000054)",Unfall 203089 (2020) Kat:3, Licht: 0,203089,3,4,6,02,09,6,1,0,0,1,1,0,0,0
"POINT (7.186947027000031 51.291949467000052)",Unfall 203153 (2020) Kat:3, Licht: 0,203153,3,6,2,02,15,4,0,0,0,1,0,0,0,0
"POINT (7.225292898000021 51.276804368000057)",Unfall 203155 (2020) Kat:3, Licht: 0,203155,3,4,6,02,11,4,0,0,0,1,1,0,0,0
"POINT (7.138277073000040 51.206631956000081)",Unfall 203156 (2020) Kat:3, Licht: 0,203156,3,6,4,02,08,4,1,0,0,1,0,0,0,0
"POINT (7.181556210000053 51.264349511000034)",Unfall 203262 (2020) Kat:3, Licht: 0,203262,3,4,0,02,10,3,0,0,0,1,1,0,0,0
"POINT (7.223787464000054 51.287794351000059)",Unfall 203332 (2020) Kat:3, Licht: 0,203332,3,6,2,02,13,5,1,0,0,1,0,0,0,0
"POINT (7.226523855000039 51.274685191000060)",Unfall 203350 (2020) Kat:3, Licht: 0,203350,3,5,1,02,13,2,0,0,0,1,0,0,0,1
"POINT (7.153821458000039 51.253561565000041)",Unfall 203582 (2020) Kat:3, Licht: 2,203582,3,2,6,02,18,2,1,2,0,1,1,0,0,0
"POINT (7.149269516000061 51.251123538000058)",Unfall 203634 (2020) Kat:3, Licht: 2,203634,3,3,5,02,19,1,1,2,0,1,0,0,0,0
"POINT (7.059499569000025 51.214235476000056)",Unfall 203675 (2020) Kat:3, Licht: 0,203675,3,6,2,03,12,1,0,0,0,1,0,0,0,0
"POINT (7.148388369000031 51.250923559000057)",Unfall 203721 (2020) Kat:2, Licht: 2,203721,2,2,6,02,18,5,1,2,0,1,1,0,0,0
"POINT (7.150766181000051 51.231754297000066)",Unfall 203724 (2020) Kat:3, Licht: 0,203724,3,1,8,02,10,7,1,0,0,1,0,0,0,0
"POINT (7.213624377000031 51.275686754000048)",Unfall 203978 (2020) Kat:3, Licht: 2,203978,3,4,6,03,19,6,1,2,0,1,1,0,0,0
"POINT (7.217870562000030 51.277018101000067)",Unfall 204004 (2020) Kat:3, Licht: 0,204004,3,4,6,03,07,4,1,0,0,1,1,0,0,0
"POINT (7.185391026000048 51.271259440000051)",Unfall 204068 (2020) Kat:3, Licht: 0,204068,3,4,6,03,11,5,0,0,0,1,1,0,0,0
"POINT (7.183689012000059 51.261675875000037)",Unfall 204071 (2020) Kat:2, Licht: 0,204071,2,7,1,03,09,3,0,0,0,1,0,0,0,0
"POINT (7.141159920000064 51.249255587000050)",Unfall 204208 (2020) Kat:3, Licht: 2,204208,3,6,2,03,19,5,0,2,0,1,0,0,0,0
"POINT (7.202556390000041 51.227938543000050)",Unfall 204225 (2020) Kat:3, Licht: 0,204225,3,4,6,03,15,6,1,0,0,1,1,0,0,0
"POINT (7.186320380000041 51.262529509000046)",Unfall 204271 (2020) Kat:3, Licht: 0,204271,3,3,5,03,15,6,1,0,0,1,0,1,0,0
"POINT (7.179938795000055 51.268089570000029)",Unfall 204437 (2020) Kat:3, Licht: 0,204437,3,4,6,03,12,6,0,0,0,1,1,0,0,0
"POINT (7.140323372000069 51.228796166000052)",Unfall 204441 (2020) Kat:3, Licht: 0,204441,3,7,0,03,14,3,0,0,0,1,0,0,0,0
"POINT (7.135209720000034 51.258383580000043)",Unfall 204522 (2020) Kat:3, Licht: 0,204522,3,3,0,03,16,4,0,0,1,1,0,0,0,0
"POINT (7.219772283000054 51.287996900000053)",Unfall 204572 (2020) Kat:3, Licht: 0,204572,3,7,6,03,12,6,0,0,0,1,1,0,0,0
"POINT (7.153381143000047 51.269035485000074)",Unfall 204650 (2020) Kat:3, Licht: 0,204650,3,6,2,03,16,2,0,0,0,1,0,0,0,0
"POINT (7.073412517000065 51.232574610000029)",Unfall 204756 (2020) Kat:3, Licht: 0,204756,3,4,6,03,13,7,0,0,0,1,1,0,0,0
"POINT (7.193821927000045 51.251003261000051)",Unfall 204758 (2020) Kat:2, Licht: 0,204758,2,1,0,03,17,7,0,0,0,0,0,1,0,0
"POINT (7.141885408000064 51.255875181000079)",Unfall 204761 (2020) Kat:3, Licht: 0,204761,3,2,2,03,10,2,0,0,0,1,0,0,0,0
"POINT (7.288537150000025 51.224872027000060)",Unfall 204816 (2020) Kat:3, Licht: 0,204816,3,7,6,03,16,6,0,0,0,0,1,0,0,1
"POINT (7.166318770000032 51.258152472000063)",Unfall 204850 (2020) Kat:3, Licht: 2,204850,3,6,1,03,21,5,0,2,0,1,0,0,0,0
"POINT (7.256900632000054 51.278241106000053)",Unfall 204852 (2020) Kat:2, Licht: 2,204852,2,3,5,03,05,5,0,2,0,0,0,1,0,1
"POINT (7.073891440000068 51.228565243000048)",Unfall 204892 (2020) Kat:2, Licht: 0,204892,2,6,3,03,17,4,0,0,1,0,0,0,0,0
"POINT (7.150303737000058 51.230065957000079)",Unfall 204936 (2020) Kat:3, Licht: 0,204936,3,6,1,03,09,3,0,0,0,1,0,0,0,0
"POINT (7.195349413000031 51.223249383000052)",Unfall 204967 (2020) Kat:2, Licht: 0,204967,2,1,0,04,17,1,0,0,1,1,0,0,0,0
"POINT (7.128266381000060 51.257929885000067)",Unfall 205228 (2020) Kat:3, Licht: 0,205228,3,3,5,04,18,5,0,0,1,1,0,0,0,0
"POINT (7.146516144000032 51.259770939000077)",Unfall 205331 (2020) Kat:3, Licht: 0,205331,3,4,6,04,16,7,0,0,0,1,1,0,0,0
"POINT (7.199185925000052 51.254813739000042)",Unfall 205437 (2020) Kat:3, Licht: 0,205437,3,3,5,04,14,4,0,0,0,1,0,0,0,0
"POINT (7.112137689000065 51.244426212000064)",Unfall 205443 (2020) Kat:2, Licht: 0,205443,2,1,0,04,19,4,0,0,1,0,1,0,0,0
"POINT (7.152428431000033 51.234052043000077)",Unfall 205460 (2020) Kat:3, Licht: 0,205460,3,7,1,04,17,2,0,0,0,1,0,0,0,0
"POINT (7.217806333000056 51.275900995000029)",Unfall 205499 (2020) Kat:3, Licht: 0,205499,3,6,0,04,18,7,0,0,1,0,0,0,0,0
"POINT (7.221782035000047 51.269464954000057)",Unfall 205500 (2020) Kat:3, Licht: 0,205500,3,3,5,04,17,1,0,0,0,1,0,1,0,0
"POINT (7.194637502000035 51.267727381000043)",Unfall 205540 (2020) Kat:3, Licht: 0,205540,3,2,5,04,10,5,0,0,0,1,0,1,0,0
"POINT (7.219572739000057 51.274661704000039)",Unfall 205594 (2020) Kat:2, Licht: 0,205594,2,1,0,04,20,5,0,0,0,0,0,1,0,0
"POINT (7.253566191000061 51.222835665000048)",Unfall 205608 (2020) Kat:2, Licht: 0,205608,2,1,8,04,12,1,0,0,0,1,0,0,0,0
"POINT (7.225927501000058 51.273961656000040)",Unfall 205698 (2020) Kat:2, Licht: 0,205698,2,3,5,04,12,5,0,0,0,1,1,0,0,0
"POINT (7.218127656000036 51.222085202000073)",Unfall 205731 (2020) Kat:3, Licht: 0,205731,3,3,5,04,12,5,0,0,0,1,0,0,0,0
"POINT (7.193557153000029 51.271776958000032)",Unfall 205745 (2020) Kat:3, Licht: 0,205745,3,4,6,04,17,4,0,0,0,1,1,1,0,0
"POINT (7.215945820000059 51.268598847000078)",Unfall 205846 (2020) Kat:3, Licht: 0,205846,3,5,1,04,16,3,0,0,0,1,0,0,0,0
"POINT (7.143326495000054 51.258053774000075)",Unfall 205933 (2020) Kat:3, Licht: 2,205933,3,1,0,04,23,2,1,2,0,0,0,1,0,0
"POINT (7.077930935000040 51.237841556000035)",Unfall 206127 (2020) Kat:3, Licht: 0,206127,3,5,1,04,16,7,0,0,1,1,0,0,0,0
"POINT (7.090447643000061 51.238414619000082)",Unfall 206129 (2020) Kat:2, Licht: 2,206129,2,1,1,04,01,7,0,2,0,1,0,1,0,0
"POINT (7.104918348000069 51.247066216000064)",Unfall 206139 (2020) Kat:3, Licht: 0,206139,3,7,5,04,16,6,0,0,0,1,0,1,0,0
"POINT (7.138403983000046 51.258488906000082)",Unfall 206247 (2020) Kat:3, Licht: 0,206247,3,7,6,04,20,5,0,0,0,1,1,0,0,0
"POINT (7.208228615000053 51.266249277000043)",Unfall 206254 (2020) Kat:3, Licht: 0,206254,3,1,0,05,13,2,0,0,1,0,0,0,0,0
"POINT (7.220348317000060 51.282981981000034)",Unfall 206403 (2020) Kat:3, Licht: 1,206403,3,3,5,05,19,7,1,1,0,1,0,0,0,0
"POINT (7.097621895000032 51.238211956000043)",Unfall 206405 (2020) Kat:3, Licht: 0,206405,3,3,5,05,19,7,1,0,0,1,0,1,0,0
"POINT (7.152502856000069 51.265406633000055)",Unfall 206407 (2020) Kat:3, Licht: 0,206407,3,7,6,05,17,7,0,0,0,1,1,0,0,0
"POINT (7.122785792000059 51.271963605000053)",Unfall 206580 (2020) Kat:3, Licht: 0,206580,3,3,5,05,18,5,0,0,1,0,0,1,0,0
"POINT (7.077923921000036 51.234650907000059)",Unfall 206653 (2020) Kat:3, Licht: 0,206653,3,3,5,05,18,7,0,0,1,1,0,0,0,0
"POINT (7.246523351000064 51.273954231000062)",Unfall 206689 (2020) Kat:2, Licht: 0,206689,2,6,3,05,09,5,0,0,1,1,0,0,0,0
"POINT (7.087453717000074 51.259407080000074)",Unfall 206739 (2020) Kat:3, Licht: 0,206739,3,1,1,05,17,5,0,0,1,1,0,0,0,0
"POINT (7.215187050000054 51.283087233000060)",Unfall 206742 (2020) Kat:3, Licht: 0,206742,3,5,0,05,16,7,0,0,1,0,0,0,0,1
"POINT (7.114929178000068 51.247887785000046)",Unfall 206784 (2020) Kat:2, Licht: 0,206784,2,7,7,05,07,4,0,0,1,0,0,0,0,0
"POINT (7.185090266000032 51.271479244000034)",Unfall 206789 (2020) Kat:3, Licht: 1,206789,3,7,6,05,19,5,0,1,1,0,1,0,0,0
"POINT (7.208429076000073 51.277050270000075)",Unfall 206790 (2020) Kat:3, Licht: 0,206790,3,3,5,05,11,5,0,0,0,1,0,0,0,0
"POINT (7.164627083000028 51.295995696000034)",Unfall 206793 (2020) Kat:2, Licht: 0,206793,2,1,0,05,18,5,0,0,1,0,0,0,0,0
"POINT (7.152182809000067 51.233777012000076)",Unfall 206798 (2020) Kat:3, Licht: 0,206798,3,5,1,05,12,5,0,0,1,1,0,0,0,0
"POINT (7.180981774000031 51.262405356000045)",Unfall 206866 (2020) Kat:3, Licht: 0,206866,3,3,5,05,05,3,0,0,0,1,0,0,0,0
"POINT (7.193781432000037 51.250981884000055)",Unfall 206925 (2020) Kat:3, Licht: 0,206925,3,7,1,05,17,2,0,0,0,1,0,0,0,0
"POINT (7.268848384000023 51.254054650000057)",Unfall 207066 (2020) Kat:3, Licht: 0,207066,3,2,4,05,18,2,0,0,1,1,0,0,0,0
"POINT (7.128374057000031 51.253934272000038)",Unfall 207159 (2020) Kat:3, Licht: 0,207159,3,1,1,05,18,3,0,0,1,1,0,0,0,0
"POINT (7.243785015000071 51.273538691000056)",Unfall 207215 (2020) Kat:2, Licht: 0,207215,2,3,5,05,16,7,0,0,1,1,0,0,0,0
"POINT (7.209705308000025 51.266260561000081)",Unfall 207216 (2020) Kat:2, Licht: 0,207216,2,4,6,05,15,2,0,0,0,1,1,0,0,0
"POINT (7.234100866000063 51.265864551000050)",Unfall 207246 (2020) Kat:3, Licht: 0,207246,3,6,2,05,14,6,0,0,0,1,0,0,0,0
"POINT (7.140184795000039 51.254913988000055)",Unfall 207249 (2020) Kat:3, Licht: 0,207249,3,3,0,05,09,6,0,0,1,1,0,0,0,0
"POINT (7.194010372000037 51.277398657000049)",Unfall 207371 (2020) Kat:3, Licht: 0,207371,3,3,5,05,11,6,0,0,0,1,0,1,0,0
"POINT (7.147400448000042 51.256257656000059)",Unfall 207547 (2020) Kat:3, Licht: 0,207547,3,7,6,05,15,5,0,0,0,0,1,0,0,1
"POINT (7.142075578000060 51.248463288000039)",Unfall 207652 (2020) Kat:3, Licht: 0,207652,3,4,6,05,17,4,0,0,1,0,1,0,0,0
"POINT (7.198825798000030 51.272406990000036)",Unfall 207659 (2020) Kat:3, Licht: 0,207659,3,6,2,05,17,5,0,0,0,1,0,1,0,0
"POINT (7.245267379000040 51.287261846000035)",Unfall 207761 (2020) Kat:3, Licht: 0,207761,3,7,9,05,16,5,0,0,0,1,0,0,0,0
"POINT (7.080555110000034 51.219721167000046)",Unfall 207797 (2020) Kat:3, Licht: 0,207797,3,1,0,05,11,1,0,0,0,1,0,1,0,0
"POINT (7.123976598000070 51.272757456000079)",Unfall 207855 (2020) Kat:3, Licht: 0,207855,3,2,4,06,10,2,0,0,0,1,0,0,0,0
"POINT (7.255416745000048 51.280414417000031)",Unfall 207900 (2020) Kat:3, Licht: 0,207900,3,4,6,05,14,7,0,0,0,1,1,0,0,0
"POINT (7.150414859000023 51.265892400000041)",Unfall 207902 (2020) Kat:3, Licht: 0,207902,3,4,6,05,18,7,0,0,0,1,1,0,0,0
"POINT (7.149625359000027 51.251161219000039)",Unfall 208082 (2020) Kat:3, Licht: 2,208082,3,1,0,06,21,5,1,2,0,0,0,1,0,0
"POINT (7.180245238000055 51.262886609000077)",Unfall 208188 (2020) Kat:2, Licht: 2,208188,2,1,0,06,22,5,1,2,0,0,0,1,0,0
"POINT (7.139197679000063 51.258860843000036)",Unfall 208238 (2020) Kat:3, Licht: 0,208238,3,4,0,06,13,5,0,0,0,1,1,0,0,0
"POINT (7.207991344000050 51.276437076000036)",Unfall 208431 (2020) Kat:3, Licht: 0,208431,3,3,5,06,15,7,0,0,0,1,0,0,0,0
"POINT (7.146075068000073 51.247663517000035)",Unfall 208516 (2020) Kat:3, Licht: 0,208516,3,4,6,06,09,2,0,0,0,1,1,0,0,0
"POINT (7.205155587000036 51.217510165000078)",Unfall 208518 (2020) Kat:3, Licht: 0,208518,3,7,0,06,16,2,0,0,1,0,0,0,0,0
"POINT (7.208413277000034 51.277053082000066)",Unfall 208522 (2020) Kat:3, Licht: 0,208522,3,3,5,06,19,6,1,0,1,1,0,0,0,0
"POINT (7.204200160000028 51.227734252000062)",Unfall 208613 (2020) Kat:3, Licht: 0,208613,3,7,0,06,16,6,0,0,0,1,0,0,1,0
"POINT (7.239741501000026 51.278024505000076)",Unfall 208729 (2020) Kat:3, Licht: 0,208729,3,7,6,06,15,4,0,0,0,1,1,0,0,0
"POINT (7.190483632000053 51.225753882000049)",Unfall 208734 (2020) Kat:3, Licht: 0,208734,3,6,2,06,08,4,0,0,1,1,0,0,0,0
"POINT (7.135969332000059 51.232379561000073)",Unfall 208770 (2020) Kat:3, Licht: 2,208770,3,6,1,06,00,5,0,2,1,0,0,0,0,0
"POINT (7.188639121000051 51.270832274000043)",Unfall 208850 (2020) Kat:3, Licht: 1,208850,3,1,0,06,20,4,1,1,0,0,0,1,0,0
"POINT (7.154724297000030 51.261201466000045)",Unfall 208851 (2020) Kat:2, Licht: 0,208851,2,3,5,06,20,4,1,0,0,1,0,0,0,0
"POINT (7.186018651000040 51.271760234000055)",Unfall 208861 (2020) Kat:2, Licht: 2,208861,2,6,2,06,14,2,0,2,1,0,1,0,0,0
"POINT (7.181070955000052 51.285183135000068)",Unfall 208988 (2020) Kat:2, Licht: 0,208988,2,2,5,06,07,3,1,0,1,1,0,0,0,0
"POINT (7.163900215000069 51.255892277000044)",Unfall 208989 (2020) Kat:3, Licht: 0,208989,3,2,2,06,08,3,1,0,0,1,0,0,0,0
"POINT (7.127511752000032 51.252411080000059)",Unfall 209104 (2020) Kat:3, Licht: 0,209104,3,5,1,06,06,6,0,0,1,1,0,0,0,0
"POINT (7.239021549000029 51.286595087000080)",Unfall 209160 (2020) Kat:3, Licht: 0,209160,3,1,8,06,17,6,0,0,1,0,0,0,0,0
"POINT (7.208441319000031 51.271992802000057)",Unfall 209188 (2020) Kat:3, Licht: 0,209188,3,3,5,06,14,1,0,0,1,1,0,0,0,0
"POINT (7.135164720000034 51.251016505000052)",Unfall 209213 (2020) Kat:3, Licht: 0,209213,3,3,5,06,09,6,0,0,0,0,0,0,0,1
"POINT (7.182713620000072 51.281054903000040)",Unfall 209320 (2020) Kat:3, Licht: 0,209320,3,2,5,06,13,6,0,0,0,1,0,1,0,0
"POINT (7.128129963000049 51.191992671000037)",Unfall 209349 (2020) Kat:3, Licht: 2,209349,3,1,1,06,01,1,0,2,0,1,0,0,0,0
"POINT (7.153693368000063 51.249214490000043)",Unfall 209409 (2020) Kat:2, Licht: 0,209409,2,1,9,06,14,4,0,0,0,0,0,1,0,0
"POINT (7.191930636000052 51.272234993000041)",Unfall 209558 (2020) Kat:3, Licht: 0,209558,3,2,5,06,13,3,0,0,1,1,0,0,0,0
"POINT (7.139284143000054 51.261266449000061)",Unfall 209638 (2020) Kat:3, Licht: 0,209638,3,2,6,06,14,2,0,0,0,1,1,0,0,0
"POINT (7.198225895000064 51.270889707000038)",Unfall 209641 (2020) Kat:3, Licht: 0,209641,3,1,6,06,10,6,0,0,0,1,1,0,0,0
"POINT (7.137795023000024 51.259922220000078)",Unfall 209689 (2020) Kat:3, Licht: 0,209689,3,2,5,06,13,6,0,0,1,1,0,0,0,0
"POINT (7.125065393000057 51.262970114000041)",Unfall 209742 (2020) Kat:3, Licht: 0,209742,3,7,1,06,09,2,1,0,0,1,0,1,1,0
"POINT (7.142743773000063 51.264015356000073)",Unfall 209778 (2020) Kat:3, Licht: 0,209778,3,6,6,06,17,7,0,0,0,1,1,0,0,0
"POINT (7.220550410000044 51.280176489000041)",Unfall 209791 (2020) Kat:3, Licht: 2,209791,3,1,9,06,22,2,0,2,1,1,0,0,0,0
"POINT (7.074711382000032 51.231476159000067)",Unfall 209795 (2020) Kat:3, Licht: 0,209795,3,4,6,06,11,6,0,0,0,1,1,0,0,0
"POINT (7.128157956000052 51.256594515000074)",Unfall 209878 (2020) Kat:2, Licht: 0,209878,2,1,0,07,08,5,0,0,1,0,0,0,0,0
"POINT (7.213059361000035 51.272514918000070)",Unfall 209996 (2020) Kat:3, Licht: 0,209996,3,3,5,07,14,4,0,0,0,1,0,0,0,0
"POINT (7.220313858000054 51.288934958000027)",Unfall 210119 (2020) Kat:2, Licht: 0,210119,2,1,0,07,17,2,1,0,1,0,0,0,0,0
"POINT (7.186710121000033 51.243547565000028)",Unfall 210134 (2020) Kat:2, Licht: 0,210134,2,6,3,07,20,4,1,0,0,1,0,0,0,0
"POINT (7.190255412000056 51.265865312000074)",Unfall 210161 (2020) Kat:3, Licht: 0,210161,3,7,7,07,07,3,0,0,0,1,0,0,0,0
"POINT (7.163657172000058 51.255416487000048)",Unfall 210300 (2020) Kat:3, Licht: 0,210300,3,1,0,07,11,1,1,0,0,0,0,1,0,0
"POINT (7.209280087000025 51.270595986000046)",Unfall 210316 (2020) Kat:3, Licht: 0,210316,3,7,0,07,00,3,0,0,0,1,1,0,0,0
"POINT (7.190441011000075 51.265757504000078)",Unfall 210347 (2020) Kat:3, Licht: 0,210347,3,1,4,07,18,6,0,0,1,1,0,0,0,0
"POINT (7.092238080000072 51.242087612000034)",Unfall 210360 (2020) Kat:3, Licht: 0,210360,3,6,2,07,09,6,0,0,0,1,0,0,0,1
"POINT (7.191007887000069 51.268150804000072)",Unfall 210374 (2020) Kat:2, Licht: 0,210374,2,7,0,07,09,2,0,0,0,1,0,0,0,1
"POINT (7.108408652000037 51.280149868000080)",Unfall 210468 (2020) Kat:2, Licht: 0,210468,2,1,8,07,17,5,0,0,0,1,0,0,0,0
"POINT (7.077852901000028 51.220281982000074)",Unfall 210529 (2020) Kat:3, Licht: 1,210529,3,7,0,07,20,2,0,1,0,1,1,0,0,0
"POINT (7.069841933000021 51.220609386000035)",Unfall 210575 (2020) Kat:3, Licht: 0,210575,3,6,4,07,17,1,0,0,0,1,0,0,0,0
"POINT (7.138527381000074 51.255009152000071)",Unfall 210651 (2020) Kat:3, Licht: 0,210651,3,1,0,07,12,6,0,0,0,1,0,0,0,0
"POINT (7.191888310000024 51.270153033000042)",Unfall 210706 (2020) Kat:3, Licht: 0,210706,3,5,1,07,12,6,0,0,1,1,0,0,0,0
"POINT (7.154566135000039 51.272092114000031)",Unfall 210758 (2020) Kat:1, Licht: 1,210758,1,1,4,07,20,6,0,1,0,0,0,1,0,1
"POINT (7.193048017000024 51.273491949000061)",Unfall 210766 (2020) Kat:3, Licht: 2,210766,3,6,3,07,22,4,0,2,0,1,0,1,0,0
"POINT (7.133381791000033 51.264740975000052)",Unfall 210825 (2020) Kat:3, Licht: 2,210825,3,1,8,07,00,3,0,2,0,1,0,0,0,0
"POINT (7.219900409000047 51.281536126000049)",Unfall 210865 (2020) Kat:3, Licht: 0,210865,3,1,0,07,15,6,0,0,1,0,0,0,0,0
"POINT (7.131290399000022 51.266638131000036)",Unfall 210896 (2020) Kat:2, Licht: 0,210896,2,1,7,07,17,1,0,0,1,0,0,0,0,0
"POINT (7.143884995000065 51.259889147000081)",Unfall 211042 (2020) Kat:2, Licht: 0,211042,2,4,6,07,14,3,0,0,0,0,1,1,0,0
"POINT (7.163684231000048 51.255484201000058)",Unfall 211076 (2020) Kat:3, Licht: 1,211076,3,7,0,07,22,2,0,1,0,1,1,0,0,0
"POINT (7.207686787000057 51.276012928000057)",Unfall 211144 (2020) Kat:2, Licht: 0,211144,2,4,6,07,18,3,0,0,0,1,1,0,0,0
"POINT (7.146133908000024 51.257172000000025)",Unfall 211145 (2020) Kat:2, Licht: 2,211145,2,1,0,07,00,1,0,2,1,0,0,0,0,0
"POINT (7.128756141000054 51.244972054000073)",Unfall 211231 (2020) Kat:3, Licht: 0,211231,3,1,2,07,14,7,1,0,1,1,0,0,0,0
"POINT (7.177072438000039 51.259508968000034)",Unfall 211246 (2020) Kat:3, Licht: 0,211246,3,6,2,07,13,5,0,0,0,1,0,0,0,0
"POINT (7.148033871000052 51.250857783000072)",Unfall 211256 (2020) Kat:2, Licht: 0,211256,2,7,6,07,11,5,0,0,0,1,1,0,0,0
"POINT (7.133998779000024 51.260999947000073)",Unfall 211387 (2020) Kat:3, Licht: 0,211387,3,6,8,07,07,2,0,0,1,1,0,0,0,0
"POINT (7.148776004000069 51.257096189000038)",Unfall 211638 (2020) Kat:3, Licht: 0,211638,3,7,0,07,09,6,0,0,0,1,1,0,0,0
"POINT (7.177270567000051 51.265313657000036)",Unfall 211701 (2020) Kat:3, Licht: 0,211701,3,6,4,08,16,7,0,0,1,1,0,0,0,0
"POINT (7.223720539000055 51.270074308000062)",Unfall 211706 (2020) Kat:3, Licht: 0,211706,3,3,5,08,15,7,0,0,1,1,0,0,0,0
"POINT (7.148103043000049 51.274797133000050)",Unfall 211745 (2020) Kat:2, Licht: 0,211745,2,6,3,08,20,2,0,0,1,0,0,0,0,0
"POINT (7.135976226000025 51.232374867000033)",Unfall 211816 (2020) Kat:2, Licht: 0,211816,2,3,5,08,15,3,0,0,1,1,0,0,0,0
"POINT (7.219636651000030 51.288025314000038)",Unfall 212135 (2020) Kat:3, Licht: 0,212135,3,7,6,08,19,4,0,0,0,1,1,0,0,0
"POINT (7.141876970000055 51.263294066000071)",Unfall 212172 (2020) Kat:3, Licht: 0,212172,3,3,5,08,11,4,0,0,0,1,0,1,0,0
"POINT (7.148006986000041 51.270782043000054)",Unfall 212206 (2020) Kat:3, Licht: 0,212206,3,4,6,08,16,2,0,0,0,1,1,0,0,0
"POINT (7.143049142000052 51.255746053000053)",Unfall 212207 (2020) Kat:3, Licht: 0,212207,3,3,5,08,12,2,0,0,1,1,0,0,0,0
"POINT (7.128369494000026 51.259771207000028)",Unfall 212284 (2020) Kat:3, Licht: 1,212284,3,3,5,08,21,1,0,1,1,1,0,0,0,0
"POINT (7.160975678000057 51.297109386000045)",Unfall 212287 (2020) Kat:3, Licht: 0,212287,3,1,0,08,16,1,0,0,0,1,0,0,0,0
"POINT (7.192184277000024 51.279926056000079)",Unfall 212337 (2020) Kat:3, Licht: 0,212337,3,5,1,08,20,3,0,0,0,1,0,1,0,0
"POINT (7.148029578000035 51.283040502000063)",Unfall 212375 (2020) Kat:3, Licht: 0,212375,3,2,5,08,06,3,0,0,0,0,0,1,0,1
"POINT (7.173152446000074 51.263129332000062)",Unfall 212439 (2020) Kat:3, Licht: 0,212439,3,2,5,08,15,7,1,0,1,1,0,0,0,0
"POINT (7.075821850000068 51.219105814000045)",Unfall 212493 (2020) Kat:3, Licht: 1,212493,3,1,8,08,20,6,1,1,1,1,0,0,0,0
"POINT (7.141012333000049 51.182949795000070)",Unfall 212612 (2020) Kat:3, Licht: 0,212612,3,1,9,08,11,4,0,0,0,1,0,0,0,0
"POINT (7.150006085000030 51.238083824000057)",Unfall 212648 (2020) Kat:3, Licht: 0,212648,3,5,0,08,06,6,0,0,0,1,0,0,0,1
"POINT (7.187802779000037 51.230063843000039)",Unfall 212789 (2020) Kat:3, Licht: 1,212789,3,7,2,08,19,3,1,1,0,1,0,0,0,0
"POINT (7.239974673000063 51.283928499000069)",Unfall 212806 (2020) Kat:3, Licht: 0,212806,3,3,3,08,16,1,0,0,1,1,0,0,0,0
"POINT (7.115462734000062 51.276430371000060)",Unfall 212897 (2020) Kat:3, Licht: 0,212897,3,7,0,08,17,2,1,0,1,1,0,0,0,0
"POINT (7.143881551000050 51.265492954000081)",Unfall 212899 (2020) Kat:3, Licht: 0,212899,3,3,5,08,18,2,0,0,1,1,0,0,0,0
"POINT (7.194532934000051 51.269795576000035)",Unfall 212938 (2020) Kat:3, Licht: 0,212938,3,1,0,08,13,4,0,0,1,0,0,0,0,0
"POINT (7.146031596000057 51.266619793000075)",Unfall 212940 (2020) Kat:3, Licht: 0,212940,3,6,1,08,16,4,0,0,1,1,0,0,0,0
"POINT (7.209410045000027 51.275664371000062)",Unfall 213171 (2020) Kat:3, Licht: 0,213171,3,3,5,08,14,6,0,0,1,1,0,0,0,0
"POINT (7.139636247000055 51.260171581000066)",Unfall 213193 (2020) Kat:2, Licht: 1,213193,2,1,0,08,19,7,0,1,1,0,0,0,0,0
"POINT (7.228065328000071 51.270032798000045)",Unfall 213196 (2020) Kat:3, Licht: 0,213196,3,3,5,08,12,6,0,0,1,0,0,0,0,1
"POINT (7.235804463000022 51.273368128000072)",Unfall 213286 (2020) Kat:2, Licht: 0,213286,2,2,6,08,07,2,0,0,0,1,1,0,0,0
"POINT (7.250780133000035 51.281970557000079)",Unfall 213290 (2020) Kat:3, Licht: 2,213290,3,2,7,08,04,2,1,2,1,0,0,0,0,0
"POINT (7.157322849000025 51.270283731000063)",Unfall 213332 (2020) Kat:3, Licht: 0,213332,3,6,2,08,11,4,0,0,0,1,0,0,0,0
"POINT (7.225275011000065 51.278777881000053)",Unfall 213354 (2020) Kat:3, Licht: 0,213354,3,6,2,08,16,1,1,0,0,1,0,0,0,0