WKT,Name,OBJECTID,UKATEGORIE,UTYP1,UART,UMONAT,USTUNDE,UWOCHENTAG,STRZUSTAND,ULICHTVERH,ISTRAD,ISTPKW,ISTFUSS,ISTKRAD,ISTGKFZ,ISTSONSTIG
"POINT (7.108074915000032 51.252712627000051)",Unfall 213538 (2020) Kat:2, Licht: 2,213538,2,1,0,08,05,6,1,2,1,0,0,0,0,0
"POINT (7.178956287000062 51.298010200000078)",Unfall 213617 (2020) Kat:3, Licht: 0,213617,3,4,0,08,13,7,0,0,1,0,0,0,0,1
"POINT (7.137324895000063 51.258248307000031)",Unfall 213684 (2020) Kat:3, Licht: 0,213684,3,4,6,08,12,5,0,0,0,1,1,0,0,0
"POINT (7.060362511000051 51.233413666000047)",Unfall 213771 (2020) Kat:3, Licht: 0,213771,3,3,5,09,14,4,0,0,1,1,0,0,0,0
"POINT (7.229175386000065 51.285909996000044)",Unfall 213853 (2020) Kat:3, Licht: 0,213853,3,2,4,09,08,3,0,0,0,1,0,0,0,0
"POINT (7.175850971000045 51.262480239000070)",Unfall 213879 (2020) Kat:3, Licht: 0,213879,3,6,2,09,07,4,0,0,0,1,0,1,0,0
"POINT (7.150961328000051 51.250488729000040)",Unfall 213983 (2020) Kat:3, Licht: 0,213983,3,5,1,08,16,2,0,0,1,1,0,0,0,0
"POINT (7.207342759000028 51.277182342000060)",Unfall 214120 (2020) Kat:3, Licht: 0,214120,3,4,6,09,13,6,1,0,0,1,1,0,0,0
"POINT (7.131727468000065 51.257232579000060)",Unfall 214244 (2020) Kat:3, Licht: 0,214244,3,6,2,09,13,3,0,0,0,1,0,0,0,0
"POINT (7.140491850000046 51.265622229000030)",Unfall 214295 (2020) Kat:3, Licht: 0,214295,3,3,5,09,16,5,0,0,1,1,0,0,0,0
"POINT (7.130930857000067 51.251732194000056)",Unfall 214319 (2020) Kat:3, Licht: 0,214319,3,5,1,09,19,4,0,0,1,1,0,0,0,0
"POINT (7.078009531000021 51.221880449000082)",Unfall 214399 (2020) Kat:3, Licht: 0,214399,3,1,0,09,18,5,0,0,0,0,0,1,0,0
"POINT (7.150679254000067 51.258459889000051)",Unfall 214426 (2020) Kat:2, Licht: 0,214426,2,1,0,09,17,4,0,0,0,1,0,0,0,0
"POINT (7.194073318000051 51.267440010000030)",Unfall 214559 (2020) Kat:3, Licht: 0,214559,3,2,4,09,07,6,0,0,0,1,0,0,0,0
"POINT (7.141796060000047 51.256884627000034)",Unfall 214568 (2020) Kat:2, Licht: 0,214568,2,6,2,09,13,6,0,0,0,1,0,1,0,0
"POINT (7.142584789000068 51.233581184000059)",Unfall 214648 (2020) Kat:2, Licht: 0,214648,2,4,6,09,19,7,0,0,0,1,1,0,0,0
"POINT (7.277563530000066 51.243496616000073)",Unfall 214650 (2020) Kat:3, Licht: 0,214650,3,4,6,09,12,7,0,0,0,1,1,0,0,0
"POINT (7.173134766000032 51.263149757000065)",Unfall 215070 (2020) Kat:3, Licht: 0,215070,3,2,5,09,09,6,0,0,1,1,0,0,0,0
"POINT (7.060174083000049 51.219615569000041)",Unfall 215130 (2020) Kat:3, Licht: 0,215130,3,7,0,09,11,1,0,0,1,0,0,0,0,0
"POINT (7.153044040000054 51.247220330000061)",Unfall 215219 (2020) Kat:3, Licht: 0,215219,3,5,0,09,14,5,0,0,1,1,0,0,0,0
"POINT (7.106607781000037 51.256607264000081)",Unfall 215225 (2020) Kat:3, Licht: 0,215225,3,3,5,09,15,5,0,0,1,1,0,0,0,0
"POINT (7.182507576000035 51.263622297000040)",Unfall 215235 (2020) Kat:2, Licht: 0,215235,2,4,6,09,17,1,0,0,0,1,1,0,0,0
"POINT (7.152993654000056 51.255340379000074)",Unfall 215268 (2020) Kat:3, Licht: 0,215268,3,5,6,09,11,3,0,0,0,1,1,0,0,0
"POINT (7.119358984000030 51.253880054000035)",Unfall 215270 (2020) Kat:3, Licht: 0,215270,3,4,0,09,11,4,0,0,0,1,1,0,0,0
"POINT (7.175349091000044 51.273116910000056)",Unfall 215280 (2020) Kat:2, Licht: 0,215280,2,5,1,09,15,2,0,0,0,1,0,0,0,0
"POINT (7.207630826000070 51.284743031000062)",Unfall 215286 (2020) Kat:3, Licht: 0,215286,3,7,0,09,13,2,0,0,0,1,1,0,0,0
"POINT (7.181424835000030 51.261835272000042)",Unfall 215289 (2020) Kat:3, Licht: 0,215289,3,3,5,09,16,2,0,0,0,1,0,0,0,0
"POINT (7.138770090000037 51.247596188000045)",Unfall 215658 (2020) Kat:3, Licht: 0,215658,3,7,6,09,18,5,0,0,0,1,1,0,0,0
"POINT (7.145557945000064 51.260990895000077)",Unfall 215665 (2020) Kat:2, Licht: 0,215665,2,7,0,09,09,2,1,0,0,0,0,1,0,0
"POINT (7.266604099000062 51.280497396000044)",Unfall 215819 (2020) Kat:3, Licht: 1,215819,3,3,5,09,18,3,1,1,0,1,0,0,0,1
"POINT (7.153366175000031 51.268893636000030)",Unfall 215867 (2020) Kat:2, Licht: 0,215867,2,1,0,09,15,3,1,0,0,0,0,1,0,0
"POINT (7.200089910000031 51.227135222000072)",Unfall 215907 (2020) Kat:3, Licht: 0,215907,3,5,0,09,18,3,0,0,0,1,0,0,0,0
"POINT (7.225929224000026 51.279830343000071)",Unfall 215957 (2020) Kat:3, Licht: 2,215957,3,5,1,09,22,4,0,2,0,1,0,0,0,1
"POINT (7.196868793000022 51.229981491000046)",Unfall 215963 (2020) Kat:3, Licht: 1,215963,3,4,6,09,07,4,1,1,1,0,1,0,0,0
"POINT (7.148617584000022 51.231748268000047)",Unfall 215966 (2020) Kat:3, Licht: 0,215966,3,7,2,09,13,4,0,0,1,1,0,0,0,0
"POINT (7.146590772000025 51.255355665000081)",Unfall 215974 (2020) Kat:3, Licht: 0,215974,3,3,5,09,07,3,1,0,1,1,0,0,0,0
"POINT (7.197090941000056 51.270860465000055)",Unfall 216034 (2020) Kat:3, Licht: 0,216034,3,7,0,10,14,5,1,0,0,1,1,0,0,0
"POINT (7.244073565000065 51.275647441000046)",Unfall 216068 (2020) Kat:3, Licht: 2,216068,3,5,8,10,08,6,1,2,0,1,0,0,0,1
"POINT (7.130870371000071 51.190724197000065)",Unfall 216070 (2020) Kat:3, Licht: 0,216070,3,7,0,10,18,6,1,0,1,0,0,0,0,0
"POINT (7.196861466000030 51.268050438000046)",Unfall 216095 (2020) Kat:3, Licht: 0,216095,3,5,6,10,12,2,1,0,0,1,1,0,0,0
"POINT (7.261786593000068 51.284691713000029)",Unfall 216163 (2020) Kat:3, Licht: 0,216163,3,6,1,10,17,1,1,0,0,1,0,0,0,0
"POINT (7.175934200000029 51.260019089000082)",Unfall 216193 (2020) Kat:3, Licht: 0,216193,3,7,0,10,13,3,1,0,0,0,0,1,0,0
"POINT (7.140194539000049 51.254903130000059)",Unfall 216271 (2020) Kat:3, Licht: 0,216271,3,3,5,10,09,2,1,0,1,1,0,0,0,0
"POINT (7.218739399000071 51.278875562000053)",Unfall 216273 (2020) Kat:3, Licht: 0,216273,3,3,5,10,18,1,1,0,0,1,0,1,0,0
"POINT (7.136669780000034 51.258045798000069)",Unfall 216312 (2020) Kat:3, Licht: 2,216312,3,3,5,10,19,7,1,2,0,1,0,1,0,0
"POINT (7.184061901000064 51.263494167000033)",Unfall 216569 (2020) Kat:3, Licht: 0,216569,3,1,1,10,11,1,0,0,0,1,0,1,0,0
"POINT (7.257689805000041 51.281011293000063)",Unfall 216724 (2020) Kat:3, Licht: 0,216724,3,7,0,10,14,7,0,0,0,1,1,0,0,0
"POINT (7.063384783000061 51.230922393000071)",Unfall 216758 (2020) Kat:2, Licht: 2,216758,2,2,9,10,18,4,0,2,0,1,0,0,0,0
"POINT (7.145678941000028 51.276822662000029)",Unfall 216852 (2020) Kat:2, Licht: 0,216852,2,1,0,10,16,7,0,0,1,0,0,0,0,0
"POINT (7.137041951000072 51.181719422000072)",Unfall 216943 (2020) Kat:3, Licht: 0,216943,3,6,0,10,16,4,0,0,0,1,0,0,0,1
"POINT (7.205437514000039 51.276855310000030)",Unfall 216952 (2020) Kat:3, Licht: 0,216952,3,3,5,10,15,3,1,0,0,1,0,0,0,0
"POINT (7.233525913000051 51.286043265000046)",Unfall 217225 (2020) Kat:3, Licht: 2,217225,3,2,2,10,07,6,1,2,0,1,0,0,0,0
"POINT (7.209585668000045 51.276240345000076)",Unfall 217227 (2020) Kat:2, Licht: 0,217227,2,3,5,10,14,6,0,0,0,1,0,1,0,0
"POINT (7.272488632000034 51.278987632000053)",Unfall 217231 (2020) Kat:3, Licht: 0,217231,3,6,0,10,12,1,1,0,0,1,0,0,0,0
"POINT (7.195319132000066 51.265312179000034)",Unfall 217265 (2020) Kat:3, Licht: 0,217265,3,3,0,10,16,5,0,0,0,1,0,0,0,0
"POINT (7.210001530000056 51.262764773000072)",Unfall 217359 (2020) Kat:3, Licht: 2,217359,3,6,1,10,18,5,1,2,0,1,0,0,0,0
"POINT (7.218314517000067 51.280200069000045)",Unfall 217488 (2020) Kat:3, Licht: 0,217488,3,7,6,10,11,6,1,0,0,1,1,0,0,0
"POINT (7.144809163000048 51.260963343000071)",Unfall 217507 (2020) Kat:3, Licht: 2,217507,3,3,5,10,22,6,1,2,0,1,0,0,0,0
"POINT (7.146036614000025 51.251795001000062)",Unfall 217531 (2020) Kat:3, Licht: 2,217531,3,1,0,10,21,6,1,2,0,0,0,1,0,0
"POINT (7.059498252000026 51.214235453000072)",Unfall 217643 (2020) Kat:2, Licht: 2,217643,2,7,0,11,05,4,0,2,0,1,1,0,0,0
"POINT (7.204283115000067 51.272720639000056)",Unfall 217714 (2020) Kat:3, Licht: 2,217714,3,2,0,11,18,2,1,2,0,1,1,0,0,0
"POINT (7.234534493000069 51.282913452000059)",Unfall 217731 (2020) Kat:3, Licht: 0,217731,3,7,0,11,15,3,0,0,0,1,0,0,0,1
"POINT (7.200328966000029 51.225318349000077)",Unfall 217820 (2020) Kat:3, Licht: 2,217820,3,6,2,11,17,2,1,2,0,1,0,0,0,0
"POINT (7.188712113000065 51.284336652000036)",Unfall 218060 (2020) Kat:3, Licht: 0,218060,3,5,0,11,15,5,0,0,0,1,0,0,0,1
"POINT (7.143257604000041 51.246765192000055)",Unfall 218061 (2020) Kat:3, Licht: 0,218061,3,4,6,11,13,5,0,0,0,1,1,0,0,0
"POINT (7.230515037000032 51.277470635000043)",Unfall 218110 (2020) Kat:3, Licht: 0,218110,3,7,6,11,16,7,0,0,0,0,1,0,0,1
"POINT (7.198867613000061 51.272343151000030)",Unfall 218510 (2020) Kat:3, Licht: 0,218510,3,3,5,11,14,1,0,0,0,1,0,0,0,0
"POINT (7.070377395000037 51.218547568000076)",Unfall 218531 (2020) Kat:3, Licht: 2,218531,3,1,8,11,19,1,1,2,0,1,0,0,0,0
"POINT (7.155254090000028 51.243287642000041)",Unfall 218660 (2020) Kat:3, Licht: 0,218660,3,3,5,11,10,3,1,0,1,1,0,0,0,0
"POINT (7.202568014000065 51.227895770000032)",Unfall 218670 (2020) Kat:3, Licht: 0,218670,3,2,0,11,09,2,1,0,0,1,1,0,0,0
"POINT (7.231822930000021 51.287165949000041)",Unfall 218697 (2020) Kat:3, Licht: 2,218697,3,2,4,11,20,3,0,2,0,1,0,1,0,0
"POINT (7.177656130000059 51.273852851000072)",Unfall 218763 (2020) Kat:3, Licht: 0,218763,3,2,6,11,14,3,0,0,0,1,1,0,0,0
"POINT (7.218267650000030 51.234876351000082)",Unfall 218774 (2020) Kat:3, Licht: 2,218774,3,7,4,11,18,2,0,2,0,1,0,0,0,0
"POINT (7.178511457000070 51.283973213000081)",Unfall 218803 (2020) Kat:3, Licht: 0,218803,3,7,4,11,11,5,1,0,0,0,0,1,0,1
"POINT (7.135815038000033 51.251428431000079)",Unfall 218840 (2020) Kat:3, Licht: 0,218840,3,7,0,11,14,2,0,0,1,0,0,0,0,0
"POINT (7.225942262000046 51.273939963000032)",Unfall 218850 (2020) Kat:3, Licht: 0,218850,3,4,6,11,13,3,0,0,0,1,1,0,0,0
"POINT (7.255408791000036 51.280412323000064)",Unfall 218875 (2020) Kat:3, Licht: 1,218875,3,6,2,11,07,2,1,1,0,1,0,1,0,0
"POINT (7.141934591000052 51.256697467000038)",Unfall 218933 (2020) Kat:3, Licht: 0,218933,3,1,0,11,13,7,0,0,0,0,0,1,0,0
"POINT (7.212018732000047 51.270343631000060)",Unfall 218953 (2020) Kat:3, Licht: 1,218953,3,1,5,11,07,2,0,1,0,1,0,0,0,0
"POINT (7.227934292000043 51.270474746000048)",Unfall 219119 (2020) Kat:3, Licht: 0,219119,3,7,0,11,08,2,0,0,0,1,0,0,0,0
"POINT (7.187353369000050 51.270739741000057)",Unfall 219144 (2020) Kat:2, Licht: 1,219144,2,6,2,11,07,5,0,1,0,1,0,0,0,1
"POINT (7.186394958000051 51.294032805000029)",Unfall 219485 (2020) Kat:3, Licht: 2,219485,3,1,8,12,00,5,1,2,0,1,0,0,0,0
"POINT (7.199711607000040 51.256437338000069)",Unfall 219594 (2020) Kat:3, Licht: 0,219594,3,3,5,12,12,7,0,0,0,1,0,0,0,0
"POINT (7.166805348000025 51.257527979000031)",Unfall 219640 (2020) Kat:3, Licht: 0,219640,3,1,0,12,08,5,2,0,1,0,0,0,0,0
"POINT (7.202225889000033 51.230004813000050)",Unfall 219652 (2020) Kat:3, Licht: 2,219652,3,7,0,12,19,4,0,2,0,1,1,0,0,0
"POINT (7.118403072000035 51.268162243000063)",Unfall 219675 (2020) Kat:3, Licht: 2,219675,3,1,9,12,20,3,1,2,0,1,0,0,0,0
"POINT (7.174491351000029 51.284403484000052)",Unfall 219779 (2020) Kat:3, Licht: 2,219779,3,3,1,12,16,2,1,2,1,1,0,0,0,0
"POINT (7.082702477000055 51.232721576000074)",Unfall 219866 (2020) Kat:2, Licht: 2,219866,2,1,0,12,01,7,1,2,0,0,0,1,0,0
"POINT (7.232919063000054 51.285708530000079)",Unfall 220129 (2020) Kat:2, Licht: 0,220129,2,2,6,12,11,3,1,0,0,1,1,0,0,0
"POINT (7.195770686000060 51.272217385000033)",Unfall 220184 (2020) Kat:3, Licht: 0,220184,3,3,5,12,11,4,1,0,1,1,0,0,0,0
"POINT (7.148514462000037 51.270717836000074)",Unfall 220255 (2020) Kat:3, Licht: 2,220255,3,1,5,12,05,6,1,2,0,1,0,0,0,0
"POINT (7.191385176000040 51.269873759000063)",Unfall 220325 (2020) Kat:3, Licht: 0,220325,3,3,5,12,11,5,1,0,0,1,0,0,0,0
"POINT (7.103491878000057 51.247901547000026)",Unfall 220424 (2020) Kat:3, Licht: 0,220424,3,7,0,12,10,4,1,0,0,1,0,0,0,0
"POINT (7.141926263000073 51.256730688000061)",Unfall 220442 (2020) Kat:3, Licht: 2,220442,3,7,0,12,16,1,1,2,0,1,0,0,0,0
"POINT (7.168727865000051 51.268585071000075)",Unfall 32908 (2021) Kat:3, Licht: 2,32908,3,6,2,11,21,7,1,2,0,1,1,0,0,0
"POINT (7.142662269000027 51.249898601000041)",Unfall 32955 (2021) Kat:3, Licht: 0,32955,3,2,0,11,8,4,0,0,0,1,0,0,0,1
"POINT (7.162234312000066 51.256525971000030)",Unfall 32960 (2021) Kat:3, Licht: 0,32960,3,6,2,10,12,3,1,0,0,1,0,0,0,1
"POINT (7.174051437000060 51.261975124000060)",Unfall 32973 (2021) Kat:3, Licht: 2,32973,3,3,5,1,22,5,1,2,0,1,0,0,0,1
"POINT (7.166529338000032 51.258290482000064)",Unfall 32985 (2021) Kat:3, Licht: 0,32985,3,6,2,11,15,3,0,0,0,1,0,0,0,0
"POINT (7.156832084000030 51.264448965000042)",Unfall 33015 (2021) Kat:3, Licht: 2,33015,3,4,6,11,16,3,0,2,0,1,1,0,0,0
"POINT (7.176522119000026 51.262740900000040)",Unfall 33025 (2021) Kat:2, Licht: 0,33025,2,6,0,5,13,4,0,0,0,0,0,0,0,1
"POINT (7.102975322000020 51.239584180000065)",Unfall 33031 (2021) Kat:3, Licht: 0,33031,3,6,1,6,15,7,1,0,0,1,0,0,0,0
"POINT (7.139410277000025 51.254497350000065)",Unfall 33034 (2021) Kat:3, Licht: 0,33034,3,2,0,12,15,3,0,0,0,0,0,0,0,1
"POINT (7.146813175000034 51.254914481000071)",Unfall 33039 (2021) Kat:3, Licht: 2,33039,3,1,0,12,17,5,1,2,0,0,0,1,0,0
"POINT (7.125600137000049 51.270511801000055)",Unfall 33043 (2021) Kat:3, Licht: 0,33043,3,1,0,3,15,4,0,0,1,0,0,0,0,0
"POINT (7.155032056000039 51.250825923000036)",Unfall 33050 (2021) Kat:3, Licht: 0,33050,3,6,2,7,15,2,0,0,0,1,0,0,0,0
"POINT (7.120733900000062 51.263073457000075)",Unfall 33054 (2021) Kat:3, Licht: 0,33054,3,6,2,5,16,2,1,0,0,1,0,0,0,0
"POINT (7.109887790000073 51.255930658000068)",Unfall 33059 (2021) Kat:2, Licht: 2,33059,2,1,8,11,5,1,1,2,0,1,0,0,0,0
"POINT (7.133842006000066 51.252988201000051)",Unfall 33062 (2021) Kat:3, Licht: 0,33062,3,6,2,5,12,2,0,0,1,1,0,0,0,0
"POINT (7.128218384000036 51.251091734000056)",Unfall 33086 (2021) Kat:3, Licht: 0,33086,3,6,1,9,8,2,0,0,0,1,0,1,0,0
"POINT (7.152103140000065 51.222298002000059)",Unfall 33089 (2021) Kat:3, Licht: 1,33089,3,2,6,12,15,5,1,1,0,1,1,0,0,0
"POINT (7.142260615000055 51.250335921000044)",Unfall 33097 (2021) Kat:3, Licht: 2,33097,3,6,1,1,21,4,0,2,0,1,0,0,0,0
"POINT (7.108727054000042 51.248287122000079)",Unfall 33098 (2021) Kat:3, Licht: 0,33098,3,7,1,4,12,6,0,0,1,1,0,0,0,0
"POINT (7.055055075000041 51.223305966000055)",Unfall 33113 (2021) Kat:3, Licht: 0,33113,3,2,5,12,8,5,0,0,0,1,0,1,0,0
"POINT (7.140717976000076 51.256458550000048)",Unfall 33134 (2021) Kat:3, Licht: 2,33134,3,6,2,11,21,3,0,2,1,1,0,0,0,0
"POINT (7.049921777000066 51.210934243000054)",Unfall 33144 (2021) Kat:3, Licht: 0,33144,3,6,7,9,8,6,0,0,0,1,0,0,0,0
"POINT (7.070132938000029 51.231060367000055)",Unfall 33158 (2021) Kat:3, Licht: 0,33158,3,4,6,6,17,4,0,0,0,1,1,0,0,0
"POINT (7.131822889000034 51.252812015000075)",Unfall 33159 (2021) Kat:2, Licht: 0,33159,2,1,8,5,18,1,0,0,0,1,0,1,0,0
"POINT (7.147595149000040 51.266008545000034)",Unfall 33162 (2021) Kat:3, Licht: 0,33162,3,7,0,12,14,2,0,0,0,0,0,0,0,1
"POINT (7.075906282000062 51.253500710000026)",Unfall 33168 (2021) Kat:2, Licht: 0,33168,2,7,4,12,14,3,0,0,0,1,0,0,0,0
"POINT (7.147045156000047 51.249004764000063)",Unfall 33200 (2021) Kat:3, Licht: 0,33200,3,6,2,7,18,6,0,0,0,1,0,0,0,0
"POINT (7.155900761000055 51.257817808000027)",Unfall 33214 (2021) Kat:2, Licht: 2,33214,2,3,5,1,5,4,1,2,0,1,0,0,0,0
"POINT (7.102931600000034 51.238821354000038)",Unfall 33231 (2021) Kat:3, Licht: 2,33231,3,1,7,9,20,7,0,2,0,1,0,0,0,0
"POINT (7.139813572000037 51.254430262000028)",Unfall 33234 (2021) Kat:3, Licht: 0,33234,3,2,3,12,16,5,0,0,0,1,0,0,0,1
"POINT (7.153930818000049 51.201533409000035)",Unfall 33249 (2021) Kat:3, Licht: 0,33249,3,6,4,6,17,7,0,0,0,1,0,0,0,0
"POINT (7.123689855000066 51.280762840000079)",Unfall 33281 (2021) Kat:2, Licht: 0,33281,2,6,2,5,14,1,0,0,0,0,0,1,0,0
"POINT (7.104630173000032 51.249817058000076)",Unfall 33295 (2021) Kat:3, Licht: 2,33295,3,1,0,1,23,2,1,2,0,1,0,0,0,0
"POINT (7.129738249000070 51.266198191000058)",Unfall 33302 (2021) Kat:3, Licht: 0,33302,3,6,2,10,11,2,0,0,0,1,0,0,0,0
"POINT (7.148347841000032 51.258145391000028)",Unfall 33305 (2021) Kat:3, Licht: 0,33305,3,7,0,4,16,4,0,0,0,0,1,0,0,1
"POINT (7.137657040000022 51.250689677000082)",Unfall 33312 (2021) Kat:2, Licht: 0,33312,2,4,6,9,15,4,0,0,0,0,1,1,0,0
"POINT (7.146575047000056 51.252244042000029)",Unfall 33339 (2021) Kat:3, Licht: 0,33339,3,1,6,12,13,5,1,0,0,1,1,0,0,0
"POINT (7.155526828000063 51.256141081000067)",Unfall 33353 (2021) Kat:3, Licht: 0,33353,3,6,2,11,13,5,0,0,0,1,0,0,0,1
"POINT (7.144143724000060 51.248939948000043)",Unfall 33360 (2021) Kat:3, Licht: 0,33360,3,7,0,10,8,3,0,0,0,1,0,0,0,1
"POINT (7.124856126000054 51.263482969000052)",Unfall 33382 (2021) Kat:3, Licht: 2,33382,3,7,2,11,18,3,1,2,0,1,0,0,0,0
"POINT (7.128445378000038 51.251197086000047)",Unfall 33385 (2021) Kat:3, Licht: 0,33385,3,7,6,9,11,1,0,0,0,1,1,0,0,0
"POINT (7.109725613000023 51.255480792000071)",Unfall 33397 (2021) Kat:3, Licht: 0,33397,3,6,3,6,16,2,0,0,0,1,0,0,1,0
"POINT (7.155738175000067 51.276496998000027)",Unfall 33406 (2021) Kat:3, Licht: 2,33406,3,3,0,11,17,5,0,2,0,1,0,0,0,1
"POINT (7.139972035000028 51.261433057000033)",Unfall 33426 (2021) Kat:3, Licht: 0,33426,3,3,5,11,13,4,1,0,1,1,0,0,0,0
"POINT (7.141950400000042 51.250518983000063)",Unfall 33447 (2021) Kat:3, Licht: 0,33447,3,6,2,11,9,4,1,0,0,1,0,0,0,0
"POINT (7.082365959000072 51.268659996000054)",Unfall 33450 (2021) Kat:3, Licht: 2,33450,3,1,9,1,22,6,1,2,0,1,0,0,0,0
"POINT (7.138588025000047 51.254312958000071)",Unfall 33465 (2021) Kat:3, Licht: 2,33465,3,6,3,10,20,7,0,2,0,1,0,0,0,0
"POINT (7.043057283000053 51.248828411000034)",Unfall 33469 (2021) Kat:2, Licht: 0,33469,2,1,4,10,14,2,0,0,0,0,0,0,1,0
"POINT (7.148183222000057 51.259128891000046)",Unfall 33496 (2021) Kat:3, Licht: 0,33496,3,3,5,10,10,5,1,0,0,1,0,0,0,0
"POINT (7.171161578000067 51.261061745000063)",Unfall 33544 (2021) Kat:3, Licht: 0,33544,3,2,5,5,14,6,0,0,0,1,0,0,0,0
"POINT (7.167331786000034 51.239238252000064)",Unfall 33619 (2021) Kat:3, Licht: 0,33619,3,3,5,4,14,5,0,0,1,1,0,0,0,0
"POINT (7.107468049000033 51.216714753000076)",Unfall 33630 (2021) Kat:3, Licht: 0,33630,3,1,9,2,13,2,2,0,0,1,0,0,0,0
"POINT (7.075203697000063 51.233404002000043)",Unfall 33644 (2021) Kat:3, Licht: 0,33644,3,7,8,11,14,2,1,0,0,1,1,0,0,0
"POINT (7.085739362000027 51.259398501000078)",Unfall 33673 (2021) Kat:2, Licht: 1,33673,2,3,5,9,6,5,0,1,0,1,0,0,0,0
"POINT (7.152798492000045 51.234373731000062)",Unfall 33676 (2021) Kat:3, Licht: 0,33676,3,7,6,9,18,5,0,0,1,0,1,0,0,0
"POINT (7.073344434000035 51.265598142000044)",Unfall 33734 (2021) Kat:2, Licht: 0,33734,2,3,5,9,10,1,0,0,0,1,0,0,0,0
"POINT (7.132127691000051 51.254182154000034)",Unfall 33735 (2021) Kat:3, Licht: 0,33735,3,7,0,6,17,2,0,0,0,0,0,1,0,0
"POINT (7.128433211000072 51.251191439000081)",Unfall 33773 (2021) Kat:3, Licht: 0,33773,3,3,3,10,13,4,1,0,0,1,0,0,0,0
"POINT (7.140784655000061 51.267331660000082)",Unfall 33824 (2021) Kat:3, Licht: 2,33824,3,6,2,11,17,3,1,2,0,1,0,0,0,0
"POINT (7.094764436000048 51.233275453000033)",Unfall 33826 (2021) Kat:3, Licht: 1,33826,3,6,2,10,8,5,1,1,0,1,0,0,0,0
"POINT (7.129860635000057 51.265246999000055)",Unfall 33828 (2021) Kat:3, Licht: 0,33828,3,6,2,9,7,6,0,0,0,1,0,0,0,0
"POINT (7.057424264000076 51.216399926000065)",Unfall 33829 (2021) Kat:3, Licht: 0,33829,3,6,2,4,7,4,0,0,0,1,0,0,0,0
"POINT (7.069622356000025 51.230862063000075)",Unfall 33843 (2021) Kat:2, Licht: 0,33843,2,4,6,11,10,6,0,0,0,1,1,0,0,0
"POINT (7.132464119000076 51.253836126000067)",Unfall 33878 (2021) Kat:3, Licht: 0,33878,3,2,0,2,10,7,0,0,0,1,0,0,0,1
"POINT (7.133692025000073 51.253060836000031)",Unfall 33895 (2021) Kat:3, Licht: 2,33895,3,1,0,10,22,6,1,2,0,0,0,1,0,0
"POINT (7.175656737000054 51.261440339000046)",Unfall 33911 (2021) Kat:3, Licht: 2,33911,3,3,5,10,1,1,0,2,0,1,0,0,0,0
"POINT (7.163725144000068 51.257068786000048)",Unfall 33912 (2021) Kat:3, Licht: 2,33912,3,3,6,12,16,7,1,2,0,1,1,0,0,0
"POINT (7.150101752000069 51.257016524000051)",Unfall 33913 (2021) Kat:3, Licht: 0,33913,3,6,3,6,12,7,0,0,0,1,0,0,0,0
"POINT (7.102948125000069 51.238950721000037)",Unfall 33917 (2021) Kat:3, Licht: 0,33917,3,1,0,1,8,2,1,0,0,1,0,0,0,0
"POINT (7.148563847000048 51.268589609000060)",Unfall 33950 (2021) Kat:2, Licht: 1,33950,2,3,5,2,16,7,1,1,0,1,0,0,0,1
"POINT (7.128216237000061 51.268156781000073)",Unfall 33971 (2021) Kat:3, Licht: 0,33971,3,7,0,11,13,3,0,0,0,1,0,0,0,1
"POINT (7.168465111000046 51.280316355000082)",Unfall 33973 (2021) Kat:3, Licht: 0,33973,3,2,5,5,17,5,0,0,0,1,0,0,0,1
"POINT (7.153124103000039 51.258890697000027)",Unfall 33974 (2021) Kat:3, Licht: 0,33974,3,3,5,1,15,6,0,0,1,1,0,0,0,0
"POINT (7.123375831000033 51.280761112000050)",Unfall 34003 (2021) Kat:3, Licht: 0,34003,3,6,3,11,16,4,1,0,0,1,0,0,0,0
"POINT (7.151588072000038 51.224878138000065)",Unfall 34012 (2021) Kat:3, Licht: 1,34012,3,2,5,12,16,3,1,1,0,1,0,0,0,0
"POINT (7.116088659000070 51.249463192000064)",Unfall 34016 (2021) Kat:3, Licht: 1,34016,3,2,2,1,8,3,1,1,0,1,0,0,0,1
"POINT (7.141267732000074 51.251660230000027)",Unfall 34020 (2021) Kat:3, Licht: 0,34020,3,7,2,6,19,4,0,0,0,1,0,0,0,0
"POINT (7.116407850000030 51.283001748000061)",Unfall 34035 (2021) Kat:3, Licht: 0,34035,3,6,6,6,9,5,0,0,1,0,1,0,0,0
"POINT (7.150147127000025 51.228538498000034)",Unfall 34054 (2021) Kat:3, Licht: 1,34054,3,2,5,12,16,4,1,1,1,1,0,0,0,0
"POINT (7.044896652000034 51.248262543000067)",Unfall 34066 (2021) Kat:3, Licht: 2,34066,3,1,8,2,5,7,0,2,0,0,0,0,0,1
"POINT (7.168889482000054 51.280480125000054)",Unfall 34074 (2021) Kat:3, Licht: 0,34074,3,2,3,6,12,6,0,0,0,1,0,1,0,0
"POINT (7.068136994000042 51.233332856000061)",Unfall 34100 (2021) Kat:3, Licht: 0,34100,3,2,4,6,14,3,0,0,0,1,0,0,0,0
"POINT (7.153277026000069 51.255256840000072)",Unfall 34114 (2021) Kat:3, Licht: 0,34114,3,7,0,2,8,7,1,0,0,0,0,0,0,1