WKT,Name,OBJECTID,UKATEGORIE,UTYP1,UART,UMONAT,USTUNDE,UWOCHENTAG,STRZUSTAND,ULICHTVERH,ISTRAD,ISTPKW,ISTFUSS,ISTKRAD,ISTGKFZ,ISTSONSTIG
"POINT (7.118451027000049 51.249203112000032)",Unfall 34118 (2021) Kat:3, Licht: 2,34118,3,7,2,11,21,6,1,2,0,1,0,0,0,0
"POINT (7.158727168000041 51.256163747000073)",Unfall 34128 (2021) Kat:3, Licht: 0,34128,3,7,1,9,15,4,1,0,0,1,0,0,0,0
"POINT (7.173002401000076 51.283425457000078)",Unfall 34140 (2021) Kat:3, Licht: 0,34140,3,6,1,4,17,5,0,0,0,1,0,0,0,0
"POINT (7.126765510000041 51.250417415000072)",Unfall 34146 (2021) Kat:3, Licht: 0,34146,3,3,5,3,13,3,1,0,1,1,0,0,0,0
"POINT (7.139170970000066 51.250823539000066)",Unfall 34154 (2021) Kat:3, Licht: 0,34154,3,6,1,9,12,3,0,0,0,1,0,0,0,0
"POINT (7.153124103000039 51.258890697000027)",Unfall 34169 (2021) Kat:3, Licht: 2,34169,3,4,0,12,19,5,0,2,0,1,1,0,0,0
"POINT (7.147912923000035 51.259679544000051)",Unfall 34187 (2021) Kat:3, Licht: 0,34187,3,6,0,3,14,4,0,0,0,1,0,0,0,1
"POINT (7.093997885000022 51.260810771000081)",Unfall 34216 (2021) Kat:3, Licht: 0,34216,3,1,8,2,10,7,0,0,0,1,0,0,0,0
"POINT (7.145170928000027 51.253032970000049)",Unfall 34221 (2021) Kat:3, Licht: 0,34221,3,5,0,3,16,1,0,0,0,1,0,0,0,1
"POINT (7.155819448000045 51.262855120000040)",Unfall 34235 (2021) Kat:3, Licht: 0,34235,3,3,5,5,15,2,0,0,0,0,0,0,0,1
"POINT (7.107133886000042 51.251908136000054)",Unfall 34242 (2021) Kat:3, Licht: 2,34242,3,1,0,6,1,4,1,2,0,0,0,1,0,0
"POINT (7.140310586000055 51.251300119000064)",Unfall 34255 (2021) Kat:3, Licht: 0,34255,3,7,2,1,10,2,1,0,0,1,0,0,0,1
"POINT (7.149133104000043 51.257408965000081)",Unfall 34284 (2021) Kat:2, Licht: 0,34284,2,4,6,6,10,3,0,0,0,0,1,1,0,0
"POINT (7.128579008000031 51.264584046000039)",Unfall 34304 (2021) Kat:3, Licht: 0,34304,3,6,2,11,12,3,0,0,0,1,0,0,0,0
"POINT (7.140808604000028 51.256489963000035)",Unfall 34317 (2021) Kat:3, Licht: 0,34317,3,1,8,6,11,3,0,0,0,1,1,0,0,0
"POINT (7.075760967000065 51.233662414000037)",Unfall 34332 (2021) Kat:3, Licht: 0,34332,3,6,1,9,18,2,0,0,0,1,0,0,0,0
"POINT (7.134293948000050 51.244139427000050)",Unfall 34333 (2021) Kat:3, Licht: 0,34333,3,4,0,12,13,3,0,0,0,1,1,0,0,0
"POINT (7.174073470000053 51.289232906000052)",Unfall 34336 (2021) Kat:3, Licht: 2,34336,3,7,9,9,20,2,0,2,0,1,0,0,0,0
"POINT (7.157198135000044 51.264730685000075)",Unfall 34373 (2021) Kat:3, Licht: 0,34373,3,5,8,10,9,3,1,0,0,1,1,0,0,0
"POINT (7.150975497000047 51.256111964000070)",Unfall 34401 (2021) Kat:3, Licht: 0,34401,3,6,2,5,18,6,0,0,0,1,0,1,0,0
"POINT (7.145582374000071 51.258648626000081)",Unfall 34413 (2021) Kat:3, Licht: 0,34413,3,7,0,9,17,4,0,0,1,0,0,0,0,0
"POINT (7.157337447000032 51.239886473000070)",Unfall 34427 (2021) Kat:2, Licht: 2,34427,2,4,6,12,17,3,1,2,0,1,1,0,0,0
"POINT (7.154142687000046 51.270553586000062)",Unfall 34462 (2021) Kat:3, Licht: 2,34462,3,6,9,10,19,3,1,2,0,1,0,0,0,0
"POINT (7.129840328000057 51.266218348000052)",Unfall 34514 (2021) Kat:3, Licht: 0,34514,3,6,2,5,20,2,0,0,0,1,0,0,0,0
"POINT (7.066230924000024 51.220479553000075)",Unfall 34527 (2021) Kat:3, Licht: 0,34527,3,1,8,4,19,3,2,0,0,1,0,0,0,0
"POINT (7.165031060000047 51.257523447000040)",Unfall 34540 (2021) Kat:3, Licht: 0,34540,3,7,6,7,12,7,0,0,0,0,1,0,0,1
"POINT (7.140243665000071 51.261368247000064)",Unfall 34548 (2021) Kat:3, Licht: 0,34548,3,4,0,9,18,7,0,0,0,1,1,0,0,0
"POINT (7.146933288000071 51.215322092000065)",Unfall 34553 (2021) Kat:3, Licht: 0,34553,3,2,5,9,18,4,1,0,0,1,0,0,0,0
"POINT (7.069178713000042 51.230689792000078)",Unfall 34563 (2021) Kat:2, Licht: 1,34563,2,4,6,11,8,2,0,1,0,1,1,0,0,0
"POINT (7.170241247000035 51.243218864000028)",Unfall 34564 (2021) Kat:3, Licht: 2,34564,3,7,0,12,17,2,1,2,0,0,0,1,0,0
"POINT (7.152618531000030 51.256311525000058)",Unfall 34603 (2021) Kat:3, Licht: 0,34603,3,1,0,4,9,4,0,0,1,0,0,0,0,0
"POINT (7.131090824000069 51.264543828000058)",Unfall 34615 (2021) Kat:3, Licht: 0,34615,3,6,2,2,8,4,1,0,0,1,0,0,1,0
"POINT (7.166373590000035 51.258184878000066)",Unfall 34640 (2021) Kat:3, Licht: 0,34640,3,6,2,11,17,2,0,0,0,1,0,0,0,0
"POINT (7.151983517000076 51.256182787000057)",Unfall 34641 (2021) Kat:3, Licht: 0,34641,3,1,0,10,13,6,0,0,1,0,0,0,0,0
"POINT (7.128949375000047 51.251430994000032)",Unfall 34652 (2021) Kat:3, Licht: 2,34652,3,3,5,11,0,1,1,2,0,1,0,0,0,1
"POINT (7.131843099000037 51.263196989000051)",Unfall 34667 (2021) Kat:2, Licht: 0,34667,2,1,0,6,19,7,0,0,1,0,0,0,0,0
"POINT (7.123007216000076 51.260041157000046)",Unfall 34685 (2021) Kat:3, Licht: 0,34685,3,2,0,3,12,2,1,0,1,0,0,0,0,0
"POINT (7.085779548000062 51.259010170000067)",Unfall 34690 (2021) Kat:3, Licht: 0,34690,3,6,3,12,15,5,0,0,0,1,0,0,0,0
"POINT (7.147824816000025 51.259860711000044)",Unfall 34709 (2021) Kat:3, Licht: 2,34709,3,1,1,11,17,6,1,2,0,1,0,0,0,0
"POINT (7.171805673000051 51.297107546000063)",Unfall 34722 (2021) Kat:3, Licht: 0,34722,3,7,9,4,19,2,1,0,0,1,0,0,0,0
"POINT (7.163725144000068 51.257068786000048)",Unfall 34733 (2021) Kat:3, Licht: 1,34733,3,6,1,9,20,7,0,1,0,1,0,0,0,0
"POINT (7.132778318000021 51.261470158000066)",Unfall 34755 (2021) Kat:3, Licht: 0,34755,3,4,6,4,11,6,0,0,0,1,1,0,0,0
"POINT (7.170051687000068 51.280946060000076)",Unfall 34757 (2021) Kat:3, Licht: 0,34757,3,3,5,6,16,3,0,0,1,1,0,0,0,0
"POINT (7.154334293000034 51.260768709000047)",Unfall 34758 (2021) Kat:3, Licht: 2,34758,3,7,0,11,17,6,0,2,0,1,0,0,0,0
"POINT (7.148516228000062 51.257890537000037)",Unfall 34773 (2021) Kat:3, Licht: 0,34773,3,7,0,6,12,3,0,0,0,1,0,0,0,1
"POINT (7.166888185000062 51.239503629000069)",Unfall 34796 (2021) Kat:2, Licht: 0,34796,2,6,2,12,15,3,0,0,0,1,0,0,1,0
"POINT (7.153124103000039 51.258890697000027)",Unfall 34797 (2021) Kat:3, Licht: 2,34797,3,7,0,12,18,5,1,2,1,1,0,0,0,0
"POINT (7.103851024000051 51.248069571000030)",Unfall 34804 (2021) Kat:3, Licht: 0,34804,3,2,5,10,16,4,0,0,0,1,0,0,0,0
"POINT (7.143420744000025 51.248525136000069)",Unfall 34806 (2021) Kat:3, Licht: 0,34806,3,4,1,5,17,7,1,0,0,0,1,0,0,1
"POINT (7.094830727000044 51.237344257000075)",Unfall 34808 (2021) Kat:2, Licht: 2,34808,2,2,4,1,17,1,1,2,0,1,0,0,0,0
"POINT (7.070397549000063 51.233676816000070)",Unfall 34809 (2021) Kat:3, Licht: 0,34809,3,7,4,10,11,7,1,0,1,1,0,0,0,0
"POINT (7.136798085000066 51.253678278000052)",Unfall 34820 (2021) Kat:3, Licht: 0,34820,3,6,1,5,14,1,0,0,0,1,0,1,0,0
"POINT (7.122642803000076 51.280757076000043)",Unfall 34826 (2021) Kat:2, Licht: 2,34826,2,7,2,11,17,5,0,2,0,1,0,0,0,0
"POINT (7.151814867000041 51.224288792000038)",Unfall 34835 (2021) Kat:3, Licht: 0,34835,3,2,4,9,12,6,0,0,1,1,0,0,0,0
"POINT (7.117069316000027 51.249347260000036)",Unfall 34839 (2021) Kat:3, Licht: 0,34839,3,6,0,11,15,2,1,0,0,1,0,1,0,0
"POINT (7.141267732000074 51.251660230000027)",Unfall 34843 (2021) Kat:3, Licht: 0,34843,3,6,2,4,10,7,0,0,0,1,0,0,0,0
"POINT (7.146594686000071 51.261034472000063)",Unfall 34849 (2021) Kat:3, Licht: 0,34849,3,6,2,9,16,7,0,0,0,1,0,0,0,0
"POINT (7.117351299000063 51.282660160000034)",Unfall 34857 (2021) Kat:3, Licht: 0,34857,3,1,9,10,13,3,0,0,0,1,0,0,0,0
"POINT (7.156404824000049 51.256155234000062)",Unfall 34863 (2021) Kat:3, Licht: 0,34863,3,6,2,9,7,6,0,0,0,1,0,1,0,0
"POINT (7.113876066000046 51.193081213000028)",Unfall 34873 (2021) Kat:3, Licht: 0,34873,3,1,0,9,17,6,1,0,0,0,0,1,0,0
"POINT (7.140011708000031 51.254461782000078)",Unfall 34883 (2021) Kat:3, Licht: 0,34883,3,3,5,9,17,5,0,0,0,1,0,0,0,0
"POINT (7.175555799000051 51.261564632000045)",Unfall 34886 (2021) Kat:3, Licht: 1,34886,3,1,8,6,21,5,0,1,1,0,0,0,0,0
"POINT (7.140786870000056 51.261221062000061)",Unfall 34899 (2021) Kat:3, Licht: 1,34899,3,6,2,11,15,6,1,1,1,1,0,0,0,0
"POINT (7.146143417000076 51.214911449000056)",Unfall 34906 (2021) Kat:3, Licht: 0,34906,3,3,5,6,14,4,0,0,0,1,0,1,0,0
"POINT (7.156546181000067 51.257755348000046)",Unfall 34920 (2021) Kat:3, Licht: 0,34920,3,6,2,6,14,4,0,0,0,1,0,0,0,1
"POINT (7.106380821000073 51.251590671000031)",Unfall 34927 (2021) Kat:2, Licht: 0,34927,2,6,2,6,17,6,0,0,0,1,0,0,0,0
"POINT (7.149629179000044 51.249332012000082)",Unfall 34933 (2021) Kat:3, Licht: 0,34933,3,6,2,9,18,3,0,0,0,1,0,0,0,0
"POINT (7.139851409000073 51.226668385000039)",Unfall 34940 (2021) Kat:3, Licht: 0,34940,3,6,2,4,9,3,1,0,0,1,0,0,0,0
"POINT (7.143605835000074 51.243896951000067)",Unfall 34963 (2021) Kat:3, Licht: 2,34963,3,3,5,4,20,7,0,2,0,1,0,0,0,0
"POINT (7.149133104000043 51.257408965000081)",Unfall 34970 (2021) Kat:3, Licht: 0,34970,3,7,5,9,10,5,0,0,0,1,0,1,0,0
"POINT (7.138967063000052 51.210155746000055)",Unfall 34980 (2021) Kat:3, Licht: 0,34980,3,1,8,11,10,6,1,0,0,1,0,0,0,0
"POINT (7.069758680000064 51.238416996000069)",Unfall 35007 (2021) Kat:3, Licht: 0,35007,3,7,1,7,8,6,0,0,0,1,0,0,0,0
"POINT (7.147760777000030 51.262566186000072)",Unfall 35011 (2021) Kat:3, Licht: 2,35011,3,4,6,11,17,6,1,2,0,1,1,0,0,0
"POINT (7.127952537000056 51.264592697000069)",Unfall 35027 (2021) Kat:3, Licht: 0,35027,3,6,2,1,15,3,1,0,0,1,0,0,0,0
"POINT (7.139993022000056 51.254459070000053)",Unfall 35040 (2021) Kat:3, Licht: 0,35040,3,7,6,9,15,7,0,0,0,1,1,0,0,0
"POINT (7.064931325000032 51.229443093000043)",Unfall 35056 (2021) Kat:3, Licht: 1,35056,3,3,5,7,22,1,0,1,0,1,0,0,0,0
"POINT (7.172336248000022 51.288750591000053)",Unfall 35058 (2021) Kat:2, Licht: 0,35058,2,1,8,9,17,5,0,0,0,0,0,1,0,0
"POINT (7.156048819000034 51.263407419000032)",Unfall 35059 (2021) Kat:3, Licht: 0,35059,3,6,3,9,13,4,0,0,1,1,0,0,0,0
"POINT (7.163005751000071 51.256974966000030)",Unfall 35072 (2021) Kat:3, Licht: 0,35072,3,2,8,4,16,2,0,0,0,1,0,0,0,0
"POINT (7.176132306000056 51.262616735000051)",Unfall 35084 (2021) Kat:3, Licht: 0,35084,3,3,0,2,10,4,0,0,1,1,0,0,0,0
"POINT (7.119436433000033 51.281438262000052)",Unfall 35098 (2021) Kat:3, Licht: 0,35098,3,7,4,7,11,6,0,0,0,1,0,1,0,0
"POINT (7.109439398000063 51.288321619000044)",Unfall 35144 (2021) Kat:2, Licht: 2,35144,2,1,8,5,20,6,0,2,0,0,0,1,0,0
"POINT (7.129897509000045 51.265958487000034)",Unfall 35147 (2021) Kat:3, Licht: 0,35147,3,6,2,5,13,4,0,0,0,1,0,0,0,0
"POINT (7.148270141000069 51.259125374000064)",Unfall 35205 (2021) Kat:3, Licht: 1,35205,3,3,5,12,17,4,1,1,0,1,0,0,0,0
"POINT (7.146036578000064 51.258808474000034)",Unfall 35240 (2021) Kat:3, Licht: 2,35240,3,4,6,11,5,2,1,2,0,1,1,0,0,0
"POINT (7.134674974000063 51.263543021000032)",Unfall 35250 (2021) Kat:3, Licht: 0,35250,3,6,4,10,12,6,0,0,0,0,0,0,1,1
"POINT (7.069566208000026 51.226557761000038)",Unfall 35252 (2021) Kat:3, Licht: 0,35252,3,6,2,9,9,2,0,0,0,1,0,0,0,0
"POINT (7.099817865000034 51.281771164000077)",Unfall 35272 (2021) Kat:3, Licht: 0,35272,3,1,9,2,8,6,2,0,0,0,0,1,0,0
"POINT (7.138588025000047 51.254312958000071)",Unfall 35275 (2021) Kat:3, Licht: 0,35275,3,6,9,6,17,3,0,0,0,1,0,1,0,0
"POINT (7.147385677000045 51.265499277000060)",Unfall 35344 (2021) Kat:3, Licht: 0,35344,3,5,1,2,13,4,0,0,1,1,0,0,0,0
"POINT (7.175409913000067 51.242560580000031)",Unfall 35378 (2021) Kat:3, Licht: 0,35378,3,1,3,3,12,1,0,0,0,1,0,0,0,0
"POINT (7.157377807000046 51.256255086000067)",Unfall 35392 (2021) Kat:3, Licht: 0,35392,3,5,3,9,17,4,0,0,0,1,0,0,0,0
"POINT (7.155843993000076 51.262914129000080)",Unfall 35407 (2021) Kat:3, Licht: 0,35407,3,6,3,9,14,4,0,0,0,1,0,0,0,0
"POINT (7.102025663000063 51.254290526000034)",Unfall 35421 (2021) Kat:3, Licht: 0,35421,3,6,3,4,18,4,1,0,0,1,0,0,0,0
"POINT (7.164593819000061 51.257366271000080)",Unfall 35453 (2021) Kat:3, Licht: 0,35453,3,6,2,6,16,3,0,0,0,1,0,1,0,0
"POINT (7.123560602000055 51.278066640000077)",Unfall 35471 (2021) Kat:3, Licht: 2,35471,3,6,2,11,7,3,1,2,1,1,0,0,0,0
"POINT (7.095844352000029 51.237311138000052)",Unfall 35487 (2021) Kat:3, Licht: 2,35487,3,6,1,1,19,2,1,2,0,1,0,0,0,1
"POINT (7.049917224000069 51.210932595000031)",Unfall 35536 (2021) Kat:2, Licht: 0,35536,2,6,1,5,12,4,1,0,0,1,0,0,0,1
"POINT (7.135749763000035 51.166468475000045)",Unfall 35543 (2021) Kat:3, Licht: 0,35543,3,2,4,1,12,7,0,0,1,1,0,0,0,0
"POINT (7.149815527000044 51.273611110000047)",Unfall 35559 (2021) Kat:3, Licht: 0,35559,3,2,5,9,7,4,0,0,1,1,0,0,0,0
"POINT (7.132491708000032 51.253815548000034)",Unfall 35579 (2021) Kat:3, Licht: 0,35579,3,4,6,9,8,4,0,0,0,1,1,0,0,0
"POINT (7.071558666000044 51.218665045000080)",Unfall 35594 (2021) Kat:3, Licht: 1,35594,3,2,2,11,7,3,0,1,0,1,0,0,0,0
"POINT (7.153261676000056 51.259072357000036)",Unfall 35621 (2021) Kat:3, Licht: 0,35621,3,3,2,7,15,6,0,0,0,1,0,0,0,0
"POINT (7.079027640000049 51.275505273000078)",Unfall 35629 (2021) Kat:2, Licht: 0,35629,2,1,8,5,15,4,0,0,0,1,0,0,0,0
"POINT (7.131622261000075 51.256376864000060)",Unfall 35635 (2021) Kat:3, Licht: 0,35635,3,6,2,12,15,5,0,0,0,1,0,0,0,0
"POINT (7.148117719000027 51.230726104000041)",Unfall 35638 (2021) Kat:2, Licht: 0,35638,2,3,3,6,19,6,0,0,0,1,0,1,0,0
"POINT (7.134199875000036 51.263866489000065)",Unfall 35655 (2021) Kat:2, Licht: 2,35655,2,7,2,12,21,4,1,2,0,1,0,1,0,0
"POINT (7.161425693000069 51.267170924000027)",Unfall 35656 (2021) Kat:3, Licht: 2,35656,3,3,5,10,19,7,0,2,0,1,0,0,0,0
"POINT (7.152076697000041 51.304229260000056)",Unfall 35681 (2021) Kat:3, Licht: 0,35681,3,3,5,3,8,2,0,0,1,1,0,0,0,0
"POINT (7.143445556000074 51.257916839000075)",Unfall 35689 (2021) Kat:3, Licht: 0,35689,3,1,0,7,17,4,0,0,1,0,0,1,0,0
"POINT (7.131727468000065 51.257232579000060)",Unfall 35693 (2021) Kat:3, Licht: 0,35693,3,2,5,5,18,4,1,0,0,1,0,1,0,0
"POINT (7.146957588000021 51.215334725000048)",Unfall 35735 (2021) Kat:3, Licht: 0,35735,3,6,2,9,19,7,0,0,0,1,0,0,0,0
"POINT (7.132313189000058 51.266095610000036)",Unfall 35781 (2021) Kat:1, Licht: 2,35781,1,1,0,3,1,7,1,2,1,0,0,0,0,0
"POINT (7.128431402000047 51.251190599000040)",Unfall 35819 (2021) Kat:3, Licht: 0,35819,3,6,2,3,15,4,0,0,0,1,0,0,0,0
"POINT (7.153143021000062 51.258915677000061)",Unfall 35823 (2021) Kat:3, Licht: 2,35823,3,1,6,1,17,5,1,2,0,1,1,0,0,0
"POINT (7.178483438000058 51.279229101000055)",Unfall 35861 (2021) Kat:2, Licht: 0,35861,2,6,2,11,8,3,1,0,0,0,0,0,1,0
"POINT (7.139984729000048 51.254457866000052)",Unfall 35870 (2021) Kat:3, Licht: 0,35870,3,6,3,6,16,3,0,0,0,1,0,0,0,1
"POINT (7.146522443000038 51.254876744000057)",Unfall 35876 (2021) Kat:2, Licht: 2,35876,2,1,9,11,0,3,0,2,0,1,0,0,0,0
"POINT (7.139817735000065 51.251121552000029)",Unfall 35965 (2021) Kat:3, Licht: 0,35965,3,3,5,11,12,2,1,0,1,1,0,0,0,0
"POINT (7.153511877000028 51.256296759000065)",Unfall 35979 (2021) Kat:3, Licht: 0,35979,3,3,5,6,17,6,0,0,0,1,0,0,0,0
"POINT (7.149025054000049 51.255730957000026)",Unfall 35994 (2021) Kat:3, Licht: 0,35994,3,7,7,10,15,5,0,0,1,0,0,0,0,0
"POINT (7.056047321000051 51.214871728000048)",Unfall 36006 (2021) Kat:3, Licht: 2,36006,3,6,1,1,16,2,1,2,0,1,0,0,0,0
"POINT (7.128443614000048 51.251196267000068)",Unfall 36014 (2021) Kat:3, Licht: 0,36014,3,6,1,2,14,2,2,0,0,1,0,0,0,0
"POINT (7.152234753000073 51.220159235000040)",Unfall 36018 (2021) Kat:3, Licht: 0,36018,3,6,0,1,8,3,0,0,0,1,0,0,0,1
"POINT (7.107496945000037 51.197018220000075)",Unfall 36027 (2021) Kat:2, Licht: 0,36027,2,3,5,9,16,7,0,0,0,1,0,0,0,0
"POINT (7.147634511000035 51.260384711000029)",Unfall 36033 (2021) Kat:3, Licht: 0,36033,3,6,2,9,15,2,0,0,0,1,0,0,0,0
"POINT (7.126338716000021 51.269672216000060)",Unfall 36051 (2021) Kat:3, Licht: 2,36051,3,1,7,11,17,7,1,2,0,1,0,0,0,0
"POINT (7.146645694000028 51.239132614000027)",Unfall 36068 (2021) Kat:3, Licht: 0,36068,3,6,1,7,16,2,0,0,0,1,0,0,0,0
"POINT (7.144197016000021 51.258179162000033)",Unfall 36089 (2021) Kat:3, Licht: 0,36089,3,4,0,12,11,2,1,0,0,1,1,0,0,0
"POINT (7.138133773000050 51.209693781000055)",Unfall 36103 (2021) Kat:2, Licht: 0,36103,2,1,7,11,9,5,1,0,0,1,0,1,0,0
"POINT (7.068362748000027 51.230373493000059)",Unfall 36104 (2021) Kat:2, Licht: 1,36104,2,4,6,1,7,4,1,1,0,1,1,0,0,0
"POINT (7.153710155000056 51.259754082000029)",Unfall 36118 (2021) Kat:3, Licht: 0,36118,3,3,0,11,8,5,0,0,0,1,0,0,0,1
"POINT (7.130395414000077 51.173483011000030)",Unfall 36130 (2021) Kat:2, Licht: 0,36130,2,7,0,5,15,1,0,0,1,0,0,0,0,0
"POINT (7.162157913000044 51.256498308000062)",Unfall 36131 (2021) Kat:3, Licht: 0,36131,3,1,0,12,13,2,1,0,0,1,0,1,0,0
"POINT (7.129273180000041 51.280341887000077)",Unfall 36165 (2021) Kat:3, Licht: 0,36165,3,5,1,11,12,6,0,0,0,1,0,0,0,1
"POINT (7.131797375000076 51.256831213000055)",Unfall 36180 (2021) Kat:2, Licht: 0,36180,2,6,4,3,16,1,1,0,0,1,0,0,0,0
"POINT (7.148399129000040 51.250904476000073)",Unfall 36183 (2021) Kat:3, Licht: 2,36183,3,3,5,1,21,7,0,2,0,1,0,0,0,0
"POINT (7.153073720000066 51.256168016000061)",Unfall 36207 (2021) Kat:3, Licht: 0,36207,3,6,2,9,8,3,0,0,1,0,0,0,0,1
"POINT (7.159459133000041 51.266063209000038)",Unfall 36220 (2021) Kat:3, Licht: 2,36220,3,6,2,1,17,3,1,2,0,1,0,0,0,0
"POINT (7.148388369000031 51.250923559000057)",Unfall 36222 (2021) Kat:3, Licht: 0,36222,3,7,0,9,18,1,0,0,0,0,0,1,0,0
"POINT (7.179068252000036 51.273370299000078)",Unfall 36244 (2021) Kat:2, Licht: 2,36244,2,6,2,11,6,4,1,2,0,1,0,0,0,0
"POINT (7.139451152000049 51.261564225000029)",Unfall 36253 (2021) Kat:3, Licht: 2,36253,3,6,2,12,16,6,0,2,1,1,0,0,0,0
"POINT (7.106512190000046 51.214145966000046)",Unfall 36276 (2021) Kat:2, Licht: 0,36276,2,1,8,2,15,2,2,0,0,1,0,0,0,0
"POINT (7.150374006000050 51.283113200000059)",Unfall 36283 (2021) Kat:3, Licht: 0,36283,3,2,2,11,8,5,0,0,0,1,0,0,0,0
"POINT (7.086430822000068 51.227668606000066)",Unfall 36289 (2021) Kat:3, Licht: 2,36289,3,6,2,10,22,6,0,2,0,1,0,0,0,0
"POINT (7.077923921000036 51.234650907000059)",Unfall 36290 (2021) Kat:2, Licht: 0,36290,2,3,5,3,16,2,0,0,0,1,0,0,0,1
"POINT (7.137915960000043 51.250482742000031)",Unfall 36291 (2021) Kat:3, Licht: 2,36291,3,1,8,6,0,4,1,2,0,1,0,0,0,0
"POINT (7.117812512000057 51.249264135000033)",Unfall 36310 (2021) Kat:3, Licht: 1,36310,3,5,1,5,6,4,1,1,0,1,0,0,0,1
"POINT (7.142261079000036 51.260884374000057)",Unfall 36314 (2021) Kat:3, Licht: 0,36314,3,5,1,3,9,7,1,0,0,1,0,0,0,0
"POINT (7.151006319000032 51.226479277000067)",Unfall 36345 (2021) Kat:3, Licht: 0,36345,3,6,8,6,16,3,0,0,0,0,0,0,0,1
"POINT (7.140891897000074 51.282219502000032)",Unfall 36353 (2021) Kat:3, Licht: 0,36353,3,6,4,2,7,5,0,0,0,1,0,0,0,1
"POINT (7.163730524000073 51.245455422000077)",Unfall 36441 (2021) Kat:3, Licht: 2,36441,3,7,9,12,23,2,2,2,0,1,0,0,0,0
"POINT (7.102599632000022 51.237801227000034)",Unfall 36446 (2021) Kat:3, Licht: 0,36446,3,2,2,7,13,1,1,0,0,1,0,0,0,0
"POINT (7.148629498000048 51.271367321000071)",Unfall 36480 (2021) Kat:3, Licht: 0,36480,3,2,4,12,14,4,0,0,1,1,0,0,0,0
"POINT (7.124426597000024 51.184391595000079)",Unfall 36498 (2021) Kat:3, Licht: 1,36498,3,1,9,3,6,2,1,1,0,1,0,0,0,0
"POINT (7.055128768000031 51.223370973000044)",Unfall 36531 (2021) Kat:2, Licht: 0,36531,2,1,0,5,7,4,1,0,0,0,0,1,0,0
"POINT (7.107278343000075 51.212927039000078)",Unfall 36579 (2021) Kat:3, Licht: 0,36579,3,1,9,7,21,3,0,0,0,1,0,0,0,0
"POINT (7.150323545000049 51.259001971000032)",Unfall 36585 (2021) Kat:3, Licht: 0,36585,3,7,3,12,15,4,0,0,0,1,0,0,0,1
"POINT (7.140050326000051 51.254467387000034)",Unfall 36592 (2021) Kat:3, Licht: 2,36592,3,7,0,1,19,3,1,2,0,1,1,0,0,0
"POINT (7.149133104000043 51.257408965000081)",Unfall 36619 (2021) Kat:3, Licht: 2,36619,3,2,0,11,18,5,0,2,0,1,0,0,0,1
"POINT (7.080234513000050 51.225642021000056)",Unfall 36646 (2021) Kat:3, Licht: 0,36646,3,6,2,7,9,5,0,0,0,1,0,0,0,0
"POINT (7.132818512000028 51.253750040000057)",Unfall 36657 (2021) Kat:3, Licht: 0,36657,3,6,3,1,11,5,1,0,0,1,0,0,0,0
"POINT (7.154680881000047 51.261215996000033)",Unfall 36660 (2021) Kat:3, Licht: 0,36660,3,3,5,6,12,7,0,0,0,1,0,0,0,0
"POINT (7.152102519000039 51.222306945000071)",Unfall 36700 (2021) Kat:3, Licht: 2,36700,3,6,3,11,17,3,1,2,1,1,0,0,0,0
"POINT (7.117883655000071 51.262577564000026)",Unfall 36704 (2021) Kat:3, Licht: 2,36704,3,7,2,11,18,5,0,2,0,1,0,0,0,1
"POINT (7.102968440000041 51.241690745000028)",Unfall 36706 (2021) Kat:3, Licht: 1,36706,3,1,0,12,16,5,1,1,0,0,0,1,0,0
"POINT (7.091642226000033 51.232832211000073)",Unfall 36707 (2021) Kat:3, Licht: 0,36707,3,6,2,10,8,3,0,0,0,1,0,0,1,0
"POINT (7.131192941000052 51.265546980000067)",Unfall 36714 (2021) Kat:3, Licht: 0,36714,3,6,2,5,14,4,0,0,0,1,0,0,0,0
"POINT (7.158727168000041 51.256163747000073)",Unfall 36715 (2021) Kat:3, Licht: 0,36715,3,6,2,11,12,2,0,0,0,1,0,0,0,0
"POINT (7.097786200000030 51.237223071000074)",Unfall 36735 (2021) Kat:2, Licht: 2,36735,2,4,6,2,19,4,0,2,0,1,1,0,0,0
"POINT (7.151420608000024 51.274617619000026)",Unfall 36739 (2021) Kat:3, Licht: 2,36739,3,5,1,12,17,4,1,2,1,1,0,0,0,0
"POINT (7.106839921000073 51.251562506000027)",Unfall 36772 (2021) Kat:3, Licht: 0,36772,3,1,0,12,12,5,1,0,0,1,0,0,0,0
"POINT (7.176307973000064 51.268780104000029)",Unfall 36790 (2021) Kat:3, Licht: 0,36790,3,6,2,2,13,4,2,0,0,1,0,0,0,0
"POINT (7.105625406000058 51.205289542000060)",Unfall 36806 (2021) Kat:2, Licht: 0,36806,2,1,8,10,7,4,1,0,0,1,0,0,0,0
"POINT (7.142568182000048 51.267822294000041)",Unfall 36808 (2021) Kat:3, Licht: 0,36808,3,6,1,3,7,4,1,0,0,1,0,0,0,0
"POINT (7.067888130000028 51.225270888000068)",Unfall 36828 (2021) Kat:2, Licht: 2,36828,2,2,5,12,0,7,1,2,0,1,0,0,0,0
"POINT (7.140800532000071 51.249791138000035)",Unfall 36851 (2021) Kat:3, Licht: 0,36851,3,7,2,3,18,5,0,0,0,1,0,0,0,0
"POINT (7.157381199000042 51.256254810000030)",Unfall 36856 (2021) Kat:3, Licht: 2,36856,3,6,3,9,20,6,0,2,0,1,0,0,0,0
"POINT (7.147557436000056 51.261094621000041)",Unfall 36858 (2021) Kat:3, Licht: 2,36858,3,2,1,11,18,1,0,2,0,1,0,0,0,1
"POINT (7.172835693000025 51.283157849000077)",Unfall 36869 (2021) Kat:3, Licht: 0,36869,3,7,0,6,12,3,0,0,0,1,0,0,1,0