WKT,Name,OBJECTID,UKATEGORIE,UTYP1,UART,UMONAT,USTUNDE,UWOCHENTAG,STRZUSTAND,ULICHTVERH,ISTRAD,ISTPKW,ISTFUSS,ISTKRAD,ISTGKFZ,ISTSONSTIG
"POINT (7.151777258000038 51.258847662000051)",Unfall 36881 (2021) Kat:3, Licht: 0,36881,3,7,0,4,9,5,0,0,1,0,0,0,0,0
"POINT (7.141041181000048 51.254535591000035)",Unfall 36902 (2021) Kat:3, Licht: 0,36902,3,1,8,10,13,2,0,0,1,0,0,0,0,0
"POINT (7.070305632000043 51.224375281000050)",Unfall 36906 (2021) Kat:3, Licht: 0,36906,3,3,0,10,15,6,0,0,0,1,0,0,0,0
"POINT (7.148273663000055 51.258619225000075)",Unfall 36910 (2021) Kat:3, Licht: 2,36910,3,4,6,12,17,2,0,2,0,1,1,0,0,0
"POINT (7.066895343000056 51.229979805000028)",Unfall 36918 (2021) Kat:3, Licht: 2,36918,3,4,0,1,17,2,1,2,0,1,1,0,0,0
"POINT (7.123318600000061 51.248850888000050)",Unfall 36924 (2021) Kat:3, Licht: 0,36924,3,3,5,11,8,7,1,0,0,1,0,0,0,0
"POINT (7.150877165000054 51.256087023000077)",Unfall 36933 (2021) Kat:3, Licht: 1,36933,3,6,2,9,19,4,0,1,0,1,0,0,0,0
"POINT (7.041370926000070 51.248669621000033)",Unfall 36936 (2021) Kat:3, Licht: 0,36936,3,7,8,10,10,5,1,0,0,0,0,0,0,1
"POINT (7.093427797000061 51.238878469000042)",Unfall 36941 (2021) Kat:3, Licht: 0,36941,3,1,8,5,13,7,1,0,0,1,0,0,0,0
"POINT (7.128949375000047 51.251430994000032)",Unfall 36992 (2021) Kat:3, Licht: 0,36992,3,2,4,4,13,6,0,0,1,1,0,0,0,0
"POINT (7.071494033000022 51.218263490000027)",Unfall 37006 (2021) Kat:3, Licht: 1,37006,3,7,6,11,16,7,0,1,0,1,1,0,0,0
"POINT (7.166888185000062 51.239503629000069)",Unfall 37033 (2021) Kat:2, Licht: 2,37033,2,6,3,9,6,2,0,2,0,1,0,1,0,0
"POINT (7.134243676000040 51.207549599000060)",Unfall 37059 (2021) Kat:2, Licht: 0,37059,2,7,0,3,10,7,0,0,1,0,0,0,0,0
"POINT (7.102007655000023 51.254295592000062)",Unfall 37078 (2021) Kat:3, Licht: 0,37078,3,3,0,9,11,5,0,0,0,0,0,0,1,1
"POINT (7.106923116000075 51.252834331000031)",Unfall 37103 (2021) Kat:2, Licht: 0,37103,2,1,9,10,8,1,1,0,0,1,0,0,0,0
"POINT (7.080231373000061 51.225641722000034)",Unfall 37121 (2021) Kat:3, Licht: 2,37121,3,6,2,12,19,5,1,2,0,1,0,0,0,1
"POINT (7.219327256000042 51.284660357000064)",Unfall 37159 (2021) Kat:3, Licht: 0,37159,3,4,6,10,17,5,0,0,0,1,1,0,0,0
"POINT (7.208820754000044 51.271053136000035)",Unfall 37193 (2021) Kat:3, Licht: 0,37193,3,7,2,12,13,3,0,0,0,1,0,0,0,0
"POINT (7.197138933000076 51.269671197000036)",Unfall 37212 (2021) Kat:3, Licht: 0,37212,3,6,2,11,14,2,0,0,0,1,0,1,0,0
"POINT (7.234909040000048 51.277006863000054)",Unfall 37249 (2021) Kat:3, Licht: 2,37249,3,6,3,3,18,4,0,2,1,1,0,0,0,0
"POINT (7.188790452000035 51.243077046000053)",Unfall 37273 (2021) Kat:3, Licht: 0,37273,3,6,2,5,10,4,0,0,0,1,0,0,1,0
"POINT (7.213605064000035 51.273743278000040)",Unfall 37288 (2021) Kat:3, Licht: 0,37288,3,7,3,5,12,2,0,0,0,1,0,0,0,1
"POINT (7.208424430000036 51.231272397000055)",Unfall 37314 (2021) Kat:3, Licht: 0,37314,3,2,4,7,12,2,0,0,0,1,0,0,0,0
"POINT (7.206730245000074 51.272756556000047)",Unfall 37347 (2021) Kat:3, Licht: 0,37347,3,6,2,9,14,2,0,0,0,1,0,0,0,0
"POINT (7.216774809000071 51.297110930000031)",Unfall 37360 (2021) Kat:2, Licht: 2,37360,2,1,9,1,19,4,1,2,0,1,0,0,0,0
"POINT (7.227470171000050 51.245936994000033)",Unfall 37396 (2021) Kat:3, Licht: 2,37396,3,6,3,11,6,4,0,2,0,1,0,0,0,0
"POINT (7.243991804000075 51.281437968000034)",Unfall 37411 (2021) Kat:3, Licht: 0,37411,3,7,0,4,19,7,0,0,0,0,0,0,0,1
"POINT (7.236021324000035 51.267884191000064)",Unfall 37421 (2021) Kat:3, Licht: 0,37421,3,1,0,6,8,5,0,0,1,0,0,0,0,0
"POINT (7.247772849000057 51.275431780000076)",Unfall 37456 (2021) Kat:3, Licht: 0,37456,3,6,4,4,17,6,0,0,0,1,0,0,0,0
"POINT (7.204266235000034 51.278832538000074)",Unfall 37465 (2021) Kat:3, Licht: 0,37465,3,2,2,1,14,5,0,0,0,1,0,0,0,0
"POINT (7.180618008000067 51.267564024000080)",Unfall 37475 (2021) Kat:2, Licht: 2,37475,2,6,3,3,22,6,0,2,0,1,0,0,0,0
"POINT (7.217743649000056 51.297474439000041)",Unfall 37487 (2021) Kat:3, Licht: 2,37487,3,1,8,10,21,3,1,2,0,1,0,0,0,0
"POINT (7.207629030000021 51.273498033000067)",Unfall 37490 (2021) Kat:3, Licht: 0,37490,3,6,1,10,17,7,0,0,0,1,0,0,0,0
"POINT (7.213817208000023 51.274353188000077)",Unfall 37554 (2021) Kat:3, Licht: 2,37554,3,6,1,12,23,1,1,2,0,1,0,0,0,0
"POINT (7.207568380000055 51.230396225000050)",Unfall 37582 (2021) Kat:3, Licht: 0,37582,3,3,5,3,17,6,0,0,0,1,0,1,0,0
"POINT (7.195764725000060 51.237938847000066)",Unfall 37610 (2021) Kat:3, Licht: 0,37610,3,6,1,9,18,4,1,0,0,1,0,0,0,1
"POINT (7.208980057000076 51.283239058000049)",Unfall 37619 (2021) Kat:3, Licht: 0,37619,3,7,3,9,8,4,0,0,0,1,0,0,0,0
"POINT (7.206737087000022 51.273017162000031)",Unfall 37667 (2021) Kat:3, Licht: 0,37667,3,6,2,5,17,7,1,0,0,1,0,0,0,0
"POINT (7.192278823000038 51.247083305000046)",Unfall 37684 (2021) Kat:3, Licht: 2,37684,3,4,6,11,16,3,1,2,0,1,1,0,0,0
"POINT (7.186371296000061 51.291725592000034)",Unfall 37691 (2021) Kat:3, Licht: 0,37691,3,2,6,12,13,3,0,0,0,1,1,0,0,0
"POINT (7.222283351000044 51.271094835000042)",Unfall 37697 (2021) Kat:3, Licht: 0,37697,3,2,2,9,10,7,0,0,0,1,0,0,0,0
"POINT (7.201749829000050 51.293813519000082)",Unfall 37718 (2021) Kat:3, Licht: 0,37718,3,4,6,10,15,7,0,0,0,1,1,0,0,0
"POINT (7.226938874000041 51.285903394000059)",Unfall 37741 (2021) Kat:3, Licht: 0,37741,3,3,5,9,14,3,0,0,1,1,0,0,0,0
"POINT (7.207128483000076 51.291974198000048)",Unfall 37791 (2021) Kat:3, Licht: 1,37791,3,7,0,11,7,3,1,1,0,1,0,0,1,0
"POINT (7.186371296000061 51.291725592000034)",Unfall 37825 (2021) Kat:3, Licht: 0,37825,3,2,5,5,16,5,0,0,1,1,0,0,0,0
"POINT (7.223420576000024 51.271126995000031)",Unfall 37831 (2021) Kat:3, Licht: 2,37831,3,2,5,5,21,6,0,2,0,1,0,0,0,0
"POINT (7.215522824000061 51.296450126000082)",Unfall 37835 (2021) Kat:3, Licht: 0,37835,3,1,8,10,16,1,1,0,0,1,0,0,0,0
"POINT (7.199764852000044 51.273329776000026)",Unfall 37889 (2021) Kat:3, Licht: 0,37889,3,6,2,9,16,5,0,0,1,1,0,0,0,0
"POINT (7.187065160000031 51.282563054000036)",Unfall 37926 (2021) Kat:3, Licht: 2,37926,3,1,8,4,21,3,2,2,0,1,0,0,0,0
"POINT (7.202448177000065 51.270868716000052)",Unfall 37946 (2021) Kat:3, Licht: 2,37946,3,6,2,12,16,7,1,2,0,1,0,0,0,0
"POINT (7.214044139000066 51.274556046000043)",Unfall 37997 (2021) Kat:3, Licht: 0,37997,3,6,2,1,15,5,0,0,0,1,0,0,0,0
"POINT (7.219079813000064 51.284535257000073)",Unfall 38028 (2021) Kat:3, Licht: 0,38028,3,6,2,11,13,4,0,0,0,1,0,0,0,0
"POINT (7.220162389000052 51.275211952000063)",Unfall 38042 (2021) Kat:3, Licht: 0,38042,3,6,1,7,20,5,1,0,0,1,0,0,0,1
"POINT (7.249615779000067 51.310264234000044)",Unfall 38080 (2021) Kat:3, Licht: 0,38080,3,6,2,6,18,2,0,0,0,1,0,0,0,1
"POINT (7.208284032000051 51.270887115000050)",Unfall 38112 (2021) Kat:3, Licht: 2,38112,3,6,3,11,19,7,1,2,0,1,0,0,0,0
"POINT (7.190946255000028 51.275406347000057)",Unfall 38126 (2021) Kat:3, Licht: 0,38126,3,4,6,11,9,6,1,0,0,1,1,0,0,0
"POINT (7.220163940000020 51.275212047000082)",Unfall 38169 (2021) Kat:3, Licht: 0,38169,3,6,6,6,14,5,0,0,1,0,1,0,0,0
"POINT (7.195764725000060 51.237938847000066)",Unfall 38180 (2021) Kat:3, Licht: 0,38180,3,6,2,10,12,2,0,0,0,1,0,0,0,0
"POINT (7.199302966000062 51.288462136000078)",Unfall 38193 (2021) Kat:3, Licht: 2,38193,3,6,2,11,17,2,0,2,0,1,0,0,0,0
"POINT (7.233172088000060 51.257992287000036)",Unfall 38207 (2021) Kat:3, Licht: 2,38207,3,1,9,4,1,4,1,2,0,1,0,0,0,0
"POINT (7.213470353000048 51.282669984000051)",Unfall 38212 (2021) Kat:3, Licht: 0,38212,3,7,0,9,9,4,1,0,0,0,1,0,1,0
"POINT (7.197786399000051 51.268836685000053)",Unfall 38280 (2021) Kat:3, Licht: 0,38280,3,3,5,7,11,5,1,0,0,1,0,0,0,0
"POINT (7.181876249000027 51.276683226000046)",Unfall 38288 (2021) Kat:3, Licht: 2,38288,3,3,5,1,7,2,1,2,0,1,0,0,0,0
"POINT (7.195764725000060 51.237938847000066)",Unfall 38314 (2021) Kat:3, Licht: 0,38314,3,6,1,7,10,5,0,0,0,1,0,0,0,0
"POINT (7.219657264000034 51.299916763000056)",Unfall 38349 (2021) Kat:2, Licht: 0,38349,2,6,3,10,13,4,1,0,0,1,0,0,0,0
"POINT (7.206201825000051 51.280462074000070)",Unfall 38357 (2021) Kat:3, Licht: 0,38357,3,7,2,4,19,7,0,0,0,1,0,0,0,0
"POINT (7.195105980000051 51.237116149000030)",Unfall 38360 (2021) Kat:2, Licht: 1,38360,2,4,6,5,21,5,0,1,0,1,1,0,0,0
"POINT (7.242407482000033 51.274148458000070)",Unfall 38376 (2021) Kat:3, Licht: 2,38376,3,1,8,12,21,4,1,2,0,1,0,0,0,0
"POINT (7.208015044000035 51.282288613000048)",Unfall 38385 (2021) Kat:3, Licht: 2,38385,3,6,2,11,7,3,1,2,0,1,0,0,0,0
"POINT (7.180178716000057 51.248531326000034)",Unfall 38404 (2021) Kat:3, Licht: 2,38404,3,1,9,6,21,3,1,2,1,0,0,0,0,0
"POINT (7.245695999000077 51.294594747000076)",Unfall 38436 (2021) Kat:3, Licht: 0,38436,3,6,2,3,7,4,0,0,1,1,0,0,0,0
"POINT (7.268106343000056 51.277974415000074)",Unfall 38454 (2021) Kat:3, Licht: 0,38454,3,6,2,6,11,4,0,0,0,0,0,1,1,0
"POINT (7.205877454000074 51.271711834000030)",Unfall 38455 (2021) Kat:3, Licht: 0,38455,3,3,0,7,17,5,1,0,0,1,0,0,0,1
"POINT (7.227941686000065 51.270536693000054)",Unfall 38458 (2021) Kat:3, Licht: 0,38458,3,6,1,9,13,4,0,0,0,1,0,1,0,0
"POINT (7.181053767000037 51.283549189000041)",Unfall 38486 (2021) Kat:2, Licht: 0,38486,2,1,8,12,15,3,1,0,0,1,0,0,0,0
"POINT (7.196718190000070 51.270098401000041)",Unfall 38494 (2021) Kat:3, Licht: 0,38494,3,6,2,5,13,4,1,0,0,1,0,1,0,0
"POINT (7.222366277000049 51.275434804000042)",Unfall 38498 (2021) Kat:3, Licht: 1,38498,3,4,6,3,20,1,0,1,0,1,1,0,0,0
"POINT (7.190048397000055 51.275894893000043)",Unfall 38521 (2021) Kat:3, Licht: 0,38521,3,1,0,11,15,1,1,0,0,0,0,1,0,0
"POINT (7.244061294000062 51.280890624000051)",Unfall 38522 (2021) Kat:3, Licht: 0,38522,3,6,2,11,11,5,0,0,0,1,0,0,0,0
"POINT (7.182765690000053 51.264845644000047)",Unfall 38558 (2021) Kat:3, Licht: 0,38558,3,6,3,11,12,3,0,0,0,1,0,1,0,0
"POINT (7.238117706000025 51.225530955000067)",Unfall 38583 (2021) Kat:3, Licht: 0,38583,3,1,9,9,16,1,0,0,0,1,0,0,0,0
"POINT (7.246938342000021 51.295230752000066)",Unfall 38593 (2021) Kat:3, Licht: 2,38593,3,2,2,10,6,2,1,2,0,1,0,0,0,0
"POINT (7.236644407000028 51.263480854000079)",Unfall 38619 (2021) Kat:3, Licht: 0,38619,3,5,1,10,10,5,0,0,1,1,0,0,0,1
"POINT (7.205669058000069 51.279606979000050)",Unfall 38626 (2021) Kat:3, Licht: 0,38626,3,6,1,6,13,7,0,0,0,1,0,0,0,0
"POINT (7.199302396000064 51.288462011000036)",Unfall 38642 (2021) Kat:3, Licht: 0,38642,3,1,2,9,16,4,1,0,0,1,0,0,1,0
"POINT (7.252169306000042 51.255642410000064)",Unfall 38655 (2021) Kat:2, Licht: 0,38655,2,6,0,6,16,1,0,0,0,0,0,1,0,0
"POINT (7.204679977000069 51.280826637000075)",Unfall 38663 (2021) Kat:3, Licht: 0,38663,3,3,5,2,12,7,0,0,0,1,0,1,0,0
"POINT (7.193412806000026 51.273160441000073)",Unfall 38665 (2021) Kat:3, Licht: 2,38665,3,6,2,1,21,7,1,2,1,1,0,0,0,0
"POINT (7.202895519000037 51.286559855000064)",Unfall 38698 (2021) Kat:3, Licht: 0,38698,3,7,1,3,13,6,0,0,0,1,0,0,0,0
"POINT (7.197094368000023 51.269555696000054)",Unfall 38708 (2021) Kat:2, Licht: 2,38708,2,3,5,6,22,2,0,2,0,1,0,0,0,0
"POINT (7.207917946000066 51.270755407000081)",Unfall 38734 (2021) Kat:3, Licht: 0,38734,3,4,6,6,8,4,0,0,0,1,1,0,0,0
"POINT (7.232279446000064 51.272811596000054)",Unfall 38736 (2021) Kat:3, Licht: 0,38736,3,1,9,10,14,4,1,0,0,1,0,0,0,0
"POINT (7.216127294000046 51.301145254000062)",Unfall 38759 (2021) Kat:3, Licht: 1,38759,3,6,0,3,18,1,0,1,1,1,0,0,0,0
"POINT (7.201303754000037 51.292485616000079)",Unfall 38776 (2021) Kat:3, Licht: 0,38776,3,7,6,1,15,3,1,0,0,1,1,0,0,0
"POINT (7.184878185000059 51.278710598000032)",Unfall 38785 (2021) Kat:2, Licht: 2,38785,2,1,8,12,5,3,1,2,0,1,0,0,0,0
"POINT (7.250498733000029 51.309584671000039)",Unfall 38788 (2021) Kat:3, Licht: 0,38788,3,2,5,1,14,2,1,0,0,1,0,0,0,0
"POINT (7.227317164000056 51.238891647000059)",Unfall 38799 (2021) Kat:2, Licht: 2,38799,2,1,0,12,17,4,1,2,0,0,0,1,0,0
"POINT (7.189052355000058 51.276076759000034)",Unfall 38813 (2021) Kat:3, Licht: 0,38813,3,3,0,6,19,1,0,0,0,1,0,0,0,0
"POINT (7.187697180000043 51.246889594000038)",Unfall 38846 (2021) Kat:3, Licht: 0,38846,3,3,0,9,15,7,0,0,0,1,0,1,0,0
"POINT (7.257038760000057 51.312167139000053)",Unfall 38852 (2021) Kat:3, Licht: 0,38852,3,3,3,5,16,4,0,0,0,1,0,0,1,0
"POINT (7.202253965000068 51.226228832000061)",Unfall 38868 (2021) Kat:3, Licht: 0,38868,3,6,2,10,13,5,0,0,0,1,0,1,0,0
"POINT (7.189914799000064 51.275919252000051)",Unfall 38904 (2021) Kat:3, Licht: 2,38904,3,1,1,12,2,3,1,2,0,1,0,0,0,0
"POINT (7.215360795000038 51.302417959000081)",Unfall 38935 (2021) Kat:3, Licht: 0,38935,3,7,5,4,12,7,0,0,0,1,0,0,0,0
"POINT (7.206453349000071 51.266783537000038)",Unfall 38938 (2021) Kat:3, Licht: 2,38938,3,7,4,12,20,5,1,2,0,1,0,0,0,0
"POINT (7.227966478000042 51.270531039000048)",Unfall 38940 (2021) Kat:3, Licht: 2,38940,3,4,6,12,7,5,0,2,0,1,1,0,0,0
"POINT (7.199570470000026 51.270233990000065)",Unfall 38989 (2021) Kat:3, Licht: 0,38989,3,6,2,9,12,4,1,0,0,1,0,0,0,0
"POINT (7.182419842000058 51.277318934000050)",Unfall 38998 (2021) Kat:3, Licht: 0,38998,3,6,2,9,9,5,0,0,0,1,0,0,0,0
"POINT (7.229466362000039 51.304772680000042)",Unfall 39038 (2021) Kat:3, Licht: 1,39038,3,6,2,10,7,2,0,1,0,1,0,0,0,0
"POINT (7.221194157000070 51.285220917000061)",Unfall 39063 (2021) Kat:3, Licht: 2,39063,3,6,2,11,17,1,1,2,0,1,0,0,0,0
"POINT (7.185669487000041 51.265607009000064)",Unfall 39147 (2021) Kat:3, Licht: 0,39147,3,4,6,4,17,1,0,0,0,1,1,0,0,0
"POINT (7.223668742000029 51.285673089000056)",Unfall 39153 (2021) Kat:3, Licht: 0,39153,3,3,5,11,10,6,1,0,0,1,0,0,0,0
"POINT (7.183232145000034 51.278869663000080)",Unfall 39174 (2021) Kat:3, Licht: 0,39174,3,6,1,5,9,4,0,0,0,1,0,1,0,0
"POINT (7.238545856000030 51.291953516000035)",Unfall 39202 (2021) Kat:3, Licht: 2,39202,3,2,6,11,20,6,1,2,0,1,1,0,0,0
"POINT (7.215974437000057 51.288611008000032)",Unfall 39207 (2021) Kat:3, Licht: 2,39207,3,3,5,7,23,1,0,2,0,1,0,0,0,0
"POINT (7.192367288000071 51.249481859000070)",Unfall 39227 (2021) Kat:3, Licht: 2,39227,3,3,5,11,21,6,1,2,0,1,0,0,0,0
"POINT (7.246938342000021 51.295230752000066)",Unfall 39228 (2021) Kat:2, Licht: 0,39228,2,7,0,6,17,4,0,0,0,1,0,0,0,0
"POINT (7.185339808000037 51.265677531000051)",Unfall 39234 (2021) Kat:3, Licht: 1,39234,3,6,2,1,16,2,1,1,0,1,0,0,0,0
"POINT (7.213817208000023 51.274353188000077)",Unfall 39243 (2021) Kat:3, Licht: 0,39243,3,6,1,4,8,5,0,0,0,1,0,1,0,0
"POINT (7.235238912000057 51.277082774000064)",Unfall 39274 (2021) Kat:3, Licht: 0,39274,3,6,2,5,9,4,1,0,0,1,0,0,0,0
"POINT (7.181296388000021 51.264285122000047)",Unfall 39276 (2021) Kat:3, Licht: 0,39276,3,6,2,9,16,5,0,0,0,1,0,0,0,0
"POINT (7.204756221000025 51.280821197000080)",Unfall 39280 (2021) Kat:3, Licht: 0,39280,3,4,0,12,13,6,0,0,0,1,1,0,0,0
"POINT (7.194469545000061 51.256393352000032)",Unfall 39371 (2021) Kat:2, Licht: 0,39371,2,2,3,5,14,7,0,0,0,1,0,1,0,0
"POINT (7.208864141000049 51.282801261000031)",Unfall 39380 (2021) Kat:3, Licht: 0,39380,3,6,2,3,14,7,0,0,0,1,0,1,0,0
"POINT (7.253777946000071 51.275901140000030)",Unfall 39413 (2021) Kat:3, Licht: 1,39413,3,7,6,10,17,5,0,1,1,0,1,0,0,0
"POINT (7.238545856000030 51.291953516000035)",Unfall 39473 (2021) Kat:3, Licht: 0,39473,3,3,5,3,16,2,0,0,0,1,0,0,1,0
"POINT (7.231955712000058 51.229341101000045)",Unfall 39483 (2021) Kat:2, Licht: 1,39483,2,1,8,5,20,6,0,1,0,1,0,0,0,0
"POINT (7.185521884000025 51.279024345000039)",Unfall 39499 (2021) Kat:3, Licht: 0,39499,3,6,2,5,19,2,0,0,0,1,0,0,0,0
"POINT (7.221312056000045 51.275372041000026)",Unfall 39505 (2021) Kat:2, Licht: 0,39505,2,6,2,10,16,5,0,0,0,1,0,0,0,0
"POINT (7.220440092000047 51.275315362000072)",Unfall 39536 (2021) Kat:3, Licht: 0,39536,3,6,2,12,13,2,0,0,0,1,0,0,0,1
"POINT (7.192988694000064 51.286378537000076)",Unfall 39583 (2021) Kat:3, Licht: 0,39583,3,6,2,9,16,4,0,0,0,1,0,0,0,1
"POINT (7.198201807000032 51.259149145000038)",Unfall 39594 (2021) Kat:3, Licht: 0,39594,3,6,4,10,13,1,1,0,0,1,0,0,0,0
"POINT (7.186721677000037 51.279233401000056)",Unfall 39645 (2021) Kat:3, Licht: 0,39645,3,3,5,12,15,6,1,0,0,1,0,0,0,0
"POINT (7.216538742000068 51.283483216000036)",Unfall 39684 (2021) Kat:2, Licht: 0,39684,2,5,1,12,12,2,0,0,0,1,0,1,0,0
"POINT (7.243531974000064 51.274232786000027)",Unfall 39705 (2021) Kat:3, Licht: 2,39705,3,5,1,12,17,3,0,2,0,1,0,0,0,0
"POINT (7.183470378000038 51.278002612000080)",Unfall 39711 (2021) Kat:3, Licht: 0,39711,3,2,3,4,17,7,0,0,0,1,0,0,0,0
"POINT (7.206290882000076 51.280688779000059)",Unfall 39720 (2021) Kat:3, Licht: 2,39720,3,2,6,2,7,6,1,2,0,1,1,0,0,0
"POINT (7.195766220000053 51.269036287000063)",Unfall 39723 (2021) Kat:3, Licht: 0,39723,3,7,1,9,14,1,0,0,1,1,0,0,0,0
"POINT (7.179524113000070 51.263699879000058)",Unfall 39754 (2021) Kat:3, Licht: 0,39754,3,3,5,6,7,6,0,0,1,1,0,0,0,0
"POINT (7.203586479000023 51.227214147000041)",Unfall 39758 (2021) Kat:3, Licht: 0,39758,3,6,1,6,12,6,0,0,1,1,0,0,0,0
"POINT (7.215360795000038 51.302417959000081)",Unfall 39815 (2021) Kat:3, Licht: 0,39815,3,3,5,4,12,6,0,0,0,1,0,1,0,0
"POINT (7.192372117000048 51.249458709000066)",Unfall 39851 (2021) Kat:2, Licht: 2,39851,2,4,6,12,21,3,1,2,0,1,1,0,0,0
"POINT (7.253443538000056 51.297872323000036)",Unfall 39860 (2021) Kat:3, Licht: 0,39860,3,2,4,9,11,5,0,0,0,1,0,0,0,0
"POINT (7.268344533000061 51.278029460000027)",Unfall 39868 (2021) Kat:2, Licht: 2,39868,2,2,5,3,19,4,0,2,0,1,0,1,0,0
"POINT (7.199857571000052 51.237510401000065)",Unfall 39917 (2021) Kat:3, Licht: 0,39917,3,3,5,2,10,7,0,0,1,0,0,0,0,1
"POINT (7.231097414000033 51.256782980000025)",Unfall 39931 (2021) Kat:1, Licht: 0,39931,1,1,2,5,7,4,2,0,0,1,0,0,1,0
"POINT (7.215360795000038 51.302417959000081)",Unfall 39957 (2021) Kat:3, Licht: 2,39957,3,3,5,9,21,3,0,2,0,1,0,1,0,0
"POINT (7.196532418000061 51.255879913000058)",Unfall 39987 (2021) Kat:2, Licht: 1,39987,2,1,9,1,16,4,1,1,0,1,0,1,0,0
"POINT (7.221773908000046 51.275402598000028)",Unfall 39991 (2021) Kat:3, Licht: 0,39991,3,4,6,9,18,6,0,0,0,1,1,0,0,0
"POINT (7.210421795000059 51.274182728000028)",Unfall 40008 (2021) Kat:3, Licht: 0,40008,3,6,2,12,13,2,0,0,0,1,0,0,0,0
"POINT (7.208485138000071 51.270952783000041)",Unfall 40055 (2021) Kat:3, Licht: 0,40055,3,4,6,4,12,5,0,0,0,1,1,0,0,0
"POINT (7.193909328000075 51.234929545000057)",Unfall 40076 (2021) Kat:3, Licht: 0,40076,3,1,0,3,13,2,0,0,0,1,0,0,0,1
"POINT (7.212485994000076 51.234832739000069)",Unfall 40104 (2021) Kat:3, Licht: 0,40104,3,3,6,5,13,2,1,0,0,1,1,0,0,0
"POINT (7.255399540000042 51.272654855000042)",Unfall 40155 (2021) Kat:2, Licht: 0,40155,2,1,8,9,15,2,0,0,0,1,0,0,1,1
"POINT (7.235209654000073 51.230271338000080)",Unfall 40194 (2021) Kat:3, Licht: 0,40194,3,6,2,12,14,5,1,0,0,1,0,0,0,0
"POINT (7.249012649000065 51.312981614000080)",Unfall 40226 (2021) Kat:2, Licht: 0,40226,2,3,5,9,13,2,0,0,0,0,0,1,1,0
"POINT (7.184316867000064 51.278413122000075)",Unfall 40278 (2021) Kat:3, Licht: 0,40278,3,6,1,4,17,5,0,0,0,1,0,0,1,0
"POINT (7.182725300000072 51.264887360000046)",Unfall 40359 (2021) Kat:3, Licht: 2,40359,3,3,5,12,16,1,1,2,0,1,0,0,0,0
"POINT (7.249136191000048 51.299101770000050)",Unfall 40362 (2021) Kat:3, Licht: 0,40362,3,7,6,5,14,5,0,0,0,0,1,0,1,0
"POINT (7.228510802000073 51.275539378000076)",Unfall 40398 (2021) Kat:3, Licht: 2,40398,3,7,0,4,22,3,0,2,0,0,0,0,0,1
"POINT (7.212625278000075 51.274248040000032)",Unfall 40404 (2021) Kat:3, Licht: 0,40404,3,6,2,6,17,3,0,0,0,1,0,0,0,0
"POINT (7.203289800000050 51.237571531000071)",Unfall 40408 (2021) Kat:3, Licht: 0,40408,3,6,2,9,14,6,0,0,0,1,0,0,0,0
"POINT (7.196564579000039 51.270254628000032)",Unfall 40418 (2021) Kat:3, Licht: 2,40418,3,6,2,10,22,5,0,2,0,1,0,0,0,0
"POINT (7.207470157000046 51.230105089000062)",Unfall 40428 (2021) Kat:3, Licht: 2,40428,3,1,0,3,23,2,0,2,0,1,0,1,0,0
"POINT (7.220254464000050 51.275304795000068)",Unfall 40453 (2021) Kat:3, Licht: 0,40453,3,6,6,12,15,2,0,0,0,1,1,0,0,0
"POINT (7.235129788000052 51.277059048000069)",Unfall 40455 (2021) Kat:2, Licht: 2,40455,2,4,6,10,22,6,1,2,0,1,1,0,0,0
"POINT (7.218372008000074 51.271212953000031)",Unfall 40486 (2021) Kat:3, Licht: 0,40486,3,7,6,9,14,6,0,0,1,0,1,0,0,0
"POINT (7.232671000000039 51.239771999000027)",Unfall 40490 (2021) Kat:3, Licht: 0,40490,3,6,2,2,15,6,0,0,0,1,0,0,0,0
"POINT (7.180299890000072 51.263956913000072)",Unfall 40494 (2021) Kat:3, Licht: 0,40494,3,6,2,12,12,6,0,0,0,1,0,0,0,1
"POINT (7.194073318000051 51.267440010000030)",Unfall 40500 (2021) Kat:3, Licht: 0,40500,3,2,5,12,12,4,1,0,0,1,0,0,0,0
"POINT (7.209412112000052 51.231584400000031)",Unfall 40526 (2021) Kat:3, Licht: 0,40526,3,2,0,9,7,3,0,0,0,1,0,0,0,1
"POINT (7.199913819000074 51.288596742000038)",Unfall 40530 (2021) Kat:2, Licht: 0,40530,2,6,2,11,13,4,0,0,0,1,0,0,0,0
"POINT (7.181627756000069 51.264394248000031)",Unfall 40573 (2021) Kat:3, Licht: 0,40573,3,6,3,4,20,4,0,0,0,1,0,0,0,0
"POINT (7.229728082000065 51.239306811000063)",Unfall 40580 (2021) Kat:2, Licht: 0,40580,2,6,2,11,9,4,0,0,0,1,0,0,0,0
"POINT (7.212036408000074 51.270346591000077)",Unfall 40587 (2021) Kat:3, Licht: 0,40587,3,6,3,3,8,6,1,0,0,1,0,0,1,0
"POINT (7.201873552000052 51.294062783000072)",Unfall 40625 (2021) Kat:1, Licht: 1,40625,1,4,6,11,7,5,0,1,0,1,1,0,0,0
"POINT (7.190504053000041 51.266895759000079)",Unfall 40627 (2021) Kat:2, Licht: 0,40627,2,7,5,6,7,4,0,0,0,0,0,1,0,1
"POINT (7.213769459000048 51.274314178000054)",Unfall 40641 (2021) Kat:3, Licht: 2,40641,3,6,2,7,1,2,0,2,0,1,0,0,0,0
"POINT (7.222121760000050 51.275425611000060)",Unfall 40734 (2021) Kat:3, Licht: 0,40734,3,6,0,10,12,6,0,0,1,1,0,0,0,1
"POINT (7.197636650000049 51.268847240000071)",Unfall 40745 (2021) Kat:3, Licht: 0,40745,3,3,0,7,7,5,1,0,0,1,0,1,0,0