WKT,Name,OBJECTID,UKATEGORIE,UTYP1,UART,UMONAT,USTUNDE,UWOCHENTAG,STRZUSTAND,ULICHTVERH,ISTRAD,ISTPKW,ISTFUSS,ISTKRAD,ISTGKFZ,ISTSONSTIG
"POINT (7.186900814000069 51.247727320000081)",Unfall 40746 (2021) Kat:2, Licht: 0,40746,2,1,0,10,13,6,0,0,1,0,0,0,0,0
"POINT (7.206888864000064 51.281785775000060)",Unfall 40757 (2021) Kat:3, Licht: 2,40757,3,6,3,9,20,3,0,2,0,1,0,0,0,0
"POINT (7.247219525000048 51.310572978000039)",Unfall 40774 (2021) Kat:2, Licht: 0,40774,2,1,8,4,11,6,0,0,0,1,0,0,0,0
"POINT (7.196688762000065 51.270128330000034)",Unfall 40783 (2021) Kat:3, Licht: 1,40783,3,6,2,10,16,3,1,1,0,1,0,0,0,1
"POINT (7.218670512000074 51.271230534000040)",Unfall 40818 (2021) Kat:3, Licht: 0,40818,3,3,3,4,11,3,1,0,0,1,0,0,0,0
"POINT (7.232671000000039 51.239771999000027)",Unfall 40853 (2021) Kat:3, Licht: 2,40853,3,6,1,11,18,3,1,2,0,1,0,0,0,0
"POINT (7.191108575000044 51.285019710000029)",Unfall 40862 (2021) Kat:2, Licht: 2,40862,2,1,0,2,22,7,2,2,0,1,0,0,0,0
"POINT (7.206812643000035 51.273069869000039)",Unfall 40880 (2021) Kat:3, Licht: 2,40880,3,2,6,11,18,6,1,2,0,1,1,0,0,0
"POINT (7.246907178000072 51.295259077000026)",Unfall 40882 (2021) Kat:3, Licht: 2,40882,3,3,5,7,23,5,1,2,0,1,0,0,1,0
"POINT (7.211210210000047 51.268736229000069)",Unfall 40891 (2021) Kat:3, Licht: 0,40891,3,1,0,9,14,6,1,0,0,0,0,1,0,0
"POINT (7.201463960000069 51.295242599000062)",Unfall 40895 (2021) Kat:3, Licht: 0,40895,3,4,6,3,12,6,0,0,0,1,1,0,0,0
"POINT (7.215172479000046 51.283080981000069)",Unfall 40913 (2021) Kat:2, Licht: 0,40913,2,2,6,10,15,2,0,0,0,1,1,0,0,0
"POINT (7.227918086000045 51.286926666000056)",Unfall 40920 (2021) Kat:3, Licht: 0,40920,3,7,6,10,8,3,0,0,1,0,1,0,0,0
"POINT (7.218502783000076 51.275119792000055)",Unfall 40942 (2021) Kat:2, Licht: 0,40942,2,4,6,6,12,4,0,0,0,1,1,0,0,0
"POINT (7.177894883000022 51.268806199000039)",Unfall 49734 (2021) Kat:3, Licht: 2,49734,3,6,2,8,20,7,0,2,0,1,0,0,0,0
"POINT (7.148516306000033 51.269680195000035)",Unfall 49775 (2021) Kat:3, Licht: 0,49775,3,6,2,8,12,3,0,0,0,1,0,1,0,0
"POINT (7.107010423000077 51.246930639000027)",Unfall 49776 (2021) Kat:2, Licht: 0,49776,2,2,0,8,17,3,1,0,0,1,0,1,0,0
"POINT (7.181355940000060 51.266616096000064)",Unfall 49791 (2021) Kat:3, Licht: 0,49791,3,7,0,7,8,5,0,0,1,0,0,0,0,0
"POINT (7.173942907000026 51.286827034000055)",Unfall 49799 (2021) Kat:3, Licht: 0,49799,3,6,3,7,17,7,1,0,0,1,0,0,0,0
"POINT (7.202710282000055 51.276530166000043)",Unfall 49816 (2021) Kat:3, Licht: 0,49816,3,3,5,8,14,2,0,0,1,1,0,0,0,0
"POINT (7.227038565000043 51.254061875000048)",Unfall 49817 (2021) Kat:3, Licht: 0,49817,3,1,9,8,17,3,0,0,0,1,0,0,0,0
"POINT (7.133922091000045 51.253098889000057)",Unfall 49836 (2021) Kat:3, Licht: 0,49836,3,7,5,7,18,7,0,0,1,1,0,0,0,0
"POINT (7.220402908000040 51.275226335000070)",Unfall 49849 (2021) Kat:3, Licht: 0,49849,3,6,1,8,16,5,0,0,0,1,0,0,0,0
"POINT (7.149629179000044 51.249332012000082)",Unfall 49893 (2021) Kat:3, Licht: 0,49893,3,2,2,8,12,5,0,0,0,1,0,0,0,0
"POINT (7.192375689000073 51.240555990000075)",Unfall 49908 (2021) Kat:3, Licht: 2,49908,3,6,4,8,23,5,0,2,1,0,0,0,0,0
"POINT (7.171883430000037 51.261286736000045)",Unfall 49929 (2021) Kat:3, Licht: 1,49929,3,7,0,8,6,1,0,1,0,0,0,0,0,1
"POINT (7.145262388000049 51.258536165000066)",Unfall 49930 (2021) Kat:3, Licht: 0,49930,3,5,0,7,16,5,0,0,0,0,0,1,0,0
"POINT (7.219854567000027 51.275287002000027)",Unfall 49970 (2021) Kat:3, Licht: 0,49970,3,6,3,7,19,3,1,0,0,1,0,0,0,0
"POINT (7.135331590000021 51.252110815000037)",Unfall 49971 (2021) Kat:2, Licht: 0,49971,2,1,8,8,8,4,1,0,0,0,0,0,0,1
"POINT (7.233530121000058 51.266947020000032)",Unfall 49985 (2021) Kat:3, Licht: 0,49985,3,7,0,7,13,5,0,0,1,0,0,0,0,0
"POINT (7.078211987000032 51.234777543000064)",Unfall 50002 (2021) Kat:3, Licht: 0,50002,3,1,1,6,14,4,0,0,0,1,0,1,0,0
"POINT (7.244077899000047 51.280964232000031)",Unfall 50010 (2021) Kat:3, Licht: 0,50010,3,6,2,6,14,3,0,0,0,1,0,0,0,0
"POINT (7.072130819000051 51.251182163000067)",Unfall 50033 (2021) Kat:2, Licht: 0,50033,2,1,0,8,8,3,0,0,1,0,0,0,0,0
"POINT (7.206737087000022 51.273017162000031)",Unfall 50049 (2021) Kat:2, Licht: 0,50049,2,3,5,8,15,1,0,0,1,1,0,0,0,0
"POINT (7.208984681000061 51.283297110000035)",Unfall 50090 (2021) Kat:3, Licht: 0,50090,3,6,2,8,16,5,0,0,0,1,0,0,0,0
"POINT (7.185612406000075 51.277380315000073)",Unfall 50105 (2021) Kat:3, Licht: 0,50105,3,2,3,8,17,2,0,0,0,1,0,1,0,0
"POINT (7.163725144000068 51.257068786000048)",Unfall 50106 (2021) Kat:3, Licht: 0,50106,3,7,0,7,15,4,0,0,0,0,0,0,0,1
"POINT (7.202550389000066 51.263496903000032)",Unfall 50120 (2021) Kat:3, Licht: 0,50120,3,1,0,8,10,2,1,0,0,0,0,1,0,0
"POINT (7.096061701000053 51.255929015000049)",Unfall 50121 (2021) Kat:2, Licht: 0,50121,2,3,5,6,6,4,0,0,0,1,0,1,0,0
"POINT (7.199734004000049 51.266842675000078)",Unfall 50142 (2021) Kat:3, Licht: 0,50142,3,4,6,7,11,1,0,0,0,1,1,0,0,0
"POINT (7.203548671000021 51.280906948000052)",Unfall 50167 (2021) Kat:3, Licht: 0,50167,3,7,6,4,14,3,0,0,0,1,1,0,0,0
"POINT (7.195571000000029 51.271149737000030)",Unfall 50181 (2021) Kat:3, Licht: 0,50181,3,6,2,8,14,6,0,0,0,1,0,1,0,0
"POINT (7.205349658000046 51.270381568000062)",Unfall 50222 (2021) Kat:2, Licht: 0,50222,2,6,3,8,13,6,0,0,0,1,0,1,0,0
"POINT (7.208758455000066 51.284502355000029)",Unfall 50228 (2021) Kat:3, Licht: 0,50228,3,7,6,7,10,4,0,0,0,1,1,0,0,0
"POINT (7.151983580000035 51.219561809000027)",Unfall 50245 (2021) Kat:3, Licht: 2,50245,3,1,9,1,0,3,1,2,0,1,0,0,0,0
"POINT (7.160931586000061 51.250625768000077)",Unfall 50249 (2021) Kat:3, Licht: 0,50249,3,1,0,8,8,2,1,0,0,0,0,0,0,1
"POINT (7.216533532000028 51.283481866000045)",Unfall 50286 (2021) Kat:3, Licht: 0,50286,3,6,2,8,15,4,0,0,0,1,0,0,0,0
"POINT (7.167943610000066 51.259537332000036)",Unfall 50295 (2021) Kat:3, Licht: 0,50295,3,6,3,5,13,4,0,0,0,1,0,0,0,0
"POINT (7.147378270000047 51.269092837000073)",Unfall 50320 (2021) Kat:3, Licht: 0,50320,3,6,2,8,17,3,0,0,0,1,0,0,0,0
"POINT (7.127272104000042 51.264452761000030)",Unfall 50341 (2021) Kat:3, Licht: 1,50341,3,1,9,8,20,6,0,1,0,1,0,0,0,0
"POINT (7.093272152000054 51.237407907000033)",Unfall 50342 (2021) Kat:3, Licht: 2,50342,3,6,2,1,6,4,1,2,0,1,0,0,0,0
"POINT (7.164188444000047 51.294873186000075)",Unfall 50349 (2021) Kat:3, Licht: 0,50349,3,3,5,7,9,5,0,0,0,1,0,0,0,1
"POINT (7.126767279000035 51.182220745000052)",Unfall 50350 (2021) Kat:2, Licht: 0,50350,2,6,4,7,11,4,0,0,0,1,0,0,0,0
"POINT (7.218982269000037 51.271168583000076)",Unfall 50382 (2021) Kat:3, Licht: 0,50382,3,1,0,8,14,7,0,0,0,0,0,1,0,0
"POINT (7.235902566000050 51.235781850000080)",Unfall 50399 (2021) Kat:3, Licht: 0,50399,3,6,2,8,8,3,1,0,0,1,0,0,1,0
"POINT (7.161663884000063 51.278298467000070)",Unfall 50423 (2021) Kat:2, Licht: 0,50423,2,2,5,8,7,2,1,0,0,1,0,1,0,0
"POINT (7.125215433000051 51.270968439000058)",Unfall 50459 (2021) Kat:3, Licht: 2,50459,3,1,8,7,1,2,0,2,0,1,0,0,0,0
"POINT (7.131622131000029 51.263486270000044)",Unfall 50515 (2021) Kat:3, Licht: 2,50515,3,7,0,7,22,5,0,2,0,1,0,0,0,0
"POINT (7.145436234000044 51.258596637000039)",Unfall 50516 (2021) Kat:3, Licht: 0,50516,3,6,2,8,16,2,0,0,1,1,0,0,0,0
"POINT (7.235459697000067 51.277128264000055)",Unfall 50533 (2021) Kat:2, Licht: 0,50533,2,6,2,8,16,4,0,0,0,1,0,1,0,0
"POINT (7.195810231000053 51.268115808000061)",Unfall 50548 (2021) Kat:2, Licht: 0,50548,2,3,5,7,7,7,0,0,0,0,0,0,0,1
"POINT (7.216202009000028 51.274814371000048)",Unfall 50575 (2021) Kat:3, Licht: 0,50575,3,6,2,4,15,2,0,0,0,1,0,0,0,0
"POINT (7.148099687000069 51.230744784000080)",Unfall 50596 (2021) Kat:3, Licht: 0,50596,3,3,5,8,9,4,0,0,0,1,0,1,0,0
"POINT (7.231314904000044 51.256336361000081)",Unfall 50608 (2021) Kat:2, Licht: 0,50608,2,3,5,7,17,5,0,0,1,1,0,0,0,0
"POINT (7.221839607000049 51.275406945000043)",Unfall 50658 (2021) Kat:3, Licht: 0,50658,3,7,1,8,17,3,0,0,0,1,0,0,1,0
"POINT (7.236854812000047 51.273578159000067)",Unfall 50714 (2021) Kat:3, Licht: 2,50714,3,6,1,8,20,7,0,2,0,1,0,0,0,0
"POINT (7.191018585000052 51.243826004000027)",Unfall 50739 (2021) Kat:2, Licht: 0,50739,2,6,2,8,18,5,0,0,0,1,0,0,0,0
"POINT (7.116535374000023 51.262254300000052)",Unfall 50754 (2021) Kat:3, Licht: 2,50754,3,1,8,8,1,1,1,2,0,1,0,0,0,1
"POINT (7.184354116000065 51.278452529000049)",Unfall 50777 (2021) Kat:3, Licht: 1,50777,3,4,6,7,20,4,0,1,0,1,1,0,0,0
"POINT (7.123710175000042 51.259769649000077)",Unfall 50785 (2021) Kat:3, Licht: 0,50785,3,3,5,8,16,2,0,0,0,1,0,0,0,0
"POINT (7.234105958000043 51.265978223000047)",Unfall 50807 (2021) Kat:2, Licht: 0,50807,2,2,5,8,19,4,0,0,0,0,0,1,0,1
"POINT (7.223670673000072 51.285673443000064)",Unfall 50815 (2021) Kat:3, Licht: 0,50815,3,7,6,2,12,6,0,0,0,1,1,0,0,0
"POINT (7.086629793000043 51.235711288000061)",Unfall 50829 (2021) Kat:3, Licht: 0,50829,3,6,0,7,16,6,0,0,0,1,0,0,0,1
"POINT (7.235932734000073 51.267790002000027)",Unfall 50883 (2021) Kat:2, Licht: 0,50883,2,7,0,7,12,5,1,0,1,0,0,0,0,0
"POINT (7.197433880000062 51.237559414000032)",Unfall 50950 (2021) Kat:2, Licht: 0,50950,2,6,2,8,13,2,0,0,0,1,0,0,0,0
"POINT (7.154386577000025 51.256286444000068)",Unfall 50964 (2021) Kat:3, Licht: 2,50964,3,6,3,7,23,7,0,2,0,1,0,0,0,0
"POINT (7.147093460000065 51.226456319000079)",Unfall 50968 (2021) Kat:3, Licht: 1,50968,3,6,2,7,21,7,0,1,0,1,0,0,0,0
"POINT (7.141774067000028 51.260977355000080)",Unfall 50985 (2021) Kat:3, Licht: 0,50985,3,6,2,7,16,6,0,0,0,1,0,0,0,0
"POINT (7.160602946000040 51.296543191000069)",Unfall 51036 (2021) Kat:3, Licht: 0,51036,3,3,2,7,13,7,0,0,1,1,0,0,0,0
"POINT (7.148183222000057 51.259128891000046)",Unfall 51061 (2021) Kat:3, Licht: 0,51061,3,3,5,8,7,3,1,0,0,1,0,0,0,0
"POINT (7.210230532000026 51.271260588000075)",Unfall 51069 (2021) Kat:3, Licht: 2,51069,3,6,3,8,16,2,0,2,0,1,0,1,0,0
"POINT (7.147583111000074 51.261432757000080)",Unfall 51086 (2021) Kat:3, Licht: 0,51086,3,6,3,7,20,5,0,0,0,1,0,1,0,0
"POINT (7.144917465000049 51.253274934000046)",Unfall 51111 (2021) Kat:3, Licht: 0,51111,3,6,2,8,12,7,1,0,0,1,0,0,0,0
"POINT (7.200688473000071 51.269511675000047)",Unfall 51143 (2021) Kat:2, Licht: 0,51143,2,6,1,4,15,2,0,0,0,1,0,1,0,0
"POINT (7.073688105000031 51.264311175000046)",Unfall 51159 (2021) Kat:3, Licht: 0,51159,3,1,0,8,15,1,0,0,0,0,0,1,0,0
"POINT (7.151592005000055 51.258866167000065)",Unfall 51179 (2021) Kat:3, Licht: 0,51179,3,7,0,7,8,2,0,0,0,1,0,0,0,0
"POINT (7.252389856000036 51.282342556000060)",Unfall 51186 (2021) Kat:3, Licht: 0,51186,3,3,5,7,12,3,0,0,0,1,0,0,0,0
"POINT (7.182105311000043 51.265628931000037)",Unfall 51200 (2021) Kat:3, Licht: 0,51200,3,1,1,7,16,4,0,0,0,1,0,1,0,0
"POINT (7.163725144000068 51.257068786000048)",Unfall 51201 (2021) Kat:3, Licht: 0,51201,3,6,0,8,15,5,0,0,0,1,0,0,0,1
"POINT (7.138135930000033 51.226998965000064)",Unfall 51219 (2021) Kat:3, Licht: 0,51219,3,1,9,8,16,6,1,0,0,1,0,0,0,0
"POINT (7.135789158000023 51.262884105000069)",Unfall 51236 (2021) Kat:3, Licht: 0,51236,3,6,2,8,16,1,1,0,0,1,0,0,0,0
"POINT (7.152143580000029 51.256181924000032)",Unfall 51237 (2021) Kat:3, Licht: 0,51237,3,5,2,7,16,5,0,0,0,1,0,0,0,0
"POINT (7.140713495000057 51.261244002000069)",Unfall 51279 (2021) Kat:3, Licht: 2,51279,3,7,1,8,22,3,1,2,0,1,0,1,0,0
"POINT (7.255290219000074 51.283045472000026)",Unfall 51305 (2021) Kat:3, Licht: 0,51305,3,1,2,8,7,4,0,0,0,1,0,0,0,0
"POINT (7.245239729000048 51.275036839000052)",Unfall 51322 (2021) Kat:3, Licht: 1,51322,3,7,0,8,20,3,1,1,0,1,0,0,0,1
"POINT (7.194073318000051 51.267440010000030)",Unfall 51362 (2021) Kat:3, Licht: 0,51362,3,2,5,8,11,4,0,0,0,1,0,1,0,0
"POINT (7.054012573000023 51.210830003000069)",Unfall 51368 (2021) Kat:3, Licht: 1,51368,3,6,2,8,19,2,0,1,0,1,0,0,0,0
"POINT (7.211895828000024 51.274342293000075)",Unfall 51404 (2021) Kat:3, Licht: 0,51404,3,6,2,3,7,3,0,0,0,1,0,0,0,0
"POINT (7.227339498000049 51.224296155000047)",Unfall 51424 (2021) Kat:3, Licht: 0,51424,3,6,4,8,12,4,0,0,0,1,0,0,0,0
"POINT (7.192462086000035 51.249042517000078)",Unfall 51509 (2021) Kat:3, Licht: 0,51509,3,7,6,4,10,2,0,0,0,1,1,0,0,0
"POINT (7.131058636000034 51.252397602000030)",Unfall 51928 (2021) Kat:3, Licht: 0,51928,3,1,2,8,10,2,0,0,0,1,0,0,0,0
"POINT (7.280448683000031 51.218780129000038)",Unfall 53255 (2021) Kat:2, Licht: 0,53255,2,1,8,7,19,6,1,0,0,0,0,1,0,0
"POINT (7.131845403000057 51.265645094000035)",Unfall 53491 (2021) Kat:3, Licht: 0,53491,3,6,2,8,14,6,0,0,0,0,0,0,1,1
"POINT (7.244068816000038 51.274513391000028)",Unfall 53895 (2021) Kat:3, Licht: 0,53895,3,6,2,6,14,3,0,0,0,1,0,1,0,0
"POINT (7.099833918000058 51.254926397000077)",Unfall 53938 (2021) Kat:3, Licht: 2,53938,3,2,5,8,5,3,1,2,1,1,0,0,0,0
"POINT (7.179957803000036 51.268100099000037)",Unfall 54025 (2021) Kat:3, Licht: 0,54025,3,2,5,8,16,3,0,0,0,1,0,0,0,0
"POINT (7.197535483000024 51.269704158000081)",Unfall 54086 (2021) Kat:3, Licht: 0,54086,3,6,2,1,12,2,1,0,0,1,0,0,1,0
"POINT (7.130532758000072 51.265345697000043)",Unfall 54303 (2021) Kat:3, Licht: 0,54303,3,6,1,8,15,3,0,0,0,1,0,0,0,1
"POINT (7.209034235000047 51.271106656000029)",Unfall 54387 (2021) Kat:3, Licht: 0,54387,3,2,2,8,10,1,1,0,0,1,0,0,0,0
"POINT (7.246938342000021 51.295230752000066)",Unfall 54594 (2021) Kat:3, Licht: 0,54594,3,6,0,7,14,3,0,0,0,1,0,0,0,0
"POINT (7.112853131000065 51.258522460000052)",Unfall 54695 (2021) Kat:3, Licht: 0,54695,3,6,2,6,16,3,0,0,0,1,0,0,0,0
"POINT (7.058500888000026 51.247410154000079)",Unfall 160088 (2021) Kat:3, Licht: 0,160088,3,1,9,5,20,5,0,0,0,1,0,0,0,0
"POINT (7.063383256000066 51.217381443000079)",Unfall 160126 (2021) Kat:3, Licht: 2,160126,3,3,5,11,20,4,1,2,0,1,0,0,0,0
"POINT (7.078179325000065 51.231674117000068)",Unfall 160127 (2021) Kat:2, Licht: 0,160127,2,2,3,5,12,6,0,0,0,1,0,1,0,0
"POINT (7.070594032000031 51.232375441000045)",Unfall 160357 (2021) Kat:3, Licht: 1,160357,3,7,6,10,18,4,0,1,0,1,1,0,0,0
"POINT (7.051465038000060 51.223656979000054)",Unfall 160429 (2021) Kat:3, Licht: 0,160429,3,7,0,7,12,4,0,0,1,0,0,0,0,0
"POINT (7.086025124000059 51.234348062000038)",Unfall 160592 (2021) Kat:3, Licht: 0,160592,3,6,1,6,15,4,0,0,0,1,0,0,0,0
"POINT (7.091653189000056 51.246799490000058)",Unfall 160603 (2021) Kat:3, Licht: 0,160603,3,6,3,7,6,2,0,0,0,1,0,0,0,0
"POINT (7.080025275000025 51.239555943000028)",Unfall 160635 (2021) Kat:3, Licht: 0,160635,3,2,5,3,13,2,0,0,1,0,0,0,0,0
"POINT (7.071580093000023 51.232614853000030)",Unfall 160751 (2021) Kat:3, Licht: 0,160751,3,2,6,3,12,7,0,0,0,1,1,0,0,0
"POINT (7.077993759000037 51.221874223000043)",Unfall 160756 (2021) Kat:3, Licht: 2,160756,3,4,6,12,19,1,1,2,0,1,1,0,0,0
"POINT (7.073121927000045 51.244363984000074)",Unfall 160765 (2021) Kat:3, Licht: 0,160765,3,1,0,3,13,1,0,0,0,0,0,0,0,1
"POINT (7.070950011000036 51.226272385000073)",Unfall 160776 (2021) Kat:3, Licht: 0,160776,3,6,4,7,18,4,1,0,0,1,0,0,0,0
"POINT (7.057011313000032 51.222826283000074)",Unfall 160807 (2021) Kat:3, Licht: 0,160807,3,7,0,11,10,7,1,0,1,0,0,0,0,0
"POINT (7.064864208000074 51.218043940000030)",Unfall 160809 (2021) Kat:3, Licht: 0,160809,3,3,5,2,7,5,0,0,0,1,0,1,0,0
"POINT (7.079481760000021 51.234886630000062)",Unfall 160856 (2021) Kat:3, Licht: 2,160856,3,7,6,11,7,2,0,2,0,0,1,0,0,1
"POINT (7.068149614000049 51.236969392000049)",Unfall 160892 (2021) Kat:3, Licht: 0,160892,3,4,6,9,15,4,0,0,0,0,1,0,1,0
"POINT (7.076758310000059 51.231349547000036)",Unfall 160967 (2021) Kat:3, Licht: 0,160967,3,3,5,4,20,5,0,0,0,1,0,0,0,0
"POINT (7.156765612000072 51.291247026000065)",Unfall 161167 (2021) Kat:3, Licht: 0,161167,3,6,4,9,16,3,0,0,1,1,0,0,0,0
"POINT (7.140814750000061 51.255825457000071)",Unfall 161168 (2021) Kat:3, Licht: 0,161168,3,2,6,12,10,3,0,0,0,1,1,0,0,0
"POINT (7.181424835000030 51.261835272000042)",Unfall 161190 (2021) Kat:3, Licht: 0,161190,3,3,5,3,15,4,0,0,0,1,0,0,0,0
"POINT (7.107369344000062 51.256780627000069)",Unfall 161194 (2021) Kat:3, Licht: 2,161194,3,7,6,12,18,5,1,2,0,1,1,0,0,0
"POINT (7.120069788000023 51.249627687000043)",Unfall 161202 (2021) Kat:2, Licht: 0,161202,2,4,6,6,11,7,0,0,0,1,1,0,0,0
"POINT (7.175146793000067 51.264153668000063)",Unfall 161214 (2021) Kat:2, Licht: 0,161214,2,3,0,4,9,3,0,0,1,1,0,0,0,0
"POINT (7.110105267000051 51.244245809000063)",Unfall 161237 (2021) Kat:3, Licht: 0,161237,3,2,5,5,17,1,0,0,1,1,0,0,0,0
"POINT (7.161456169000076 51.267152246000080)",Unfall 161238 (2021) Kat:3, Licht: 2,161238,3,2,6,2,6,4,1,2,0,1,1,0,0,0
"POINT (7.123480046000054 51.247446168000067)",Unfall 161282 (2021) Kat:2, Licht: 0,161282,2,1,0,7,16,1,0,0,1,0,0,0,0,0
"POINT (7.148162191000040 51.256794358000036)",Unfall 161290 (2021) Kat:3, Licht: 1,161290,3,7,0,12,8,4,1,1,1,0,0,0,0,0
"POINT (7.155236943000034 51.276457905000029)",Unfall 161317 (2021) Kat:3, Licht: 0,161317,3,1,6,4,17,1,0,0,0,1,1,0,0,0
"POINT (7.140687200000059 51.265005482000049)",Unfall 161340 (2021) Kat:3, Licht: 0,161340,3,3,5,10,15,7,0,0,0,1,0,0,0,0
"POINT (7.099488528000052 51.238392782000062)",Unfall 161342 (2021) Kat:3, Licht: 0,161342,3,2,3,11,11,5,0,0,0,1,0,0,0,0
"POINT (7.134400676000041 51.228273813000044)",Unfall 161361 (2021) Kat:3, Licht: 0,161361,3,7,2,11,12,6,0,0,0,1,0,0,1,0
"POINT (7.133041309000021 51.253398575000062)",Unfall 161382 (2021) Kat:3, Licht: 0,161382,3,4,6,12,13,3,0,0,0,1,1,0,0,0
"POINT (7.106966640000053 51.235391359000062)",Unfall 161385 (2021) Kat:3, Licht: 0,161385,3,1,8,7,15,6,0,0,1,0,0,0,0,0
"POINT (7.155688934000068 51.253999401000044)",Unfall 161386 (2021) Kat:3, Licht: 0,161386,3,6,2,10,9,3,0,0,0,1,0,0,0,0
"POINT (7.163667269000030 51.257133563000082)",Unfall 161388 (2021) Kat:3, Licht: 0,161388,3,7,0,6,15,1,0,0,1,0,0,0,0,0
"POINT (7.147873066000045 51.248311353000076)",Unfall 161402 (2021) Kat:3, Licht: 0,161402,3,3,0,11,12,6,1,0,0,1,0,1,0,0
"POINT (7.123632862000022 51.271228662000055)",Unfall 161404 (2021) Kat:2, Licht: 2,161404,2,4,6,10,19,2,0,2,0,1,1,0,0,0
"POINT (7.134874529000058 51.205921102000048)",Unfall 161411 (2021) Kat:3, Licht: 0,161411,3,7,0,2,12,1,0,0,1,0,1,0,0,0
"POINT (7.141273535000039 51.255217935000076)",Unfall 161416 (2021) Kat:3, Licht: 2,161416,3,3,5,11,2,7,1,2,0,1,0,0,0,0
"POINT (7.186747689000072 51.273358274000032)",Unfall 161438 (2021) Kat:1, Licht: 0,161438,1,2,6,10,16,5,0,0,0,0,1,0,0,1
"POINT (7.163011207000068 51.255430123000053)",Unfall 161451 (2021) Kat:3, Licht: 0,161451,3,6,1,11,9,7,0,0,0,1,0,0,0,0
"POINT (7.146490663000066 51.259912047000057)",Unfall 161458 (2021) Kat:3, Licht: 0,161458,3,6,6,6,10,3,0,0,1,0,1,0,0,0
"POINT (7.173152446000074 51.263129332000062)",Unfall 161463 (2021) Kat:3, Licht: 0,161463,3,2,4,4,17,4,0,0,0,1,0,1,0,0
"POINT (7.183186456000044 51.272860094000066)",Unfall 161465 (2021) Kat:3, Licht: 0,161465,3,1,1,7,16,7,0,0,0,1,0,1,0,0
"POINT (7.133449357000075 51.189130307000028)",Unfall 161466 (2021) Kat:3, Licht: 0,161466,3,1,8,9,19,7,0,0,0,1,1,0,0,0
"POINT (7.152579015000072 51.262543732000040)",Unfall 161469 (2021) Kat:3, Licht: 0,161469,3,5,1,1,14,4,0,0,0,1,0,1,0,0
"POINT (7.136116511000068 51.251644758000054)",Unfall 161495 (2021) Kat:3, Licht: 1,161495,3,2,6,2,7,6,0,1,0,1,1,0,0,0
"POINT (7.152474262000055 51.241287797000041)",Unfall 161498 (2021) Kat:3, Licht: 2,161498,3,3,5,10,20,7,1,2,0,1,0,0,0,0
"POINT (7.130678839000041 51.273949604000052)",Unfall 161506 (2021) Kat:3, Licht: 0,161506,3,5,1,6,7,7,0,0,1,1,0,0,0,0
"POINT (7.172693060000029 51.263686577000044)",Unfall 161522 (2021) Kat:3, Licht: 0,161522,3,1,8,7,8,2,1,0,1,1,0,0,0,0
"POINT (7.152330864000021 51.258908577000057)",Unfall 161528 (2021) Kat:2, Licht: 2,161528,2,3,5,3,20,3,1,2,1,1,0,0,0,0
"POINT (7.167282557000021 51.290144065000050)",Unfall 161532 (2021) Kat:3, Licht: 2,161532,3,3,5,12,1,6,1,2,0,1,0,0,0,0
"POINT (7.126274020000039 51.251660727000058)",Unfall 161575 (2021) Kat:2, Licht: 2,161575,2,7,0,6,2,1,1,2,0,1,0,0,0,0
"POINT (7.118119919000037 51.284621382000068)",Unfall 161576 (2021) Kat:3, Licht: 1,161576,3,3,5,11,16,2,0,1,0,1,0,0,0,0
"POINT (7.128301272000044 51.272349167000073)",Unfall 161589 (2021) Kat:3, Licht: 0,161589,3,7,6,12,11,7,1,0,0,0,1,0,0,1
"POINT (7.144721585000070 51.261394126000027)",Unfall 161611 (2021) Kat:3, Licht: 0,161611,3,3,5,12,14,4,0,0,0,1,0,0,0,0
"POINT (7.138961993000066 51.267459843000040)",Unfall 161620 (2021) Kat:3, Licht: 0,161620,3,7,0,11,14,5,0,0,1,0,0,0,0,0
"POINT (7.149292799000023 51.257699211000045)",Unfall 161623 (2021) Kat:3, Licht: 0,161623,3,5,0,11,14,2,0,0,0,0,1,0,0,1
"POINT (7.172073172000069 51.257877120000046)",Unfall 161638 (2021) Kat:2, Licht: 0,161638,2,4,0,6,12,6,0,0,0,0,1,1,0,0
"POINT (7.121749153000053 51.262740670000028)",Unfall 161691 (2021) Kat:3, Licht: 0,161691,3,6,2,4,15,7,0,0,0,1,0,0,0,0
"POINT (7.107953593000047 51.252724503000081)",Unfall 161710 (2021) Kat:3, Licht: 0,161710,3,6,2,12,8,5,1,0,0,1,0,0,0,0
"POINT (7.147491723000030 51.231312504000073)",Unfall 161735 (2021) Kat:3, Licht: 2,161735,3,3,5,9,2,1,0,2,1,1,0,0,0,0
"POINT (7.145364667000024 51.259335400000055)",Unfall 161739 (2021) Kat:2, Licht: 2,161739,2,3,5,12,22,3,1,2,0,0,0,0,0,1
"POINT (7.131209832000025 51.196697713000049)",Unfall 161744 (2021) Kat:3, Licht: 0,161744,3,4,6,9,17,3,0,0,0,1,1,0,0,0
"POINT (7.146729041000071 51.266663295000058)",Unfall 161777 (2021) Kat:2, Licht: 0,161777,2,1,0,7,12,6,0,0,0,0,0,0,0,1
"POINT (7.174457912000037 51.268974887000070)",Unfall 161783 (2021) Kat:3, Licht: 0,161783,3,7,0,10,17,1,0,0,1,0,0,0,0,1
"POINT (7.133560486000022 51.266405488000032)",Unfall 161786 (2021) Kat:3, Licht: 2,161786,3,1,8,10,19,7,0,2,0,0,0,1,0,0
"POINT (7.159384518000024 51.269279151000035)",Unfall 161791 (2021) Kat:3, Licht: 0,161791,3,3,5,5,8,7,1,0,1,1,0,0,0,0