WKT,Name,OBJECTID,UKATEGORIE,UTYP1,UART,UMONAT,USTUNDE,UWOCHENTAG,STRZUSTAND,ULICHTVERH,ISTRAD,ISTPKW,ISTFUSS,ISTKRAD,ISTGKFZ,ISTSONSTIG
"POINT (7.105207410000048 51.254554875000053)",Unfall 161810 (2021) Kat:3, Licht: 0,161810,3,6,1,4,18,7,0,0,0,1,0,0,0,1
"POINT (7.146138996000047 51.257450071000051)",Unfall 161814 (2021) Kat:3, Licht: 0,161814,3,4,6,12,15,3,0,0,1,0,1,0,0,0
"POINT (7.152489787000036 51.262800971000047)",Unfall 161823 (2021) Kat:3, Licht: 0,161823,3,3,5,9,17,5,0,0,0,1,0,1,0,0
"POINT (7.139773098000035 51.266829953000070)",Unfall 161837 (2021) Kat:3, Licht: 2,161837,3,4,6,11,21,6,0,2,0,1,1,0,0,0
"POINT (7.144809163000048 51.260963343000071)",Unfall 161840 (2021) Kat:3, Licht: 2,161840,3,3,5,9,22,4,0,2,0,1,0,0,0,0
"POINT (7.101824694000072 51.238619728000060)",Unfall 161842 (2021) Kat:3, Licht: 2,161842,3,2,3,12,16,2,0,2,0,1,0,0,0,0
"POINT (7.178136967000057 51.267907712000067)",Unfall 161843 (2021) Kat:3, Licht: 0,161843,3,4,6,4,11,3,0,0,0,0,1,1,0,0
"POINT (7.149138826000069 51.251326554000059)",Unfall 161852 (2021) Kat:2, Licht: 0,161852,2,4,6,9,12,6,0,0,0,1,1,0,0,0
"POINT (7.164893927000037 51.248958971000036)",Unfall 161857 (2021) Kat:3, Licht: 0,161857,3,1,0,2,15,1,0,0,1,0,0,0,0,0
"POINT (7.137689545000057 51.251450301000034)",Unfall 161861 (2021) Kat:3, Licht: 0,161861,3,3,5,4,15,5,0,0,0,1,0,0,0,0
"POINT (7.152468492000025 51.248610664000068)",Unfall 161873 (2021) Kat:3, Licht: 2,161873,3,2,4,11,20,1,1,2,0,1,0,0,0,1
"POINT (7.141401100000053 51.264931357000080)",Unfall 161877 (2021) Kat:3, Licht: 0,161877,3,3,5,10,7,3,0,0,0,1,0,0,0,0
"POINT (7.169286493000072 51.257266404000063)",Unfall 161878 (2021) Kat:3, Licht: 2,161878,3,3,5,11,16,4,1,2,0,1,0,0,0,0
"POINT (7.130450660000065 51.194769462000068)",Unfall 161882 (2021) Kat:3, Licht: 0,161882,3,1,7,12,13,2,1,0,0,1,0,0,0,0
"POINT (7.156845407000048 51.283137396000029)",Unfall 161886 (2021) Kat:2, Licht: 0,161886,2,7,8,10,13,7,1,0,0,1,0,0,0,0
"POINT (7.097576249000042 51.238207533000036)",Unfall 161889 (2021) Kat:3, Licht: 0,161889,3,6,0,11,10,6,1,0,0,1,0,0,0,0
"POINT (7.148286341000073 51.274700675000076)",Unfall 161890 (2021) Kat:3, Licht: 2,161890,3,5,0,12,17,6,0,2,0,1,0,0,1,0
"POINT (7.146139278000021 51.257072486000027)",Unfall 161899 (2021) Kat:3, Licht: 0,161899,3,4,6,10,16,2,0,0,1,0,1,0,0,0
"POINT (7.143125382000051 51.245880348000071)",Unfall 161904 (2021) Kat:3, Licht: 1,161904,3,2,6,1,18,4,1,1,0,1,1,0,0,0
"POINT (7.147903450000058 51.266756951000048)",Unfall 161907 (2021) Kat:3, Licht: 1,161907,3,6,2,4,7,3,2,1,0,1,0,0,0,0
"POINT (7.145484529000043 51.256723836000049)",Unfall 161917 (2021) Kat:3, Licht: 0,161917,3,7,6,11,9,2,1,0,0,0,1,0,0,1
"POINT (7.096936175000053 51.234696872000029)",Unfall 161928 (2021) Kat:3, Licht: 2,161928,3,1,9,4,1,2,0,2,0,1,0,0,0,0
"POINT (7.153367727000045 51.268963029000076)",Unfall 161929 (2021) Kat:3, Licht: 2,161929,3,7,0,10,18,6,0,2,0,1,0,0,1,0
"POINT (7.168278587000032 51.279913004000036)",Unfall 161934 (2021) Kat:3, Licht: 0,161934,3,7,9,2,12,6,0,0,0,1,1,0,0,0
"POINT (7.104850478000060 51.254060745000061)",Unfall 161941 (2021) Kat:3, Licht: 1,161941,3,6,3,10,6,3,1,1,0,1,0,1,0,0
"POINT (7.146506646000034 51.255716953000046)",Unfall 161945 (2021) Kat:3, Licht: 2,161945,3,2,3,11,19,4,1,2,1,1,0,0,0,0
"POINT (7.174586971000053 51.273893653000073)",Unfall 161951 (2021) Kat:3, Licht: 2,161951,3,4,6,9,7,5,0,2,0,1,1,0,0,0
"POINT (7.183674671000063 51.276596910000080)",Unfall 161953 (2021) Kat:3, Licht: 0,161953,3,4,6,11,15,4,0,0,0,0,1,0,0,1
"POINT (7.138781455000071 51.260551083000053)",Unfall 161972 (2021) Kat:3, Licht: 2,161972,3,2,2,3,20,6,0,2,0,1,0,1,0,0
"POINT (7.187521078000032 51.293030374000068)",Unfall 161977 (2021) Kat:3, Licht: 0,161977,3,6,6,9,14,5,0,0,0,1,1,0,0,0
"POINT (7.128613698000038 51.191740984000035)",Unfall 161978 (2021) Kat:3, Licht: 2,161978,3,1,9,10,2,4,1,2,0,1,0,0,0,0
"POINT (7.140146838000021 51.267774842000051)",Unfall 161991 (2021) Kat:3, Licht: 1,161991,3,3,5,2,7,3,1,1,0,1,0,0,0,0
"POINT (7.165964329000076 51.261485208000067)",Unfall 161992 (2021) Kat:2, Licht: 0,161992,2,1,7,3,16,3,0,0,1,0,0,0,0,0
"POINT (7.120407720000060 51.265069625000081)",Unfall 161997 (2021) Kat:3, Licht: 2,161997,3,1,9,6,0,4,1,2,0,1,0,0,0,0
"POINT (7.143488442000034 51.260722480000027)",Unfall 162014 (2021) Kat:3, Licht: 0,162014,3,4,6,9,16,3,0,0,0,1,1,0,0,0
"POINT (7.167282557000021 51.290144065000050)",Unfall 162020 (2021) Kat:3, Licht: 0,162020,3,7,0,9,7,5,0,0,0,0,1,0,0,1
"POINT (7.103208179000035 51.250135826000076)",Unfall 162057 (2021) Kat:3, Licht: 2,162057,3,3,5,1,17,2,1,2,1,0,0,0,1,0
"POINT (7.131141297000056 51.196211237000057)",Unfall 162069 (2021) Kat:2, Licht: 2,162069,2,5,1,11,22,6,1,2,0,1,0,0,0,0
"POINT (7.150217759000043 51.251278625000054)",Unfall 162077 (2021) Kat:3, Licht: 0,162077,3,7,6,3,9,2,0,0,0,1,1,0,0,0
"POINT (7.152074424000034 51.258571039000060)",Unfall 162098 (2021) Kat:3, Licht: 0,162098,3,2,0,9,14,4,0,0,1,1,0,0,0,0
"POINT (7.169308151000052 51.257276025000067)",Unfall 162102 (2021) Kat:3, Licht: 2,162102,3,2,5,11,20,6,1,2,0,1,0,0,0,1
"POINT (7.132240422000052 51.208690768000054)",Unfall 162106 (2021) Kat:3, Licht: 0,162106,3,1,8,10,13,6,0,0,0,1,0,0,0,0
"POINT (7.157327501000054 51.257585272000028)",Unfall 162126 (2021) Kat:3, Licht: 0,162126,3,1,6,10,9,2,0,0,1,0,1,0,0,0
"POINT (7.148864849000063 51.255963008000037)",Unfall 162130 (2021) Kat:3, Licht: 0,162130,3,1,0,12,15,1,0,0,0,0,1,0,0,1
"POINT (7.128583017000039 51.235724625000046)",Unfall 162131 (2021) Kat:3, Licht: 0,162131,3,7,0,2,16,7,0,0,1,0,0,0,0,0
"POINT (7.162866375000021 51.284947963000036)",Unfall 162134 (2021) Kat:3, Licht: 0,162134,3,7,6,9,20,7,0,0,0,1,1,0,0,0
"POINT (7.179140141000062 51.265686824000056)",Unfall 162161 (2021) Kat:3, Licht: 0,162161,3,6,0,2,16,7,0,0,1,1,0,0,0,0
"POINT (7.125118590000056 51.241987996000034)",Unfall 162164 (2021) Kat:2, Licht: 0,162164,2,1,8,6,10,5,0,0,1,1,0,0,0,0
"POINT (7.156860496000036 51.272352587000057)",Unfall 162168 (2021) Kat:3, Licht: 0,162168,3,7,0,2,15,4,0,0,1,0,0,0,0,0
"POINT (7.147079976000043 51.226572345000079)",Unfall 162171 (2021) Kat:3, Licht: 0,162171,3,2,4,1,11,5,0,0,0,1,0,0,0,0
"POINT (7.174990913000045 51.265240136000045)",Unfall 162191 (2021) Kat:3, Licht: 0,162191,3,1,0,5,13,4,1,0,1,0,0,0,0,0
"POINT (7.146031596000057 51.266619793000075)",Unfall 162196 (2021) Kat:3, Licht: 0,162196,3,3,5,10,12,2,0,0,1,1,0,0,0,0
"POINT (7.123292054000046 51.271269934000031)",Unfall 162208 (2021) Kat:3, Licht: 0,162208,3,3,5,2,12,4,1,0,0,1,0,0,0,1
"POINT (7.108216181000046 51.252701788000081)",Unfall 162211 (2021) Kat:3, Licht: 0,162211,3,3,5,9,18,3,0,0,0,1,0,0,0,1
"POINT (7.136001949000047 51.232357355000033)",Unfall 162236 (2021) Kat:3, Licht: 2,162236,3,1,8,10,20,7,1,2,0,1,0,0,0,0
"POINT (7.111150871000063 51.252447277000044)",Unfall 162241 (2021) Kat:2, Licht: 2,162241,2,1,8,10,23,5,1,2,0,1,0,0,0,0
"POINT (7.182477902000073 51.261908679000044)",Unfall 162260 (2021) Kat:3, Licht: 0,162260,3,7,1,6,19,3,0,0,0,0,0,1,0,1
"POINT (7.131029474000059 51.273282309000081)",Unfall 162261 (2021) Kat:2, Licht: 0,162261,2,1,0,9,12,1,0,0,1,0,0,0,0,0
"POINT (7.135088557000074 51.255359263000059)",Unfall 162290 (2021) Kat:2, Licht: 0,162290,2,5,1,6,17,5,0,0,1,1,0,0,0,0
"POINT (7.228226770000049 51.281858435000061)",Unfall 162321 (2021) Kat:3, Licht: 0,162321,3,2,6,4,14,4,1,0,0,1,1,0,0,0
"POINT (7.218003178000060 51.280470923000053)",Unfall 162331 (2021) Kat:3, Licht: 0,162331,3,3,5,9,19,2,0,0,0,1,0,1,0,0
"POINT (7.298047826000072 51.245158694000054)",Unfall 162348 (2021) Kat:3, Licht: 0,162348,3,1,8,9,13,1,0,0,1,0,0,0,0,0
"POINT (7.192826728000057 51.266734262000057)",Unfall 162417 (2021) Kat:3, Licht: 0,162417,3,6,2,10,14,4,0,0,0,1,0,1,0,0
"POINT (7.224445775000049 51.268688555000040)",Unfall 162430 (2021) Kat:3, Licht: 0,162430,3,4,6,9,14,3,0,0,0,1,1,0,0,0
"POINT (7.200418796000065 51.225299340000049)",Unfall 162449 (2021) Kat:3, Licht: 0,162449,3,6,2,3,14,2,0,0,0,1,0,0,0,0
"POINT (7.226504629000033 51.274682926000025)",Unfall 162453 (2021) Kat:2, Licht: 2,162453,2,1,8,12,23,6,1,2,0,1,0,0,0,0
"POINT (7.221362713000076 51.277129432000038)",Unfall 162455 (2021) Kat:3, Licht: 0,162455,3,4,6,11,11,4,1,0,0,0,1,0,0,1
"POINT (7.200153416000035 51.217230150000034)",Unfall 162485 (2021) Kat:3, Licht: 0,162485,3,3,5,9,10,1,0,0,1,1,0,0,0,0
"POINT (7.228144133000058 51.283376967000038)",Unfall 162490 (2021) Kat:3, Licht: 0,162490,3,5,1,1,14,2,1,0,0,1,0,0,0,0
"POINT (7.244097808000049 51.275301840000054)",Unfall 162496 (2021) Kat:3, Licht: 0,162496,3,2,5,3,10,3,1,0,1,1,0,0,0,0
"POINT (7.207320354000046 51.275712217000034)",Unfall 162515 (2021) Kat:3, Licht: 0,162515,3,4,6,5,16,3,1,0,0,1,1,0,0,0
"POINT (7.204715719000035 51.277829893000046)",Unfall 162523 (2021) Kat:3, Licht: 0,162523,3,4,6,4,14,5,0,0,0,1,1,0,0,0
"POINT (7.251477533000070 51.293676041000026)",Unfall 162527 (2021) Kat:3, Licht: 2,162527,3,3,5,1,6,6,1,2,0,1,0,0,0,0
"POINT (7.244652362000068 51.297058784000058)",Unfall 162545 (2021) Kat:3, Licht: 0,162545,3,5,0,9,17,5,0,0,0,1,0,1,1,0
"POINT (7.233421080000028 51.284217806000072)",Unfall 162556 (2021) Kat:3, Licht: 0,162556,3,2,0,11,10,5,1,0,0,1,0,1,0,0
"POINT (7.199166940000055 51.254830297000069)",Unfall 162560 (2021) Kat:3, Licht: 2,162560,3,3,5,9,19,7,0,2,0,1,0,0,0,0
"POINT (7.194502563000071 51.271879052000031)",Unfall 162568 (2021) Kat:2, Licht: 2,162568,2,1,9,1,2,4,1,2,0,1,0,0,0,0
"POINT (7.235519776000046 51.284104170000035)",Unfall 162569 (2021) Kat:3, Licht: 0,162569,3,5,1,10,10,4,0,0,0,1,0,0,0,1
"POINT (7.234500242000024 51.272106459000042)",Unfall 162603 (2021) Kat:3, Licht: 0,162603,3,4,0,1,15,6,1,0,0,1,1,0,0,0
"POINT (7.202049568000064 51.271241428000053)",Unfall 162607 (2021) Kat:2, Licht: 0,162607,2,7,0,6,17,3,0,0,0,0,1,0,0,1
"POINT (7.198308313000041 51.254627163000066)",Unfall 162616 (2021) Kat:2, Licht: 0,162616,2,5,1,1,9,1,1,0,0,1,0,0,0,0
"POINT (7.208293997000055 51.270119249000061)",Unfall 162619 (2021) Kat:3, Licht: 0,162619,3,4,6,4,13,4,0,0,0,1,1,0,0,0
"POINT (7.232226241000035 51.287485213000082)",Unfall 162657 (2021) Kat:3, Licht: 0,162657,3,2,0,1,12,4,1,0,1,1,0,0,0,0
"POINT (7.264728934000061 51.310885591000044)",Unfall 162661 (2021) Kat:2, Licht: 0,162661,2,3,5,6,17,3,0,0,1,0,0,0,0,1
"POINT (7.222730276000050 51.272459154000046)",Unfall 162668 (2021) Kat:3, Licht: 0,162668,3,4,6,2,13,5,2,0,0,1,1,0,0,0
"POINT (7.245680336000021 51.275130777000072)",Unfall 162684 (2021) Kat:3, Licht: 2,162684,3,3,5,11,18,5,0,2,1,1,0,0,0,0
"POINT (7.240131449000046 51.283815185000037)",Unfall 162685 (2021) Kat:3, Licht: 0,162685,3,3,5,6,18,5,0,0,0,1,0,0,0,1
"POINT (7.213796346000038 51.276265783000042)",Unfall 162691 (2021) Kat:3, Licht: 0,162691,3,2,5,2,10,4,0,0,0,1,0,0,0,1
"POINT (7.224579674000040 51.277678772000058)",Unfall 162695 (2021) Kat:3, Licht: 0,162695,3,1,9,7,7,4,1,0,0,1,0,0,0,0
"POINT (7.235811635000061 51.281642412000053)",Unfall 162705 (2021) Kat:3, Licht: 2,162705,3,3,5,12,16,7,1,2,0,1,0,0,0,0
"POINT (7.221101177000037 51.281877607000069)",Unfall 162715 (2021) Kat:3, Licht: 2,162715,3,1,8,12,19,5,1,2,0,1,0,1,0,0
"POINT (7.207078653000053 51.227275798000051)",Unfall 162729 (2021) Kat:3, Licht: 0,162729,3,2,4,6,17,4,0,0,1,1,0,0,0,0
"POINT (7.264092019000032 51.267916378000052)",Unfall 162736 (2021) Kat:3, Licht: 2,162736,3,7,0,5,21,5,1,2,0,1,1,0,0,0
"POINT (7.204543398000055 51.270050517000072)",Unfall 162737 (2021) Kat:3, Licht: 0,162737,3,5,1,11,12,2,0,0,1,1,0,0,0,0
"POINT (7.212610067000071 51.277690074000077)",Unfall 162739 (2021) Kat:3, Licht: 1,162739,3,6,4,6,20,2,0,1,1,0,0,0,0,0
"POINT (7.223150138000051 51.275403177000044)",Unfall 162743 (2021) Kat:3, Licht: 0,162743,3,1,0,4,11,4,0,0,0,0,0,1,0,0
"POINT (7.211290464000058 51.223625611000045)",Unfall 162749 (2021) Kat:3, Licht: 0,162749,3,1,4,11,13,1,0,0,0,1,0,0,0,0
"POINT (7.196502923000025 51.280472912000050)",Unfall 162755 (2021) Kat:3, Licht: 1,162755,3,1,0,5,19,4,1,1,0,1,0,1,0,0
"POINT (7.209656058000064 51.269809660000078)",Unfall 162763 (2021) Kat:3, Licht: 0,162763,3,7,6,2,12,4,1,0,0,1,1,0,0,0
"POINT (7.219761285000061 51.266985838000039)",Unfall 162764 (2021) Kat:2, Licht: 0,162764,2,3,5,9,13,5,0,0,0,1,0,1,0,0
"POINT (7.204004962000056 51.227744144000042)",Unfall 162783 (2021) Kat:3, Licht: 0,162783,3,4,6,11,13,3,1,0,0,1,1,0,0,0
"POINT (7.193231892000028 51.279756273000032)",Unfall 162801 (2021) Kat:3, Licht: 0,162801,3,4,6,1,12,2,1,0,0,1,1,0,0,0
"POINT (7.215134792000072 51.300988982000035)",Unfall 162811 (2021) Kat:3, Licht: 0,162811,3,7,0,6,15,7,0,0,0,0,0,0,0,1
"POINT (7.194256661000054 51.227907969000057)",Unfall 162825 (2021) Kat:3, Licht: 1,162825,3,7,1,1,15,4,0,1,0,1,0,0,0,0
"POINT (7.202568014000065 51.227895770000032)",Unfall 162831 (2021) Kat:3, Licht: 2,162831,3,3,5,3,20,6,1,2,0,1,0,0,0,0
"POINT (7.217806884000026 51.276011860000040)",Unfall 162881 (2021) Kat:3, Licht: 0,162881,3,4,6,10,14,5,1,0,0,1,1,0,0,0
"POINT (7.207256086000029 51.297738062000064)",Unfall 162900 (2021) Kat:2, Licht: 1,162900,2,7,0,4,20,7,0,1,1,1,0,0,0,0
"POINT (7.191268406000063 51.234227326000052)",Unfall 162940 (2021) Kat:3, Licht: 0,162940,3,6,2,5,19,6,0,0,0,1,0,0,0,0
"POINT (7.191992003000053 51.234352396000077)",Unfall 162951 (2021) Kat:3, Licht: 0,162951,3,3,5,3,17,7,1,0,0,1,0,0,0,1
"POINT (7.288344718000076 51.248108410000043)",Unfall 162961 (2021) Kat:3, Licht: 0,162961,3,3,5,6,18,1,0,0,0,1,0,1,0,0
"POINT (7.203909354000075 51.274193935000028)",Unfall 163031 (2021) Kat:3, Licht: 2,163031,3,1,1,2,20,1,2,2,0,1,0,0,0,0
"POINT (7.230756843000052 51.270731150000074)",Unfall 163036 (2021) Kat:3, Licht: 0,163036,3,6,2,11,11,4,0,0,0,1,0,0,0,0
"POINT (7.256871529000023 51.278234169000029)",Unfall 163059 (2021) Kat:3, Licht: 2,163059,3,3,5,11,6,3,1,2,0,1,0,0,0,0
"POINT (7.225984246000053 51.269998999000052)",Unfall 163064 (2021) Kat:3, Licht: 0,163064,3,3,5,9,11,7,0,0,0,1,0,0,0,0
"POINT (7.205790156000035 51.227855241000043)",Unfall 163082 (2021) Kat:3, Licht: 0,163082,3,7,0,6,11,5,0,0,1,1,0,0,0,0
"POINT (7.231419685000049 51.287300879000043)",Unfall 163087 (2021) Kat:2, Licht: 0,163087,2,7,0,6,11,2,0,0,0,1,1,0,0,0
"POINT (7.200200947000042 51.229268661000049)",Unfall 163091 (2021) Kat:3, Licht: 0,163091,3,7,5,4,18,6,0,0,1,1,0,0,0,0
"POINT (7.207644057000039 51.277831729000070)",Unfall 163103 (2021) Kat:3, Licht: 0,163103,3,7,0,1,15,1,0,0,0,1,0,0,0,0
"POINT (7.256712489000051 51.278458610000030)",Unfall 163110 (2021) Kat:3, Licht: 0,163110,3,3,5,2,14,5,0,0,0,1,0,0,0,0
"POINT (7.241074676000039 51.267193255000052)",Unfall 163113 (2021) Kat:3, Licht: 0,163113,3,6,4,9,9,2,0,0,0,1,0,0,1,0
"POINT (7.199495804000037 51.226358737000055)",Unfall 163127 (2021) Kat:3, Licht: 0,163127,3,2,6,10,13,7,0,0,0,1,1,0,0,0
"POINT (7.219624692000025 51.267073942000081)",Unfall 163143 (2021) Kat:3, Licht: 0,163143,3,3,5,7,6,2,0,0,1,1,0,0,0,0
"POINT (7.195802560000061 51.244606622000049)",Unfall 163149 (2021) Kat:3, Licht: 0,163149,3,4,6,11,13,3,0,0,0,1,1,0,0,0
"POINT (7.217653887000040 51.271199961000036)",Unfall 163152 (2021) Kat:2, Licht: 0,163152,2,4,6,10,8,4,1,0,0,1,1,0,0,0
"POINT (7.207132338000065 51.261936779000052)",Unfall 163157 (2021) Kat:3, Licht: 0,163157,3,6,4,1,9,5,1,0,0,1,0,0,0,0
"POINT (7.233086158000049 51.273999197000080)",Unfall 163161 (2021) Kat:2, Licht: 0,163161,2,3,6,7,15,2,0,0,0,1,1,0,0,0
"POINT (7.226804869000034 51.281230506000043)",Unfall 163169 (2021) Kat:3, Licht: 0,163169,3,6,2,9,12,1,0,0,0,1,0,0,0,0
"POINT (7.202704608000033 51.268516562000059)",Unfall 163175 (2021) Kat:3, Licht: 0,163175,3,6,3,7,13,4,0,0,0,1,0,0,0,0
"POINT (7.242614948000039 51.286572840000076)",Unfall 163184 (2021) Kat:3, Licht: 0,163184,3,6,8,5,17,2,0,0,1,0,0,0,0,1
"POINT (7.213295165000034 51.225821760000031)",Unfall 163214 (2021) Kat:3, Licht: 0,163214,3,3,0,5,15,4,1,0,0,1,0,0,0,1
"POINT (7.192576583000061 51.272182274000045)",Unfall 163231 (2021) Kat:3, Licht: 0,163231,3,1,0,6,18,3,0,0,0,1,0,0,0,0
"POINT (7.209938877000070 51.275526945000081)",Unfall 163250 (2021) Kat:3, Licht: 2,163250,3,7,5,6,21,3,1,2,0,1,0,0,0,0
"POINT (7.197882799000070 51.266868917000068)",Unfall 163256 (2021) Kat:2, Licht: 0,163256,2,2,4,6,19,5,0,0,0,1,0,1,0,0
"POINT (7.202848332000030 51.227349758000059)",Unfall 163260 (2021) Kat:3, Licht: 0,163260,3,4,6,10,13,3,1,0,0,1,1,0,0,0
"POINT (7.217807446000052 51.276124943000070)",Unfall 163273 (2021) Kat:3, Licht: 0,163273,3,6,6,5,13,6,0,0,0,1,1,0,0,0
"POINT (7.240696442000058 51.283436973000050)",Unfall 163282 (2021) Kat:3, Licht: 0,163282,3,6,6,9,16,7,0,0,1,0,1,0,0,0
"POINT (7.190437093000071 51.265405114000032)",Unfall 163291 (2021) Kat:3, Licht: 0,163291,3,3,5,10,16,7,0,0,1,1,0,0,0,0
"POINT (7.224096072000066 51.274755420000076)",Unfall 163294 (2021) Kat:3, Licht: 0,163294,3,7,5,11,11,5,0,0,0,0,0,0,0,1
"POINT (7.202710282000055 51.276530166000043)",Unfall 163298 (2021) Kat:3, Licht: 2,163298,3,4,6,12,6,2,1,2,0,1,1,0,0,0
"POINT (7.208607523000069 51.265914232000057)",Unfall 163312 (2021) Kat:3, Licht: 0,163312,3,1,1,10,17,7,0,0,1,1,0,0,0,0
"POINT (7.207511252000074 51.277546610000059)",Unfall 163327 (2021) Kat:3, Licht: 0,163327,3,3,0,9,16,2,0,0,1,1,0,0,0,0
"POINT (7.188736628000072 51.266654376000076)",Unfall 163346 (2021) Kat:3, Licht: 0,163346,3,4,6,4,10,6,0,0,0,1,1,0,0,0
"POINT (7.224399387000062 51.282052614000065)",Unfall 163349 (2021) Kat:3, Licht: 0,163349,3,6,4,7,13,4,0,0,1,0,0,0,0,0
"POINT (7.225984246000053 51.269998999000052)",Unfall 163350 (2021) Kat:3, Licht: 0,163350,3,3,5,4,15,2,1,0,0,1,0,0,0,0
"POINT (7.297483736000061 51.249734091000050)",Unfall 163376 (2021) Kat:3, Licht: 0,163376,3,7,0,5,12,3,0,0,0,1,0,0,0,0
"POINT (7.168348843000047 51.258117524000056)",Unfall 167837 (2021) Kat:3, Licht: 0,167837,3,2,2,8,9,2,0,0,0,1,0,0,0,0
"POINT (7.209676979000051 51.269764120000048)",Unfall 167916 (2021) Kat:3, Licht: 1,167916,3,7,7,6,21,2,0,1,0,1,0,0,0,0
"POINT (7.150532100000021 51.248809405000031)",Unfall 167935 (2021) Kat:3, Licht: 0,167935,3,1,8,9,17,3,0,0,0,1,0,0,0,0
"POINT (7.190231303000076 51.267727730000047)",Unfall 167943 (2021) Kat:3, Licht: 0,167943,3,7,6,4,15,7,0,0,0,1,1,0,0,0
"POINT (7.246887597000068 51.276770893000048)",Unfall 168016 (2021) Kat:3, Licht: 2,168016,3,1,1,7,0,7,0,2,0,1,0,0,0,1
"POINT (7.088428956000030 51.246803489000058)",Unfall 168032 (2021) Kat:3, Licht: 0,168032,3,7,0,8,12,1,0,0,1,0,0,0,0,0
"POINT (7.142168887000025 51.258034758000065)",Unfall 168038 (2021) Kat:3, Licht: 0,168038,3,5,1,3,10,5,0,0,1,1,0,0,0,0
"POINT (7.141908966000074 51.255471503000081)",Unfall 168059 (2021) Kat:3, Licht: 0,168059,3,6,2,8,12,3,0,0,0,1,0,0,0,0
"POINT (7.154461862000062 51.271147790000043)",Unfall 168074 (2021) Kat:2, Licht: 0,168074,2,1,0,8,15,2,1,0,0,0,0,1,0,0
"POINT (7.166000977000067 51.260763106000070)",Unfall 168087 (2021) Kat:3, Licht: 0,168087,3,1,6,7,16,5,1,0,0,1,1,0,0,0
"POINT (7.264730572000076 51.282409003000055)",Unfall 168111 (2021) Kat:3, Licht: 0,168111,3,7,6,8,9,2,0,0,0,1,1,0,0,0
"POINT (7.183508573000040 51.229214984000066)",Unfall 168130 (2021) Kat:3, Licht: 0,168130,3,7,1,6,12,4,0,0,0,0,0,1,0,1
"POINT (7.193208363000053 51.280037421000031)",Unfall 168136 (2021) Kat:3, Licht: 0,168136,3,7,0,1,14,6,0,0,1,0,1,0,0,0
"POINT (7.135527842000045 51.247924191000038)",Unfall 168139 (2021) Kat:3, Licht: 1,168139,3,7,6,11,17,6,1,1,0,1,1,0,0,0
"POINT (7.170388085000070 51.257755720000034)",Unfall 168164 (2021) Kat:3, Licht: 0,168164,3,7,0,8,16,4,0,0,0,1,0,0,0,0
"POINT (7.142691817000070 51.242188735000070)",Unfall 168167 (2021) Kat:3, Licht: 0,168167,3,5,1,8,11,7,0,0,0,1,0,0,0,0
"POINT (7.155592436000063 51.217709329000058)",Unfall 168192 (2021) Kat:3, Licht: 0,168192,3,7,0,8,12,6,1,0,1,0,0,0,0,0
"POINT (7.231568420000031 51.286949300000060)",Unfall 168237 (2021) Kat:3, Licht: 0,168237,3,5,1,4,10,2,0,0,0,1,0,0,0,0
"POINT (7.166615191000062 51.256750987000032)",Unfall 168240 (2021) Kat:2, Licht: 0,168240,2,7,0,6,14,3,0,0,0,1,0,1,0,0
"POINT (7.089397251000037 51.236102381000080)",Unfall 168249 (2021) Kat:3, Licht: 0,168249,3,3,0,7,15,3,0,0,0,1,0,0,0,1
"POINT (7.185084683000071 51.266047269000069)",Unfall 168291 (2021) Kat:3, Licht: 0,168291,3,7,6,7,16,3,1,0,0,1,1,0,0,0
"POINT (7.150282606000076 51.259559308000064)",Unfall 168317 (2021) Kat:3, Licht: 0,168317,3,7,0,11,7,4,0,0,0,1,0,0,0,0
"POINT (7.149944352000034 51.258228880000047)",Unfall 168340 (2021) Kat:3, Licht: 0,168340,3,4,6,8,12,5,0,0,0,1,1,0,0,0
"POINT (7.234947877000025 51.283852035000052)",Unfall 168356 (2021) Kat:3, Licht: 2,168356,3,2,5,7,22,5,1,2,0,1,0,0,0,1
"POINT (7.155250836000050 51.265889109000057)",Unfall 168367 (2021) Kat:2, Licht: 0,168367,2,3,5,8,19,6,0,0,1,1,0,0,0,0
"POINT (7.148212998000076 51.226197958000057)",Unfall 168387 (2021) Kat:2, Licht: 0,168387,2,2,0,4,11,4,0,0,0,0,0,1,0,0
"POINT (7.188953869000045 51.274439716000074)",Unfall 168439 (2021) Kat:3, Licht: 2,168439,3,4,6,1,18,3,1,2,0,1,1,0,0,0
"POINT (7.251275272000044 51.293485541000052)",Unfall 168484 (2021) Kat:3, Licht: 2,168484,3,1,0,8,22,4,1,2,1,0,0,0,0,0
"POINT (7.131437594000033 51.201932562000081)",Unfall 168517 (2021) Kat:3, Licht: 0,168517,3,6,2,4,13,1,0,0,0,1,0,0,0,0
"POINT (7.147766132000072 51.248386757000048)",Unfall 168558 (2021) Kat:3, Licht: 0,168558,3,6,3,8,18,2,0,0,0,1,0,0,0,0
"POINT (7.223893305000047 51.270080217000043)",Unfall 168582 (2021) Kat:2, Licht: 0,168582,2,4,6,8,15,5,0,0,0,1,1,0,0,0