WKT,Name,OBJECTID,UKATEGORIE,UTYP1,UART,UMONAT,USTUNDE,UWOCHENTAG,STRZUSTAND,ULICHTVERH,ISTRAD,ISTPKW,ISTFUSS,ISTKRAD,ISTGKFZ,ISTSONSTIG
"POINT (7.199857571000050 51.237510401000101)",Unfall 41189 (2022) Kat:3, Licht: 0,41189,3,2,5,06,10,5,0,0,1,1,0,0,0,0
"POINT (7.133244376000050 51.253266351000001)",Unfall 41190 (2022) Kat:3, Licht: 0,41190,3,6,0,06,17,3,0,0,0,1,0,0,0,1
"POINT (7.139187693000050 51.254450568000003)",Unfall 41274 (2022) Kat:3, Licht: 0,41274,3,2,5,07,13,6,0,0,0,1,0,0,0,1
"POINT (7.167439244000040 51.279985429000099)",Unfall 41327 (2022) Kat:2, Licht: 0,41327,2,6,3,06,19,7,0,0,0,1,0,1,0,0
"POINT (7.204668267000050 51.289982085000098)",Unfall 41376 (2022) Kat:3, Licht: 0,41376,3,6,2,07,17,7,0,0,0,1,0,0,0,0
"POINT (7.155908431000060 51.251135030000100)",Unfall 41496 (2022) Kat:3, Licht: 0,41496,3,6,1,07,15,6,0,0,0,1,0,1,0,0
"POINT (7.124701619000060 51.249462059999999)",Unfall 41517 (2022) Kat:3, Licht: 0,41517,3,4,6,07,14,6,0,0,0,1,1,0,0,0
"POINT (7.177826942000020 51.263161134000001)",Unfall 41535 (2022) Kat:3, Licht: 0,41535,3,6,2,07,14,3,0,0,0,1,0,0,0,0
"POINT (7.207569572000070 51.270649798000100)",Unfall 41595 (2022) Kat:3, Licht: 0,41595,3,3,5,07,13,3,0,0,0,1,0,1,0,0
"POINT (7.143772589000040 51.249083882999997)",Unfall 41603 (2022) Kat:3, Licht: 0,41603,3,6,2,07,16,2,0,0,0,1,0,0,0,0
"POINT (7.233383445000070 51.288696064000099)",Unfall 41623 (2022) Kat:3, Licht: 1,41623,3,3,5,07,05,5,1,1,0,1,0,0,0,0
"POINT (7.069364494000070 51.230761933000103)",Unfall 41672 (2022) Kat:3, Licht: 0,41672,3,1,0,07,14,3,0,0,0,0,0,0,0,1
"POINT (7.182922197000040 51.264750550000002)",Unfall 41710 (2022) Kat:2, Licht: 0,41710,2,1,0,07,14,7,0,0,0,0,0,1,0,0
"POINT (7.147557436000060 51.261094620999998)",Unfall 41730 (2022) Kat:3, Licht: 0,41730,3,4,0,07,15,6,0,0,0,1,1,0,0,0
"POINT (7.122187145000050 51.248777362000098)",Unfall 41762 (2022) Kat:3, Licht: 0,41762,3,6,2,07,14,4,0,0,0,1,0,0,1,0
"POINT (7.070132938000030 51.231060367000097)",Unfall 41790 (2022) Kat:3, Licht: 0,41790,3,6,2,07,11,5,1,0,0,1,0,0,0,0
"POINT (7.114312861000030 51.249600418999997)",Unfall 41922 (2022) Kat:3, Licht: 0,41922,3,6,0,07,14,6,0,0,1,1,0,0,0,0
"POINT (7.236232178000020 51.268108370999997)",Unfall 42056 (2022) Kat:3, Licht: 0,42056,3,2,6,07,11,7,0,0,0,1,1,0,0,0
"POINT (7.188174382000060 51.276238413999998)",Unfall 42142 (2022) Kat:3, Licht: 0,42142,3,1,0,07,12,3,0,0,1,0,0,0,0,0
"POINT (7.160261998000070 51.237488800999998)",Unfall 42290 (2022) Kat:3, Licht: 0,42290,3,7,4,07,16,3,0,0,1,0,0,0,0,0
"POINT (7.146174957000030 51.227760263000100)",Unfall 42298 (2022) Kat:3, Licht: 0,42298,3,6,2,07,13,5,1,0,0,1,0,0,0,0
"POINT (7.164395805000030 51.257299046000099)",Unfall 42305 (2022) Kat:3, Licht: 0,42305,3,6,1,07,13,6,0,0,0,1,0,0,0,0
"POINT (7.236854812000050 51.273578159000103)",Unfall 42308 (2022) Kat:3, Licht: 0,42308,3,6,2,07,14,5,1,0,0,1,0,0,0,0
"POINT (7.143893015000060 51.244729620999998)",Unfall 42309 (2022) Kat:2, Licht: 2,42309,2,1,8,07,00,1,0,2,1,0,0,0,0,0
"POINT (7.206355559000030 51.280873733000099)",Unfall 42357 (2022) Kat:2, Licht: 0,42357,2,1,0,07,12,5,1,0,0,0,0,1,0,0
"POINT (7.232827236000050 51.276116641000002)",Unfall 42378 (2022) Kat:3, Licht: 0,42378,3,6,3,07,16,6,0,0,0,1,0,0,0,0
"POINT (7.236027550000070 51.234113831000101)",Unfall 42389 (2022) Kat:3, Licht: 0,42389,3,7,6,07,14,7,0,0,0,1,1,0,0,0
"POINT (7.227147288000030 51.286140052000100)",Unfall 42438 (2022) Kat:3, Licht: 0,42438,3,7,8,07,14,5,0,0,1,0,0,0,0,0
"POINT (7.149133104000040 51.257408965000103)",Unfall 42458 (2022) Kat:2, Licht: 0,42458,2,4,6,07,16,6,0,0,0,1,1,0,0,0
"POINT (7.064771269000060 51.229398397000097)",Unfall 42477 (2022) Kat:3, Licht: 2,42477,3,3,5,07,22,3,0,2,0,1,0,0,0,0
"POINT (7.206647523000070 51.229425439000103)",Unfall 42714 (2022) Kat:2, Licht: 0,42714,2,2,5,07,17,3,0,0,1,1,0,0,0,0
"POINT (7.066865606000020 51.229974545000097)",Unfall 42754 (2022) Kat:3, Licht: 0,42754,3,7,2,07,08,7,0,0,0,1,0,1,0,0
"POINT (7.144727509000060 51.268416257000098)",Unfall 42910 (2022) Kat:2, Licht: 0,42910,2,6,2,07,14,5,0,0,0,1,0,0,1,0
"POINT (7.144727509000060 51.268416257000098)",Unfall 42965 (2022) Kat:2, Licht: 0,42965,2,6,2,07,17,5,0,0,0,1,0,0,0,1
"POINT (7.107108769000040 51.252786623000098)",Unfall 42980 (2022) Kat:3, Licht: 0,42980,3,6,3,07,12,3,0,0,0,1,0,0,0,0
"POINT (7.130314718000020 51.252062039000101)",Unfall 43035 (2022) Kat:3, Licht: 0,43035,3,6,2,07,14,7,1,0,0,1,0,1,0,0
"POINT (7.134900607000080 51.263393583999999)",Unfall 43145 (2022) Kat:3, Licht: 2,43145,3,5,2,07,22,1,1,2,0,1,0,0,0,0
"POINT (7.230506421000030 51.275994824000101)",Unfall 43226 (2022) Kat:2, Licht: 0,43226,2,3,5,08,07,2,0,0,1,1,0,0,0,0
"POINT (7.198739184000030 51.294133884000097)",Unfall 43312 (2022) Kat:3, Licht: 0,43312,3,3,5,08,14,3,0,0,1,1,0,0,0,0
"POINT (7.285812798000050 51.220198666000002)",Unfall 43455 (2022) Kat:3, Licht: 0,43455,3,7,8,07,19,6,0,0,0,1,0,0,0,0
"POINT (7.137152332000030 51.250989589000000)",Unfall 43549 (2022) Kat:3, Licht: 0,43549,3,7,6,08,12,4,0,0,0,1,1,0,0,0
"POINT (7.110282700000030 51.269556926000099)",Unfall 43601 (2022) Kat:3, Licht: 0,43601,3,7,0,08,10,6,1,0,0,0,0,0,0,1
"POINT (7.203880620000060 51.271235462999996)",Unfall 43816 (2022) Kat:3, Licht: 0,43816,3,7,0,07,17,5,0,0,0,1,0,1,0,0
"POINT (7.177695514000050 51.255428076000001)",Unfall 43920 (2022) Kat:3, Licht: 0,43920,3,1,8,07,18,6,0,0,0,1,0,0,0,0
"POINT (7.205838699000030 51.271886129000102)",Unfall 44009 (2022) Kat:3, Licht: 0,44009,3,2,3,07,16,4,0,0,1,1,0,0,0,0
"POINT (7.074109715000080 51.232897449000099)",Unfall 44030 (2022) Kat:2, Licht: 0,44030,2,4,6,08,16,3,0,0,0,1,1,0,0,0
"POINT (7.126188367000050 51.269833452999997)",Unfall 44067 (2022) Kat:3, Licht: 2,44067,3,1,7,08,02,6,0,2,0,1,0,0,0,0
"POINT (7.180050536000070 51.248596655000000)",Unfall 44119 (2022) Kat:3, Licht: 0,44119,3,7,9,08,16,1,0,0,0,1,0,0,0,0
"POINT (7.071212428000020 51.231557901000002)",Unfall 44130 (2022) Kat:3, Licht: 0,44130,3,5,0,08,18,2,0,0,1,1,0,0,0,0
"POINT (7.219428819000030 51.236423054000099)",Unfall 44278 (2022) Kat:3, Licht: 0,44278,3,6,2,08,07,3,0,0,0,1,0,0,0,0
"POINT (7.219626042000070 51.275277686000003)",Unfall 44279 (2022) Kat:3, Licht: 2,44279,3,6,2,08,22,6,0,2,0,1,0,0,0,0
"POINT (7.176035411000040 51.268750840000102)",Unfall 44359 (2022) Kat:3, Licht: 0,44359,3,1,0,07,18,5,0,0,1,0,0,0,0,0
"POINT (7.234673994000050 51.239266536999999)",Unfall 44383 (2022) Kat:3, Licht: 0,44383,3,7,3,08,18,7,0,0,1,1,0,0,0,0
"POINT (7.126565636000070 51.180447159000003)",Unfall 44464 (2022) Kat:3, Licht: 2,44464,3,7,4,08,05,7,0,2,0,1,0,0,0,0
"POINT (7.235411690000030 51.231023958000002)",Unfall 44487 (2022) Kat:3, Licht: 0,44487,3,1,1,08,15,5,0,0,0,1,0,0,0,0
"POINT (7.254327106000060 51.272031496000103)",Unfall 44492 (2022) Kat:3, Licht: 0,44492,3,6,2,07,11,1,0,0,0,1,0,0,0,0
"POINT (7.123320450000050 51.273545393000099)",Unfall 44496 (2022) Kat:2, Licht: 0,44496,2,3,5,08,14,2,0,0,1,0,0,0,0,0
"POINT (7.242610012000060 51.280998887000102)",Unfall 44749 (2022) Kat:2, Licht: 0,44749,2,6,3,08,19,3,0,0,0,1,0,1,0,0
"POINT (7.052332301000040 51.211912133000098)",Unfall 44768 (2022) Kat:3, Licht: 0,44768,3,6,3,08,13,6,0,0,0,1,0,0,0,0
"POINT (7.181502379000050 51.266421549000000)",Unfall 44917 (2022) Kat:3, Licht: 0,44917,3,3,5,08,11,1,0,0,0,0,0,0,0,1
"POINT (7.150174398000050 51.228504147000102)",Unfall 44950 (2022) Kat:3, Licht: 0,44950,3,7,1,08,14,4,0,0,0,1,0,0,0,0
"POINT (7.123091817000050 51.248810090000099)",Unfall 45001 (2022) Kat:2, Licht: 0,45001,2,7,0,08,18,4,0,0,0,1,0,1,0,0
"POINT (7.078398497000020 51.276310121000101)",Unfall 45105 (2022) Kat:2, Licht: 0,45105,2,7,1,08,14,4,0,0,0,0,0,0,1,1
"POINT (7.066630584000050 51.220534053000101)",Unfall 45141 (2022) Kat:3, Licht: 0,45141,3,6,2,08,07,4,0,0,0,1,0,0,0,0
"POINT (7.148629498000050 51.271367321000099)",Unfall 45193 (2022) Kat:3, Licht: 0,45193,3,2,5,08,15,6,0,0,0,0,0,1,0,1
"POINT (7.150148713000020 51.257067880000101)",Unfall 45226 (2022) Kat:2, Licht: 0,45226,2,1,5,08,19,3,0,0,0,1,0,1,0,0
"POINT (7.147971066000030 51.266923205000097)",Unfall 45238 (2022) Kat:3, Licht: 0,45238,3,6,3,08,10,2,0,0,0,1,0,0,0,1
"POINT (7.244077899000050 51.280964232000002)",Unfall 45272 (2022) Kat:3, Licht: 0,45272,3,6,2,07,13,6,0,0,0,1,0,1,0,0
"POINT (7.227202989000030 51.274214573999998)",Unfall 45315 (2022) Kat:2, Licht: 0,45315,2,5,1,08,14,4,0,0,0,1,0,0,0,0
"POINT (7.053968332000070 51.210829576000002)",Unfall 45361 (2022) Kat:3, Licht: 0,45361,3,6,2,07,15,4,0,0,0,1,0,0,0,0
"POINT (7.200455879000060 51.270210315000000)",Unfall 45369 (2022) Kat:3, Licht: 1,45369,3,3,5,08,05,3,0,1,0,1,0,0,0,1
"POINT (7.205767518000070 51.290566347000002)",Unfall 45495 (2022) Kat:3, Licht: 2,45495,3,7,7,08,05,6,0,2,0,1,0,1,0,1
"POINT (7.201466894000020 51.281035230999997)",Unfall 45571 (2022) Kat:3, Licht: 0,45571,3,5,1,08,16,4,0,0,0,1,0,1,0,0
"POINT (7.232562648000060 51.239756651000100)",Unfall 45681 (2022) Kat:3, Licht: 0,45681,3,6,2,08,15,6,0,0,0,1,0,0,0,0
"POINT (7.195781604000050 51.271238693000001)",Unfall 45682 (2022) Kat:3, Licht: 0,45682,3,7,6,08,07,4,0,0,0,1,1,0,0,0
"POINT (7.157205200000020 51.238645427999998)",Unfall 45791 (2022) Kat:2, Licht: 0,45791,2,1,8,08,08,6,0,0,0,1,0,0,0,0
"POINT (7.097192619000050 51.255716157999998)",Unfall 45883 (2022) Kat:3, Licht: 0,45883,3,3,5,08,08,2,0,0,0,1,0,1,0,0
"POINT (7.228642981000060 51.275569189000102)",Unfall 46040 (2022) Kat:3, Licht: 0,46040,3,7,0,08,06,3,1,0,0,0,0,1,0,1
"POINT (7.149891233000060 51.216953816000100)",Unfall 46129 (2022) Kat:3, Licht: 0,46129,3,6,1,08,12,7,0,0,0,1,0,0,0,0
"POINT (7.218337400000050 51.271113517000103)",Unfall 46238 (2022) Kat:3, Licht: 0,46238,3,2,5,08,07,4,0,0,1,1,0,0,0,0
"POINT (7.179709919000060 51.279699095000097)",Unfall 46264 (2022) Kat:3, Licht: 0,46264,3,6,2,08,12,7,0,0,0,1,0,0,0,0
"POINT (7.138018707000070 51.247639820000103)",Unfall 46323 (2022) Kat:3, Licht: 0,46323,3,6,1,08,13,6,0,0,0,1,0,0,0,0
"POINT (7.208297600000040 51.270891546000001)",Unfall 46470 (2022) Kat:3, Licht: 0,46470,3,4,6,08,07,5,0,0,0,1,1,0,0,0
"POINT (7.247360303000050 51.312256339000001)",Unfall 46503 (2022) Kat:2, Licht: 1,46503,2,1,0,08,19,6,0,1,1,0,0,0,0,0
"POINT (7.150725438000050 51.274181047000098)",Unfall 46560 (2022) Kat:3, Licht: 0,46560,3,4,6,08,11,6,0,0,0,1,1,0,0,0
"POINT (7.088248415000070 51.229321552999998)",Unfall 46580 (2022) Kat:3, Licht: 0,46580,3,6,0,09,17,5,0,0,0,1,0,0,0,0
"POINT (7.233654577000040 51.288703541000103)",Unfall 46609 (2022) Kat:3, Licht: 0,46609,3,6,2,09,10,7,0,0,0,1,0,0,0,0
"POINT (7.178793279000050 51.263469101000098)",Unfall 46636 (2022) Kat:2, Licht: 0,46636,2,6,3,09,16,5,0,0,0,1,0,1,0,0
"POINT (7.162858950000040 51.256919863000100)",Unfall 46646 (2022) Kat:3, Licht: 0,46646,3,7,5,09,07,4,1,0,0,1,0,0,1,0
"POINT (7.188006820000060 51.246457305000000)",Unfall 46662 (2022) Kat:3, Licht: 1,46662,3,6,0,08,21,3,0,1,1,1,0,0,0,0
"POINT (7.064393796000050 51.220227037000001)",Unfall 46675 (2022) Kat:3, Licht: 0,46675,3,6,2,09,07,6,1,0,0,1,0,0,0,0
"POINT (7.173001287000030 51.261646326000097)",Unfall 46741 (2022) Kat:3, Licht: 0,46741,3,7,6,09,12,7,0,0,1,0,1,0,0,0
"POINT (7.165419167000040 51.268580052000097)",Unfall 46817 (2022) Kat:2, Licht: 2,46817,2,7,0,08,21,1,0,2,1,0,0,0,0,1
"POINT (7.223146261000070 51.275458282000002)",Unfall 46822 (2022) Kat:3, Licht: 2,46822,3,6,3,08,20,4,0,2,0,1,0,1,0,0
"POINT (7.158356059000030 51.271166796999999)",Unfall 46838 (2022) Kat:3, Licht: 0,46838,3,6,2,09,08,6,0,0,0,0,0,1,1,0
"POINT (7.122003522000060 51.263261193000098)",Unfall 46944 (2022) Kat:3, Licht: 0,46944,3,6,2,09,14,6,0,0,0,1,0,0,0,0
"POINT (7.067851706000060 51.230174232000103)",Unfall 46979 (2022) Kat:3, Licht: 0,46979,3,3,0,09,17,5,0,0,0,0,0,0,0,1
"POINT (7.216269862000050 51.274829132999997)",Unfall 47018 (2022) Kat:3, Licht: 0,47018,3,6,2,09,11,6,0,0,0,1,0,0,1,0
"POINT (7.149774450000050 51.257149859999998)",Unfall 47057 (2022) Kat:3, Licht: 0,47057,3,7,0,09,11,6,1,0,0,0,0,1,0,0
"POINT (7.149128148000050 51.229657873000100)",Unfall 47080 (2022) Kat:3, Licht: 2,47080,3,1,8,09,01,7,0,2,0,1,0,1,0,0
"POINT (7.142500734000070 51.250075262000102)",Unfall 47142 (2022) Kat:3, Licht: 0,47142,3,4,0,09,20,6,0,0,1,0,1,0,0,0
"POINT (7.108095944000070 51.270572368000003)",Unfall 47154 (2022) Kat:3, Licht: 0,47154,3,7,0,09,17,4,0,0,1,0,0,0,0,0
"POINT (7.220421628000050 51.275227438999998)",Unfall 47271 (2022) Kat:2, Licht: 0,47271,2,7,0,08,14,3,0,0,1,0,0,0,0,0
"POINT (7.148496612000030 51.270737906000100)",Unfall 47280 (2022) Kat:3, Licht: 0,47280,3,1,3,09,12,6,0,0,0,1,0,0,0,1
"POINT (7.192990836000040 51.286379829000097)",Unfall 47284 (2022) Kat:2, Licht: 0,47284,2,6,3,09,16,6,1,0,0,1,0,0,0,0
"POINT (7.162486957000060 51.271915675999999)",Unfall 47337 (2022) Kat:3, Licht: 0,47337,3,6,2,09,16,6,1,0,0,0,0,0,1,0
"POINT (7.196346565000060 51.229066616000097)",Unfall 47437 (2022) Kat:2, Licht: 0,47437,2,2,5,09,18,1,0,0,0,1,0,0,0,0
"POINT (7.203426939000050 51.274632812999997)",Unfall 47477 (2022) Kat:3, Licht: 2,47477,3,7,0,09,21,7,1,2,0,0,0,0,0,1
"POINT (7.162198411000080 51.258122741000101)",Unfall 47509 (2022) Kat:3, Licht: 0,47509,3,1,8,09,17,2,0,0,0,0,0,0,0,1
"POINT (7.154207915000030 51.270425553000102)",Unfall 47527 (2022) Kat:3, Licht: 0,47527,3,6,2,09,16,6,0,0,0,1,0,0,0,0
"POINT (7.270800646000050 51.254832477999997)",Unfall 47563 (2022) Kat:2, Licht: 0,47563,2,6,4,09,09,5,1,0,0,1,0,0,0,0
"POINT (7.077923921000040 51.234650907000102)",Unfall 47593 (2022) Kat:3, Licht: 0,47593,3,3,5,09,16,7,0,0,0,1,0,0,0,1
"POINT (7.107673913000040 51.221906963000002)",Unfall 47619 (2022) Kat:3, Licht: 2,47619,3,6,2,09,21,5,0,2,0,1,0,0,1,0
"POINT (7.232982871000050 51.267260358000001)",Unfall 47676 (2022) Kat:3, Licht: 0,47676,3,5,3,09,14,6,0,0,1,1,0,0,0,0
"POINT (7.245267839000060 51.287338785000003)",Unfall 47688 (2022) Kat:3, Licht: 2,47688,3,6,2,08,21,4,0,2,0,1,0,1,0,0
"POINT (7.198384745000060 51.270102634000096)",Unfall 47743 (2022) Kat:3, Licht: 2,47743,3,7,0,09,21,7,1,2,0,0,0,1,0,0
"POINT (7.088951789000020 51.236641372000101)",Unfall 47815 (2022) Kat:3, Licht: 0,47815,3,3,5,09,17,4,0,0,0,1,0,0,0,0
"POINT (7.148300780000060 51.267714943999998)",Unfall 47820 (2022) Kat:3, Licht: 0,47820,3,5,1,09,12,4,0,0,0,1,0,1,0,0
"POINT (7.231130287000040 51.269517214000103)",Unfall 47863 (2022) Kat:3, Licht: 0,47863,3,7,1,09,13,7,0,0,0,1,0,0,0,0
"POINT (7.077709489000030 51.234553970000000)",Unfall 47947 (2022) Kat:3, Licht: 0,47947,3,3,5,09,09,5,0,0,1,1,0,0,0,0
"POINT (7.214854430000060 51.274523086999999)",Unfall 47960 (2022) Kat:3, Licht: 0,47960,3,4,1,08,16,4,0,0,0,1,1,0,0,0
"POINT (7.182812496000050 51.279025678000004)",Unfall 47999 (2022) Kat:3, Licht: 0,47999,3,6,1,08,17,4,0,0,0,1,0,0,0,0
"POINT (7.202016042000030 51.294385661000000)",Unfall 48000 (2022) Kat:3, Licht: 0,48000,3,7,6,09,18,6,0,0,0,1,1,0,0,0
"POINT (7.129708533000040 51.251781883000000)",Unfall 48047 (2022) Kat:2, Licht: 0,48047,2,2,3,09,15,4,0,0,0,1,0,1,0,0
"POINT (7.146287204000030 51.252368908000101)",Unfall 48089 (2022) Kat:3, Licht: 0,48089,3,4,6,09,09,5,1,0,0,0,1,0,0,1
"POINT (7.202335302000050 51.218533383000100)",Unfall 48307 (2022) Kat:3, Licht: 0,48307,3,7,0,09,15,3,0,0,0,1,0,1,0,0
"POINT (7.133807044000040 51.253077658999999)",Unfall 48345 (2022) Kat:3, Licht: 0,48345,3,6,0,10,14,7,0,0,0,1,0,0,0,0
"POINT (7.149774436000030 51.257149865000002)",Unfall 48358 (2022) Kat:3, Licht: 2,48358,3,1,0,09,00,7,1,2,0,0,0,0,0,1
"POINT (7.199857571000050 51.237510401000101)",Unfall 48384 (2022) Kat:2, Licht: 0,48384,2,3,5,09,11,3,1,0,1,1,0,0,0,0
"POINT (7.166373590000030 51.258184878000101)",Unfall 48449 (2022) Kat:3, Licht: 0,48449,3,3,5,09,12,2,0,0,0,1,0,0,0,0
"POINT (7.199302223000070 51.288461972000100)",Unfall 48538 (2022) Kat:3, Licht: 2,48538,3,1,8,09,02,2,0,2,0,1,0,0,0,0
"POINT (7.035874901000060 51.249007437000003)",Unfall 48629 (2022) Kat:3, Licht: 0,48629,3,1,0,09,15,6,0,0,0,0,0,1,0,0
"POINT (7.133477285000030 51.265467475000001)",Unfall 48780 (2022) Kat:3, Licht: 0,48780,3,6,1,09,18,7,1,0,0,1,0,0,0,0
"POINT (7.155600456000060 51.270671925000002)",Unfall 48789 (2022) Kat:3, Licht: 2,48789,3,6,2,09,06,5,0,2,0,1,0,0,0,0
"POINT (7.226040741000080 51.270704397000003)",Unfall 48857 (2022) Kat:3, Licht: 0,48857,3,4,6,09,14,6,0,0,0,1,1,0,0,0
"POINT (7.139454161000060 51.250956633000001)",Unfall 49024 (2022) Kat:3, Licht: 2,49024,3,4,6,09,20,2,1,2,0,1,1,0,0,0
"POINT (7.233033512000080 51.242259591000000)",Unfall 49040 (2022) Kat:3, Licht: 0,49040,3,1,4,09,09,3,1,0,0,1,0,0,1,0
"POINT (7.079055558000050 51.234819180999999)",Unfall 49066 (2022) Kat:3, Licht: 0,49066,3,6,2,09,13,1,0,0,0,1,0,0,0,0
"POINT (7.176035411000040 51.268750840000102)",Unfall 49080 (2022) Kat:3, Licht: 0,49080,3,1,0,09,17,7,1,0,1,0,0,0,0,0
"POINT (7.207556525000030 51.270646792000001)",Unfall 49118 (2022) Kat:3, Licht: 0,49118,3,2,5,09,14,5,0,0,0,1,0,1,0,0
"POINT (7.227995278000040 51.254947735000002)",Unfall 49187 (2022) Kat:3, Licht: 1,49187,3,1,9,09,20,7,1,1,0,1,0,0,0,0
"POINT (7.252917229000050 51.311276228000096)",Unfall 49401 (2022) Kat:3, Licht: 2,49401,3,1,9,09,04,2,0,2,0,1,0,0,0,1
"POINT (7.197094368000020 51.269555696000097)",Unfall 49425 (2022) Kat:3, Licht: 0,49425,3,2,5,10,13,7,1,0,0,1,0,0,0,0
"POINT (7.182735477000050 51.248989740000098)",Unfall 49482 (2022) Kat:2, Licht: 2,49482,2,1,8,10,21,7,1,2,0,1,0,0,0,0
"POINT (7.053968332000070 51.210829576000002)",Unfall 49650 (2022) Kat:3, Licht: 0,49650,3,6,2,09,16,3,1,0,0,1,0,0,0,0
"POINT (7.219635549000030 51.271287651000101)",Unfall 49680 (2022) Kat:3, Licht: 0,49680,3,6,3,09,14,5,0,0,0,1,0,0,0,0
"POINT (7.186520022000020 51.265824123000101)",Unfall 49681 (2022) Kat:3, Licht: 0,49681,3,6,2,09,15,2,0,0,0,1,0,0,0,0
"POINT (7.135909603000070 51.208465988999997)",Unfall 49687 (2022) Kat:3, Licht: 0,49687,3,4,6,09,17,6,0,0,0,1,1,0,0,0
"POINT (7.198882539000070 51.223202011000097)",Unfall 49741 (2022) Kat:3, Licht: 0,49741,3,1,2,09,09,2,1,0,0,1,0,0,0,1
"POINT (7.215969288000050 51.288714281000097)",Unfall 49747 (2022) Kat:3, Licht: 2,49747,3,3,3,09,20,3,0,2,0,1,0,0,0,1
"POINT (7.187290859000030 51.266166134000102)",Unfall 49754 (2022) Kat:3, Licht: 0,49754,3,6,3,09,08,5,0,0,0,1,0,0,0,0
"POINT (7.117018272000050 51.282780887000101)",Unfall 49794 (2022) Kat:2, Licht: 2,49794,2,7,0,09,21,2,0,2,1,0,0,0,0,0
"POINT (7.224881388000030 51.285657096000101)",Unfall 49806 (2022) Kat:3, Licht: 0,49806,3,3,5,09,14,4,1,0,0,1,0,0,0,0
"POINT (7.182719192000040 51.264691298999999)",Unfall 49820 (2022) Kat:3, Licht: 0,49820,3,5,1,09,17,5,0,0,0,1,0,0,0,0
"POINT (7.115201571000060 51.234067068999998)",Unfall 49826 (2022) Kat:3, Licht: 0,49826,3,1,2,09,09,6,0,0,0,1,0,0,0,0
"POINT (7.227147622000070 51.270568627000003)",Unfall 49886 (2022) Kat:2, Licht: 0,49886,2,4,6,09,12,2,1,0,0,1,1,0,0,0
"POINT (7.247409558000070 51.297848887999997)",Unfall 49989 (2022) Kat:3, Licht: 0,49989,3,6,2,09,12,3,0,0,0,1,0,0,0,0
"POINT (7.147762371000060 51.263414889000003)",Unfall 50007 (2022) Kat:3, Licht: 0,50007,3,7,6,09,17,5,0,0,0,1,1,0,0,0
"POINT (7.220938559000050 51.301310588000000)",Unfall 50131 (2022) Kat:3, Licht: 2,50131,3,1,8,09,03,7,1,2,0,1,0,0,0,0
"POINT (7.270318991000070 51.278485824000001)",Unfall 50343 (2022) Kat:2, Licht: 0,50343,2,4,6,09,14,7,0,0,0,1,1,0,0,0
"POINT (7.222870248000050 51.271178588000097)",Unfall 50454 (2022) Kat:3, Licht: 0,50454,3,6,2,10,15,7,1,0,0,1,0,0,0,0
"POINT (7.179957803000040 51.268100099000002)",Unfall 50509 (2022) Kat:3, Licht: 0,50509,3,6,5,09,10,5,0,0,1,1,0,0,0,0
"POINT (7.249889729000070 51.281698510000098)",Unfall 50522 (2022) Kat:2, Licht: 2,50522,2,1,8,09,23,7,1,2,0,1,0,0,0,0
"POINT (7.193184833000030 51.280318565000101)",Unfall 50542 (2022) Kat:3, Licht: 2,50542,3,3,5,09,21,4,0,2,0,1,0,1,0,0
"POINT (7.281568452000040 51.227128019000098)",Unfall 50557 (2022) Kat:3, Licht: 0,50557,3,2,9,09,13,3,1,0,0,1,0,0,0,0
"POINT (7.185146647000070 51.265620770000098)",Unfall 50575 (2022) Kat:3, Licht: 0,50575,3,6,2,09,17,2,1,0,0,1,0,0,0,0
"POINT (7.201680956000080 51.293673494000103)",Unfall 50676 (2022) Kat:2, Licht: 2,50676,2,1,4,10,22,7,0,2,0,1,0,0,0,0
"POINT (7.164782424000070 51.268451847000101)",Unfall 50703 (2022) Kat:3, Licht: 0,50703,3,6,2,10,15,4,0,0,0,1,0,0,0,0
"POINT (7.214901427000030 51.282957948000004)",Unfall 50752 (2022) Kat:3, Licht: 0,50752,3,4,6,10,14,6,1,0,0,0,1,0,0,1
"POINT (7.205335440000060 51.216614790999998)",Unfall 50785 (2022) Kat:3, Licht: 0,50785,3,2,2,10,17,2,0,0,0,1,0,0,0,0
"POINT (7.206297403000060 51.225056515000098)",Unfall 51025 (2022) Kat:3, Licht: 2,51025,3,6,2,10,20,6,0,2,0,1,0,0,0,0
"POINT (7.209232868000070 51.294311267000097)",Unfall 51039 (2022) Kat:3, Licht: 0,51039,3,6,2,10,14,4,0,0,0,1,0,0,0,0
"POINT (7.073220512000030 51.266834096000103)",Unfall 51094 (2022) Kat:2, Licht: 0,51094,2,3,5,10,13,4,0,0,0,1,0,1,0,0
"POINT (7.195196667000060 51.268819128000104)",Unfall 51104 (2022) Kat:2, Licht: 2,51104,2,6,9,10,06,1,1,2,0,1,0,0,0,0
"POINT (7.152104845000050 51.222273438999999)",Unfall 51295 (2022) Kat:3, Licht: 2,51295,3,7,6,10,20,3,0,2,0,1,1,0,0,0
"POINT (7.190130138000030 51.293213761000104)",Unfall 51296 (2022) Kat:2, Licht: 2,51296,2,7,4,10,05,4,0,2,1,0,0,1,0,0
"POINT (7.088143011000060 51.229337381000100)",Unfall 51301 (2022) Kat:3, Licht: 0,51301,3,1,8,10,09,2,0,0,0,1,0,0,0,0
"POINT (7.160615809000030 51.296537098999998)",Unfall 51336 (2022) Kat:3, Licht: 0,51336,3,2,5,10,17,4,0,0,1,1,0,0,0,0