WKT,Name,OBJECTID,UKATEGORIE,UTYP1,UART,UMONAT,USTUNDE,UWOCHENTAG,STRZUSTAND,ULICHTVERH,ISTRAD,ISTPKW,ISTFUSS,ISTKRAD,ISTGKFZ,ISTSONSTIG
"POINT (7.217370560000060 51.275020339999998)",Unfall 51343 (2022) Kat:3, Licht: 1,51343,3,6,2,10,20,3,0,1,0,1,0,0,0,0
"POINT (7.235837252000070 51.236838556000102)",Unfall 51383 (2022) Kat:3, Licht: 0,51383,3,6,2,10,13,5,1,0,0,1,0,0,0,0
"POINT (7.151212697000060 51.258908105000003)",Unfall 51546 (2022) Kat:3, Licht: 0,51546,3,6,3,10,15,1,0,0,0,1,0,0,0,0
"POINT (7.181527025000040 51.264361082999997)",Unfall 51603 (2022) Kat:3, Licht: 0,51603,3,7,6,10,11,6,0,0,0,1,1,0,0,0
"POINT (7.143276235000030 51.246959424000103)",Unfall 51656 (2022) Kat:2, Licht: 2,51656,2,2,0,10,21,3,0,2,1,1,0,0,0,0
"POINT (7.131278431000060 51.264265825000102)",Unfall 51675 (2022) Kat:3, Licht: 0,51675,3,6,0,10,12,4,0,0,0,0,0,1,0,0
"POINT (7.122249449000040 51.275982915000000)",Unfall 51750 (2022) Kat:3, Licht: 0,51750,3,1,8,10,15,6,0,0,0,1,0,0,0,0
"POINT (7.148304630000040 51.216017807000100)",Unfall 51769 (2022) Kat:3, Licht: 0,51769,3,3,5,10,10,3,0,0,0,1,0,0,0,0
"POINT (7.144917465000050 51.253274933999997)",Unfall 51825 (2022) Kat:3, Licht: 1,51825,3,6,2,10,18,3,0,1,0,1,0,0,0,1
"POINT (7.151446751000040 51.228580167000104)",Unfall 51826 (2022) Kat:3, Licht: 2,51826,3,6,4,10,20,4,0,2,0,1,0,0,0,0
"POINT (7.194329550000020 51.280852536000097)",Unfall 51833 (2022) Kat:2, Licht: 0,51833,2,4,6,10,15,3,0,0,0,1,1,0,0,0
"POINT (7.134149224000050 51.263902173000098)",Unfall 51885 (2022) Kat:2, Licht: 2,51885,2,4,6,10,20,6,1,2,0,1,1,0,0,0
"POINT (7.056151293000030 51.253864054000097)",Unfall 51892 (2022) Kat:3, Licht: 2,51892,3,6,2,10,22,7,0,2,0,1,0,0,0,0
"POINT (7.247422032000030 51.310898760999997)",Unfall 51900 (2022) Kat:2, Licht: 0,51900,2,1,9,10,16,6,0,0,0,1,0,0,0,0
"POINT (7.130472487000080 51.205612964000103)",Unfall 51904 (2022) Kat:3, Licht: 0,51904,3,2,6,10,17,4,1,0,0,1,1,0,0,0
"POINT (7.206890043000040 51.224837923000102)",Unfall 51940 (2022) Kat:2, Licht: 1,51940,2,2,5,10,07,6,1,1,0,1,0,1,0,0
"POINT (7.150257250000040 51.217373032000097)",Unfall 51972 (2022) Kat:3, Licht: 2,51972,3,7,0,10,05,2,0,2,1,0,0,0,0,0
"POINT (7.108040539000060 51.270542204999998)",Unfall 51986 (2022) Kat:3, Licht: 1,51986,3,6,0,10,19,6,0,1,1,1,0,0,0,0
"POINT (7.181972402000040 51.265803656999999)",Unfall 52019 (2022) Kat:3, Licht: 0,52019,3,6,3,10,15,5,1,0,1,1,0,0,0,0
"POINT (7.063750551000060 51.229049144000001)",Unfall 52218 (2022) Kat:3, Licht: 1,52218,3,5,0,10,07,6,1,1,0,0,0,1,0,1
"POINT (7.100909111000020 51.254615649000101)",Unfall 52247 (2022) Kat:3, Licht: 0,52247,3,2,3,10,13,4,0,0,0,1,0,1,0,0
"POINT (7.149043208000020 51.259089220000099)",Unfall 52250 (2022) Kat:3, Licht: 0,52250,3,7,0,10,16,7,0,0,0,1,1,0,0,0
"POINT (7.150169765000040 51.259017634000003)",Unfall 52314 (2022) Kat:3, Licht: 1,52314,3,7,3,10,18,4,0,1,0,1,0,0,1,0
"POINT (7.133960158000040 51.265969675000100)",Unfall 52404 (2022) Kat:3, Licht: 0,52404,3,6,2,10,16,2,0,0,0,1,0,0,0,0
"POINT (7.167033681000020 51.273213821000098)",Unfall 52485 (2022) Kat:2, Licht: 2,52485,2,1,0,10,01,3,1,2,0,1,0,0,1,0
"POINT (7.155681043000070 51.262451193000103)",Unfall 52492 (2022) Kat:3, Licht: 0,52492,3,7,3,10,15,7,0,0,0,1,0,0,0,0
"POINT (7.124789195000060 51.263585143999997)",Unfall 52522 (2022) Kat:3, Licht: 2,52522,3,6,2,10,05,2,0,2,0,1,0,0,0,0
"POINT (7.148563847000050 51.268589609000102)",Unfall 52718 (2022) Kat:3, Licht: 0,52718,3,2,2,10,09,7,1,0,0,1,0,0,0,0
"POINT (7.224000819000030 51.285733915000002)",Unfall 52729 (2022) Kat:3, Licht: 0,52729,3,6,2,10,14,6,0,0,0,1,0,0,0,0
"POINT (7.234318516000030 51.258564723000099)",Unfall 52792 (2022) Kat:3, Licht: 2,52792,3,1,9,10,19,4,0,2,0,1,0,0,0,0
"POINT (7.215506732000050 51.222228345000097)",Unfall 52838 (2022) Kat:3, Licht: 2,52838,3,3,5,10,20,7,0,2,0,1,0,0,0,0
"POINT (7.196941760000070 51.269638159000102)",Unfall 52881 (2022) Kat:3, Licht: 0,52881,3,2,4,10,14,2,1,0,0,1,0,0,0,0
"POINT (7.207999299000050 51.270788484000001)",Unfall 52935 (2022) Kat:3, Licht: 0,52935,3,1,7,10,13,4,0,0,0,0,0,1,0,0
"POINT (7.168568701000030 51.280356332000103)",Unfall 52976 (2022) Kat:3, Licht: 0,52976,3,7,6,10,15,5,0,0,0,1,1,0,0,0
"POINT (7.075888615000050 51.253497189000001)",Unfall 52990 (2022) Kat:2, Licht: 0,52990,2,1,0,10,13,1,0,0,1,0,0,0,0,0
"POINT (7.191202925000030 51.242621061000101)",Unfall 53074 (2022) Kat:3, Licht: 0,53074,3,1,0,10,10,7,1,0,1,0,0,0,0,0
"POINT (7.079397495000020 51.234807285000002)",Unfall 53152 (2022) Kat:3, Licht: 0,53152,3,7,6,10,15,7,1,0,0,1,1,0,0,0
"POINT (7.190298032000040 51.279591100000097)",Unfall 53176 (2022) Kat:2, Licht: 0,53176,2,3,5,10,11,5,0,0,0,1,0,0,0,0
"POINT (7.182674799000040 51.279651063000102)",Unfall 53180 (2022) Kat:3, Licht: 0,53180,3,3,0,10,17,7,0,0,1,0,0,0,0,0
"POINT (7.147208135000030 51.247874402999997)",Unfall 53267 (2022) Kat:3, Licht: 0,53267,3,7,0,10,11,7,1,0,1,0,0,0,0,0
"POINT (7.124304235000070 51.249254275000098)",Unfall 53288 (2022) Kat:2, Licht: 0,53288,2,7,9,10,08,4,0,0,0,1,0,0,0,0
"POINT (7.180506053000040 51.267699049000001)",Unfall 53343 (2022) Kat:3, Licht: 2,53343,3,2,6,10,21,2,1,2,0,1,1,0,0,0
"POINT (7.148629498000050 51.271367321000099)",Unfall 53364 (2022) Kat:3, Licht: 0,53364,3,2,6,10,14,4,0,0,0,1,1,0,0,0
"POINT (7.229557091000060 51.243343981000102)",Unfall 53403 (2022) Kat:3, Licht: 0,53403,3,1,4,10,17,1,1,0,0,1,0,0,0,0
"POINT (7.085548653000050 51.235290439000003)",Unfall 53429 (2022) Kat:3, Licht: 0,53429,3,6,2,10,15,5,0,0,0,1,0,0,0,0
"POINT (7.124817847000030 51.249515602000002)",Unfall 53497 (2022) Kat:3, Licht: 0,53497,3,4,6,10,15,3,0,0,0,0,1,0,0,1
"POINT (7.078077623000070 51.234720580999998)",Unfall 53514 (2022) Kat:3, Licht: 0,53514,3,7,6,10,14,5,1,0,0,1,1,0,0,0
"POINT (7.160735410000030 51.252888812000002)",Unfall 53589 (2022) Kat:3, Licht: 0,53589,3,6,9,11,07,3,0,0,0,1,0,0,0,0
"POINT (7.153880236000020 51.234916843000100)",Unfall 53599 (2022) Kat:3, Licht: 2,53599,3,4,6,11,06,2,1,2,0,1,1,0,0,0
"POINT (7.103265711000060 51.250123669000097)",Unfall 53687 (2022) Kat:3, Licht: 2,53687,3,2,5,11,04,4,1,2,0,1,0,0,0,0
"POINT (7.177577304000070 51.243145533000103)",Unfall 53788 (2022) Kat:3, Licht: 0,53788,3,7,0,11,15,3,0,0,1,0,0,0,0,0
"POINT (7.168491290000080 51.259959084000101)",Unfall 54017 (2022) Kat:2, Licht: 0,54017,2,3,5,11,10,1,0,0,0,1,0,1,0,0
"POINT (7.219682678000030 51.284840046000099)",Unfall 54098 (2022) Kat:3, Licht: 2,54098,3,6,2,10,19,2,0,2,0,1,0,0,0,0
"POINT (7.167127477000070 51.268713312000003)",Unfall 54118 (2022) Kat:2, Licht: 0,54118,2,3,5,11,12,4,0,0,0,1,0,0,0,0
"POINT (7.235017455000050 51.267076750000101)",Unfall 54125 (2022) Kat:3, Licht: 2,54125,3,1,8,11,21,2,0,2,0,1,0,0,0,0
"POINT (7.070372768000030 51.232324706999997)",Unfall 54194 (2022) Kat:3, Licht: 0,54194,3,2,0,11,15,3,0,0,0,1,0,0,0,1
"POINT (7.234798067000040 51.228522855999998)",Unfall 54243 (2022) Kat:3, Licht: 2,54243,3,6,1,10,18,1,0,2,0,1,0,1,0,0
"POINT (7.127012576000030 51.175568550000001)",Unfall 54272 (2022) Kat:3, Licht: 2,54272,3,7,0,11,01,2,1,2,0,1,0,0,0,1
"POINT (7.196305660000060 51.269247825000001)",Unfall 54296 (2022) Kat:3, Licht: 0,54296,3,6,3,11,11,2,0,0,0,1,0,0,0,0
"POINT (7.144428625000050 51.214053950000100)",Unfall 54445 (2022) Kat:3, Licht: 0,54445,3,6,2,11,14,5,0,0,0,1,0,0,0,1
"POINT (7.145050246000040 51.283173193000003)",Unfall 54482 (2022) Kat:3, Licht: 0,54482,3,7,6,11,15,6,0,0,0,1,1,0,0,0
"POINT (7.197786399000050 51.268836685000103)",Unfall 54547 (2022) Kat:3, Licht: 0,54547,3,3,5,11,18,7,0,0,0,1,0,0,0,0
"POINT (7.173942907000030 51.286827034000098)",Unfall 54720 (2022) Kat:3, Licht: 2,54720,3,2,4,11,20,2,0,2,0,1,0,0,0,0
"POINT (7.196896125000020 51.269483572000098)",Unfall 54870 (2022) Kat:3, Licht: 2,54870,3,6,2,10,19,2,0,2,0,1,0,0,0,0
"POINT (7.200620356000060 51.270408336999999)",Unfall 54879 (2022) Kat:3, Licht: 0,54879,3,6,2,11,14,6,1,0,0,1,0,1,0,0
"POINT (7.163725144000070 51.257068785999998)",Unfall 54924 (2022) Kat:3, Licht: 2,54924,3,6,2,11,17,5,1,2,0,1,0,1,0,0
"POINT (7.146870632000060 51.254922481000101)",Unfall 54995 (2022) Kat:3, Licht: 2,54995,3,2,2,11,17,1,0,2,0,1,0,0,0,0
"POINT (7.210632840000070 51.274079212000103)",Unfall 54998 (2022) Kat:3, Licht: 0,54998,3,6,2,11,11,2,1,0,0,1,0,0,0,0
"POINT (7.060132769000060 51.251460775000098)",Unfall 55106 (2022) Kat:3, Licht: 0,55106,3,1,8,10,15,1,0,0,0,0,0,1,0,0
"POINT (7.170076985000040 51.260690887000102)",Unfall 55150 (2022) Kat:3, Licht: 2,55150,3,1,9,11,05,7,0,2,0,1,0,0,0,0
"POINT (7.233885014000070 51.272999816000002)",Unfall 55173 (2022) Kat:2, Licht: 0,55173,2,7,0,11,15,5,0,0,0,1,0,1,0,0
"POINT (7.179957803000040 51.268100099000002)",Unfall 55257 (2022) Kat:3, Licht: 0,55257,3,3,0,11,12,6,1,0,0,1,0,1,0,0
"POINT (7.076324876000060 51.233924983000101)",Unfall 55284 (2022) Kat:2, Licht: 2,55284,2,4,6,11,20,6,1,2,0,1,1,0,0,0
"POINT (7.073956995000060 51.223755971000102)",Unfall 55411 (2022) Kat:1, Licht: 2,55411,1,1,8,11,06,4,0,2,0,1,0,0,1,0
"POINT (7.152154017000040 51.221383688000103)",Unfall 55438 (2022) Kat:3, Licht: 0,55438,3,4,6,11,07,3,0,0,0,1,1,0,0,0
"POINT (7.136059938000070 51.251674065000003)",Unfall 55439 (2022) Kat:2, Licht: 2,55439,2,4,6,11,23,7,0,2,0,1,1,0,0,0
"POINT (7.203561425000030 51.227192041000102)",Unfall 55447 (2022) Kat:2, Licht: 0,55447,2,4,6,11,15,5,0,0,0,1,1,0,0,0
"POINT (7.116444341000030 51.282988574999997)",Unfall 55490 (2022) Kat:3, Licht: 0,55490,3,2,4,11,08,3,0,0,1,1,0,0,0,0
"POINT (7.141568512000050 51.251198375999998)",Unfall 55585 (2022) Kat:3, Licht: 1,55585,3,6,2,11,16,6,0,1,0,1,0,0,0,1
"POINT (7.147050012000020 51.226450577000001)",Unfall 55626 (2022) Kat:3, Licht: 0,55626,3,6,1,11,10,7,1,0,0,1,0,0,0,0
"POINT (7.139817735000070 51.251121552000001)",Unfall 55741 (2022) Kat:3, Licht: 0,55741,3,2,0,11,07,4,0,0,0,1,0,0,0,0
"POINT (7.069783341000060 51.238548051000102)",Unfall 55780 (2022) Kat:3, Licht: 0,55780,3,6,2,11,08,3,1,0,0,1,0,0,0,0
"POINT (7.210331062000020 51.274172285000098)",Unfall 55782 (2022) Kat:3, Licht: 0,55782,3,4,6,12,10,5,1,0,0,1,1,0,0,0
"POINT (7.173750531000050 51.287480678000101)",Unfall 55784 (2022) Kat:3, Licht: 0,55784,3,7,0,11,11,3,1,0,0,0,0,1,0,0
"POINT (7.070132938000030 51.231060367000097)",Unfall 55926 (2022) Kat:3, Licht: 2,55926,3,4,6,12,16,5,0,2,0,1,1,0,0,0
"POINT (7.173942907000030 51.286827034000098)",Unfall 55939 (2022) Kat:3, Licht: 2,55939,3,2,5,11,21,3,1,2,0,1,0,0,0,0
"POINT (7.212036408000070 51.270346591000099)",Unfall 55981 (2022) Kat:3, Licht: 2,55981,3,6,2,11,17,6,1,2,0,1,0,0,0,0
"POINT (7.217358057000070 51.221376700000100)",Unfall 56085 (2022) Kat:3, Licht: 2,56085,3,6,2,11,19,1,1,2,0,1,0,0,0,0
"POINT (7.230201493000040 51.257537352000000)",Unfall 56217 (2022) Kat:2, Licht: 2,56217,2,1,8,11,22,3,1,2,0,1,0,0,0,0
"POINT (7.192370005000040 51.249468831999998)",Unfall 56220 (2022) Kat:3, Licht: 2,56220,3,3,5,11,19,2,1,2,0,1,0,0,0,0
"POINT (7.213233846000040 51.271506433000098)",Unfall 56280 (2022) Kat:3, Licht: 0,56280,3,6,2,11,12,6,1,0,0,1,0,0,0,0
"POINT (7.109742463000030 51.255492783000101)",Unfall 56285 (2022) Kat:3, Licht: 0,56285,3,3,3,11,12,5,1,0,0,1,0,0,0,0
"POINT (7.227147288000030 51.286140052000100)",Unfall 56345 (2022) Kat:3, Licht: 1,56345,3,3,5,11,07,3,1,1,0,1,0,0,0,1
"POINT (7.198431441000030 51.272973991000100)",Unfall 56347 (2022) Kat:2, Licht: 2,56347,2,4,6,12,16,5,0,2,0,1,1,0,0,0
"POINT (7.139378583000050 51.250921984999998)",Unfall 56388 (2022) Kat:3, Licht: 2,56388,3,2,6,11,17,3,1,2,0,1,1,0,0,0
"POINT (7.152098429000030 51.222365858000003)",Unfall 56448 (2022) Kat:3, Licht: 0,56448,3,2,6,11,08,2,1,0,0,1,1,0,0,0
"POINT (7.148828672000040 51.259102779000003)",Unfall 56504 (2022) Kat:3, Licht: 2,56504,3,3,2,11,17,3,1,2,1,1,0,0,0,0
"POINT (7.067189541000060 51.220613870000101)",Unfall 56523 (2022) Kat:3, Licht: 0,56523,3,6,2,11,13,6,0,0,0,1,0,0,0,0
"POINT (7.233123653000060 51.259259418000099)",Unfall 56635 (2022) Kat:3, Licht: 0,56635,3,6,2,11,11,4,1,0,0,1,0,0,0,0
"POINT (7.234806772000070 51.228521770999997)",Unfall 56707 (2022) Kat:3, Licht: 0,56707,3,6,2,12,14,5,0,0,0,1,0,0,0,0
"POINT (7.204605523000050 51.271391032000103)",Unfall 56757 (2022) Kat:3, Licht: 2,56757,3,6,3,11,20,4,1,2,0,1,0,0,0,0
"POINT (7.196399920000030 51.270422090000103)",Unfall 56782 (2022) Kat:2, Licht: 0,56782,2,4,6,11,13,2,1,0,0,1,1,0,0,0
"POINT (7.080557993000070 51.254422116999997)",Unfall 56792 (2022) Kat:3, Licht: 0,56792,3,3,3,11,14,3,0,0,0,1,0,0,0,0
"POINT (7.195764725000060 51.237938847000102)",Unfall 56880 (2022) Kat:3, Licht: 0,56880,3,1,9,11,08,6,1,0,0,1,0,1,0,0
"POINT (7.227353766000020 51.224301242000102)",Unfall 56902 (2022) Kat:2, Licht: 2,56902,2,6,4,11,07,4,1,2,0,1,0,0,0,1
"POINT (7.167906976000040 51.285256987000103)",Unfall 56996 (2022) Kat:2, Licht: 2,56996,2,4,6,12,07,2,1,2,0,1,1,0,0,0
"POINT (7.199302223000070 51.288461972000100)",Unfall 57025 (2022) Kat:3, Licht: 0,57025,3,6,2,12,15,6,0,0,0,1,0,0,0,0
"POINT (7.204787624000060 51.228251393999997)",Unfall 57089 (2022) Kat:2, Licht: 0,57089,2,4,6,12,11,5,2,0,0,1,1,0,0,0
"POINT (7.194399111000050 51.268499969000104)",Unfall 57092 (2022) Kat:3, Licht: 0,57092,3,7,0,12,12,4,0,0,0,1,0,0,0,1
"POINT (7.143224906000060 51.260859277000101)",Unfall 57233 (2022) Kat:3, Licht: 0,57233,3,2,0,12,10,2,1,0,1,1,0,0,0,0
"POINT (7.214031467000040 51.296106211000101)",Unfall 57386 (2022) Kat:1, Licht: 2,57386,1,1,1,12,00,1,1,2,0,1,0,0,1,0
"POINT (7.198431441000030 51.272973991000100)",Unfall 57407 (2022) Kat:3, Licht: 1,57407,3,2,6,12,16,5,1,1,0,1,1,0,0,0
"POINT (7.133927856000070 51.207373744999998)",Unfall 57436 (2022) Kat:3, Licht: 0,57436,3,6,3,12,14,6,1,0,0,1,0,0,0,0
"POINT (7.092226708000060 51.260290713000103)",Unfall 57472 (2022) Kat:3, Licht: 0,57472,3,1,1,12,15,2,0,0,0,1,0,0,0,0
"POINT (7.179130644000050 51.263575633000102)",Unfall 57608 (2022) Kat:3, Licht: 2,57608,3,1,2,12,17,3,1,2,0,1,0,0,0,0
"POINT (7.142567006000040 51.260846831999999)",Unfall 57636 (2022) Kat:3, Licht: 2,57636,3,4,6,12,08,2,1,2,0,1,1,0,0,0
"POINT (7.256696535000060 51.276129032000000)",Unfall 57637 (2022) Kat:3, Licht: 2,57637,3,5,8,12,20,3,0,2,0,1,0,1,0,1
"POINT (7.141943387000030 51.282552174999999)",Unfall 57649 (2022) Kat:2, Licht: 2,57649,2,3,5,12,19,4,1,2,0,1,0,1,0,0
"POINT (7.191766573000050 51.279798604000099)",Unfall 57676 (2022) Kat:2, Licht: 2,57676,2,4,6,12,07,3,0,2,0,1,1,0,0,0
"POINT (7.069570561000030 51.226567445000100)",Unfall 57711 (2022) Kat:3, Licht: 0,57711,3,3,5,12,18,7,0,0,0,1,0,0,0,1
"POINT (7.206737087000020 51.273017162000002)",Unfall 57714 (2022) Kat:3, Licht: 0,57714,3,2,3,12,11,4,0,0,1,1,0,0,0,0
"POINT (7.144917465000050 51.253274933999997)",Unfall 57724 (2022) Kat:3, Licht: 2,57724,3,2,6,12,18,2,2,2,0,1,1,0,0,0
"POINT (7.163725144000070 51.257068785999998)",Unfall 57762 (2022) Kat:3, Licht: 0,57762,3,1,8,12,14,5,1,0,0,1,0,0,0,0
"POINT (7.160615687000070 51.251072057999998)",Unfall 57921 (2022) Kat:3, Licht: 0,57921,3,5,1,12,13,7,0,0,0,1,0,0,0,1
"POINT (7.217872254000040 51.275089696000101)",Unfall 57963 (2022) Kat:3, Licht: 0,57963,3,7,5,12,13,2,0,0,0,1,0,0,0,1
"POINT (7.119821858000020 51.281165960000102)",Unfall 58015 (2022) Kat:3, Licht: 0,58015,3,3,5,12,09,3,0,0,0,1,0,0,0,0
"POINT (7.230541324000060 51.259646621999998)",Unfall 58058 (2022) Kat:3, Licht: 0,58058,3,1,4,12,15,2,1,0,0,1,0,0,0,0
"POINT (7.244078990000050 51.280889039999998)",Unfall 58124 (2022) Kat:3, Licht: 0,58124,3,4,6,12,13,3,1,0,0,1,1,0,0,0
"POINT (7.131921321000050 51.254269448999999)",Unfall 58193 (2022) Kat:3, Licht: 1,58193,3,7,6,12,17,5,2,1,1,0,1,0,0,0
"POINT (7.254286894000070 51.311533195000003)",Unfall 58212 (2022) Kat:3, Licht: 0,58212,3,6,2,12,15,1,0,0,0,1,0,0,0,0
"POINT (7.147603332000070 51.260579107000098)",Unfall 58270 (2022) Kat:3, Licht: 2,58270,3,6,6,12,20,4,0,2,0,1,1,0,0,0
"POINT (7.074726376000060 51.253265947999999)",Unfall 58455 (2022) Kat:3, Licht: 2,58455,3,3,5,12,19,5,1,2,0,1,0,0,0,0
"POINT (7.223980381000050 51.272868888000097)",Unfall 58645 (2022) Kat:3, Licht: 2,58645,3,3,6,12,17,6,1,2,0,1,1,0,0,0
"POINT (7.124789195000060 51.263585143999997)",Unfall 58694 (2022) Kat:3, Licht: 2,58694,3,6,2,12,17,5,1,2,0,1,0,0,0,1
"POINT (7.064393796000050 51.220227037000001)",Unfall 58759 (2022) Kat:3, Licht: 0,58759,3,1,2,12,10,7,0,0,0,1,0,0,0,0
"POINT (7.069168174000030 51.230685698999999)",Unfall 59388 (2022) Kat:3, Licht: 2,59388,3,6,1,12,17,3,0,2,0,1,0,0,0,0
"POINT (7.224607111000070 51.275234541000003)",Unfall 59644 (2022) Kat:3, Licht: 1,59644,3,6,0,12,15,6,1,1,0,1,0,0,0,0
"POINT (7.132677184000040 51.262235326000102)",Unfall 59671 (2022) Kat:3, Licht: 2,59671,3,7,2,12,19,5,1,2,0,1,0,0,0,0
"POINT (7.161001132000020 51.297143269999999)",Unfall 59780 (2022) Kat:3, Licht: 0,59780,3,4,6,12,14,5,0,0,0,1,1,0,0,0
"POINT (7.140639603000070 51.211557689000102)",Unfall 59868 (2022) Kat:3, Licht: 0,59868,3,6,2,12,15,5,0,0,0,1,0,0,0,0
"POINT (7.211444047000040 51.274301577000102)",Unfall 59946 (2022) Kat:3, Licht: 0,59946,3,6,2,12,12,5,0,0,0,1,0,0,0,0
"POINT (7.150541234000060 51.255978353000003)",Unfall 59953 (2022) Kat:3, Licht: 2,59953,3,6,2,12,03,7,1,2,0,1,0,0,0,0
"POINT (7.142500734000070 51.250075262000102)",Unfall 60110 (2022) Kat:3, Licht: 2,60110,3,1,0,12,07,5,1,2,0,0,0,0,0,1
"POINT (7.228770427000030 51.287584278000097)",Unfall 60174 (2022) Kat:3, Licht: 0,60174,3,2,4,12,15,6,1,0,1,1,0,0,0,0
"POINT (7.157018745000070 51.292886701999997)",Unfall 166673 (2022) Kat:2, Licht: 2,166673,2,1,8,01,20,4,1,2,0,1,0,0,0,0
"POINT (7.202837479000040 51.273829470000102)",Unfall 166982 (2022) Kat:3, Licht: 0,166982,3,1,0,01,14,3,1,0,0,0,0,1,0,0
"POINT (7.149936331000050 51.254902917999999)",Unfall 167090 (2022) Kat:3, Licht: 0,167090,3,4,6,01,13,4,1,0,0,1,1,0,0,0
"POINT (7.184982198000060 51.268088943000102)",Unfall 167328 (2022) Kat:3, Licht: 2,167328,3,7,0,01,18,3,0,2,1,0,0,0,0,0
"POINT (7.137297428000070 51.261736945999999)",Unfall 167502 (2022) Kat:3, Licht: 0,167502,3,1,7,01,09,3,1,0,1,1,0,0,0,0
"POINT (7.167492989000040 51.257132790000099)",Unfall 167532 (2022) Kat:3, Licht: 0,167532,3,4,6,01,15,3,1,0,0,0,1,0,0,1
"POINT (7.172331288000070 51.258618818000102)",Unfall 167689 (2022) Kat:3, Licht: 2,167689,3,4,6,01,07,6,0,2,0,1,1,0,0,0
"POINT (7.135846252000020 51.181915778000104)",Unfall 167712 (2022) Kat:3, Licht: 0,167712,3,4,6,02,11,3,0,0,0,1,1,0,0,0
"POINT (7.155231002000050 51.253218480999998)",Unfall 167762 (2022) Kat:3, Licht: 2,167762,3,2,5,02,17,5,1,2,0,1,0,0,0,0
"POINT (7.175712843000040 51.265658293000101)",Unfall 167903 (2022) Kat:3, Licht: 2,167903,3,5,0,01,19,1,1,2,0,1,0,0,0,0
"POINT (7.215642327000070 51.267052327000002)",Unfall 167941 (2022) Kat:3, Licht: 2,167941,3,6,6,01,21,2,0,2,0,1,1,0,0,0
"POINT (7.189524689000050 51.227467354000098)",Unfall 167942 (2022) Kat:3, Licht: 1,167942,3,2,6,01,08,3,0,1,0,1,1,0,0,0
"POINT (7.166164640000030 51.256572616000000)",Unfall 168010 (2022) Kat:3, Licht: 2,168010,3,7,6,02,19,7,0,2,0,1,1,0,0,0
"POINT (7.227113614000070 51.285399556000101)",Unfall 168031 (2022) Kat:3, Licht: 2,168031,3,6,0,02,22,3,0,2,1,1,0,0,0,0
"POINT (7.201613868000040 51.227515361000002)",Unfall 168063 (2022) Kat:3, Licht: 2,168063,3,4,6,02,07,3,1,2,0,1,1,0,0,0
"POINT (7.220564930000020 51.283813967000100)",Unfall 168163 (2022) Kat:3, Licht: 2,168163,3,1,8,01,04,7,1,2,0,1,0,0,0,0
"POINT (7.154303371000030 51.269661902000102)",Unfall 168209 (2022) Kat:3, Licht: 1,168209,3,6,0,02,16,6,1,1,0,0,0,1,0,0
"POINT (7.235040562000050 51.289952895000098)",Unfall 168234 (2022) Kat:3, Licht: 0,168234,3,5,1,01,15,5,0,0,0,1,1,0,0,0
"POINT (7.229687684000060 51.285796016000099)",Unfall 168274 (2022) Kat:3, Licht: 2,168274,3,3,5,02,05,3,1,2,0,1,0,0,0,0
"POINT (7.142739465000030 51.280967142000101)",Unfall 168312 (2022) Kat:3, Licht: 2,168312,3,5,1,01,19,1,0,2,0,1,0,0,0,0
"POINT (7.107770736000020 51.257082013000101)",Unfall 168466 (2022) Kat:3, Licht: 2,168466,3,1,8,01,18,3,0,2,0,1,0,0,0,0
"POINT (7.151179896000030 51.266520176000000)",Unfall 168477 (2022) Kat:2, Licht: 0,168477,2,4,0,02,16,3,0,0,1,0,1,0,0,0
"POINT (7.167226462000030 51.257688829000102)",Unfall 168555 (2022) Kat:3, Licht: 0,168555,3,4,6,02,13,3,1,0,0,1,1,0,0,0
"POINT (7.098136906000040 51.250793805999997)",Unfall 168602 (2022) Kat:3, Licht: 2,168602,3,6,2,01,05,3,1,2,0,1,0,0,0,0
"POINT (7.217785929000060 51.276539612000100)",Unfall 168638 (2022) Kat:3, Licht: 0,168638,3,2,6,01,11,2,1,0,1,0,1,0,0,0
"POINT (7.222703358000050 51.274554397000003)",Unfall 168771 (2022) Kat:3, Licht: 0,168771,3,4,6,03,11,5,0,0,0,0,1,0,0,1
"POINT (7.130049058000050 51.253233152000099)",Unfall 168795 (2022) Kat:3, Licht: 2,168795,3,7,6,02,18,6,1,2,1,0,1,0,0,0
"POINT (7.146139278000020 51.257072485999998)",Unfall 168820 (2022) Kat:3, Licht: 0,168820,3,4,6,02,10,7,0,0,0,0,1,0,0,1
"POINT (7.164780738000050 51.279335350000103)",Unfall 168953 (2022) Kat:3, Licht: 0,168953,3,2,6,02,15,7,0,0,0,1,1,0,0,0
"POINT (7.182920408000030 51.270826944000099)",Unfall 169042 (2022) Kat:3, Licht: 0,169042,3,6,0,02,12,1,0,0,1,0,1,0,0,0
"POINT (7.141994936000060 51.255492205000103)",Unfall 169444 (2022) Kat:3, Licht: 2,169444,3,2,5,02,02,7,0,2,0,1,0,0,0,0
"POINT (7.228856262000020 51.268190929000099)",Unfall 169619 (2022) Kat:3, Licht: 0,169619,3,7,1,02,11,4,0,0,0,1,0,0,0,0
"POINT (7.130731870000030 51.245211408999999)",Unfall 169736 (2022) Kat:2, Licht: 0,169736,2,2,4,03,09,2,0,0,1,1,0,0,0,0
"POINT (7.141479181000020 51.255154713000103)",Unfall 169739 (2022) Kat:3, Licht: 0,169739,3,2,3,03,18,2,0,0,0,1,0,1,0,0