WKT,Name,OBJECTID,UKATEGORIE,UTYP1,UART,UMONAT,USTUNDE,UWOCHENTAG,STRZUSTAND,ULICHTVERH,ISTRAD,ISTPKW,ISTFUSS,ISTKRAD,ISTGKFZ,ISTSONSTIG
"POINT (7.209667824000060 51.275581101000100)",Unfall 169869 (2022) Kat:3, Licht: 0,169869,3,2,6,03,10,6,0,0,0,1,1,0,0,0
"POINT (7.257301044000030 51.278336556000099)",Unfall 169912 (2022) Kat:3, Licht: 0,169912,3,6,2,03,10,5,0,0,0,1,0,0,0,1
"POINT (7.103545614000040 51.257343894000002)",Unfall 169999 (2022) Kat:3, Licht: 0,169999,3,6,4,03,14,6,0,0,0,1,0,0,0,1
"POINT (7.107678501000070 51.257017172000097)",Unfall 170105 (2022) Kat:3, Licht: 0,170105,3,3,5,03,12,3,0,0,0,1,0,0,0,0
"POINT (7.180555473000030 51.265143891000001)",Unfall 170167 (2022) Kat:2, Licht: 0,170167,2,2,8,03,12,5,0,0,0,1,0,1,0,0
"POINT (7.139225324000050 51.204471362000000)",Unfall 170307 (2022) Kat:3, Licht: 0,170307,3,5,1,03,15,7,0,0,0,1,0,0,0,0
"POINT (7.228436451000050 51.269443956000003)",Unfall 170339 (2022) Kat:2, Licht: 0,170339,2,1,4,03,13,6,0,0,1,1,0,0,0,0
"POINT (7.144038912000040 51.260026861000000)",Unfall 170425 (2022) Kat:2, Licht: 0,170425,2,4,6,03,07,3,0,0,0,1,1,0,0,0
"POINT (7.134414426000030 51.255721989000101)",Unfall 170523 (2022) Kat:3, Licht: 0,170523,3,1,9,03,14,7,0,0,0,1,0,1,0,0
"POINT (7.047733427000030 51.209563973999998)",Unfall 170554 (2022) Kat:2, Licht: 0,170554,2,1,0,03,18,5,0,0,1,0,0,0,0,0
"POINT (7.089412948000070 51.235554807000000)",Unfall 170574 (2022) Kat:3, Licht: 0,170574,3,2,6,03,14,3,1,0,0,1,1,0,0,0
"POINT (7.229543767000050 51.285618585000101)",Unfall 170817 (2022) Kat:2, Licht: 0,170817,2,4,0,04,14,3,0,0,0,0,1,0,0,1
"POINT (7.063614086000030 51.259957227000001)",Unfall 170819 (2022) Kat:2, Licht: 0,170819,2,7,0,04,14,1,0,0,1,0,0,0,0,0
"POINT (7.083079239000030 51.235410482000098)",Unfall 170962 (2022) Kat:3, Licht: 0,170962,3,4,6,04,09,7,0,0,0,1,1,0,0,0
"POINT (7.152995942000080 51.261035621000097)",Unfall 170982 (2022) Kat:2, Licht: 2,170982,2,4,6,03,23,5,1,2,0,0,1,0,0,1
"POINT (7.132336364000030 51.252971115000001)",Unfall 171006 (2022) Kat:3, Licht: 0,171006,3,3,5,03,17,2,0,0,1,0,0,1,0,0
"POINT (7.064198542000040 51.230169613999998)",Unfall 171086 (2022) Kat:3, Licht: 0,171086,3,6,2,04,12,4,0,0,0,1,0,0,0,0
"POINT (7.121668069000070 51.263467263999999)",Unfall 171329 (2022) Kat:2, Licht: 0,171329,2,1,0,03,10,5,1,0,1,0,0,0,0,0
"POINT (7.228453356000050 51.283875149000004)",Unfall 171380 (2022) Kat:3, Licht: 0,171380,3,3,5,04,13,7,0,0,0,1,0,1,0,0
"POINT (7.145955735000030 51.259525408000101)",Unfall 171408 (2022) Kat:3, Licht: 0,171408,3,1,4,04,14,4,0,0,1,0,0,0,0,0
"POINT (7.202036735000040 51.229060987000103)",Unfall 171427 (2022) Kat:3, Licht: 0,171427,3,5,6,04,08,4,0,0,0,1,1,0,0,0
"POINT (7.207244016000060 51.215732254000002)",Unfall 171497 (2022) Kat:3, Licht: 0,171497,3,6,2,04,15,1,0,0,0,1,0,0,0,0
"POINT (7.098198622000040 51.246505480000103)",Unfall 171545 (2022) Kat:3, Licht: 0,171545,3,7,0,04,19,2,0,0,0,1,0,1,0,0
"POINT (7.224493515000060 51.277544593000101)",Unfall 171642 (2022) Kat:3, Licht: 0,171642,3,4,6,04,16,3,0,0,1,0,1,0,0,0
"POINT (7.193436713000040 51.269359356999999)",Unfall 171921 (2022) Kat:3, Licht: 0,171921,3,3,5,05,19,4,0,0,0,1,0,0,0,0
"POINT (7.174790951000030 51.258574817000103)",Unfall 171964 (2022) Kat:3, Licht: 2,171964,3,1,0,05,22,3,0,2,1,0,0,0,0,0
"POINT (7.122650360000020 51.205685381000102)",Unfall 171998 (2022) Kat:3, Licht: 0,171998,3,7,6,05,14,4,0,0,0,1,1,0,0,0
"POINT (7.208078608000050 51.280918301000000)",Unfall 172015 (2022) Kat:3, Licht: 2,172015,3,5,1,04,21,7,0,2,0,1,0,1,0,1
"POINT (7.187045086000070 51.270999668999998)",Unfall 172033 (2022) Kat:3, Licht: 0,172033,3,4,6,04,15,1,0,0,0,1,1,0,0,0
"POINT (7.179610135000080 51.258692985000003)",Unfall 172232 (2022) Kat:3, Licht: 0,172232,3,7,1,04,06,3,1,0,0,1,0,0,0,0
"POINT (7.225734784000050 51.279517544000001)",Unfall 172306 (2022) Kat:3, Licht: 0,172306,3,4,6,04,15,7,0,0,0,1,1,0,0,0
"POINT (7.142131522000060 51.272863888000103)",Unfall 172335 (2022) Kat:2, Licht: 0,172335,2,7,8,04,17,4,0,0,0,1,0,0,0,0
"POINT (7.192634448000040 51.277694883000002)",Unfall 172400 (2022) Kat:3, Licht: 0,172400,3,3,5,04,13,6,0,0,0,1,0,0,0,0
"POINT (7.073240676000070 51.229387503000098)",Unfall 172408 (2022) Kat:3, Licht: 0,172408,3,6,2,05,18,2,0,0,0,1,0,0,0,0
"POINT (7.140803155000070 51.252107044000098)",Unfall 172425 (2022) Kat:3, Licht: 0,172425,3,4,6,04,17,4,0,0,0,1,1,0,0,0
"POINT (7.153367727000050 51.268963029000098)",Unfall 172486 (2022) Kat:3, Licht: 2,172486,3,2,5,04,01,1,0,2,0,1,0,0,0,0
"POINT (7.227408864000040 51.287221399000003)",Unfall 172564 (2022) Kat:3, Licht: 1,172564,3,1,8,05,21,1,0,1,0,0,0,1,0,0
"POINT (7.195697573000070 51.272360548000101)",Unfall 172566 (2022) Kat:3, Licht: 2,172566,3,6,1,05,21,3,0,2,0,1,0,1,0,0
"POINT (7.192140201000030 51.268767654000001)",Unfall 172567 (2022) Kat:2, Licht: 0,172567,2,3,5,05,10,6,0,0,1,1,0,0,0,0
"POINT (7.182920408000030 51.270826944000099)",Unfall 172635 (2022) Kat:2, Licht: 0,172635,2,6,3,04,17,1,0,0,1,0,0,0,0,0
"POINT (7.209602231000080 51.269926827000099)",Unfall 172659 (2022) Kat:3, Licht: 0,172659,3,3,5,04,07,6,0,0,0,1,0,0,0,0
"POINT (7.146141221000050 51.257495850000097)",Unfall 172764 (2022) Kat:2, Licht: 0,172764,2,4,6,05,14,3,0,0,1,0,1,0,0,0
"POINT (7.084703732000040 51.237583114000103)",Unfall 172784 (2022) Kat:3, Licht: 0,172784,3,7,8,04,17,4,0,0,0,0,0,1,0,0
"POINT (7.113239474000070 51.260325653000102)",Unfall 172837 (2022) Kat:2, Licht: 0,172837,2,1,0,05,16,5,0,0,1,0,0,0,0,0
"POINT (7.147318649000060 51.225499139000100)",Unfall 172874 (2022) Kat:2, Licht: 0,172874,2,3,0,05,18,6,0,0,1,0,0,0,0,1
"POINT (7.151017223000050 51.258514806000100)",Unfall 172899 (2022) Kat:3, Licht: 0,172899,3,3,5,05,12,4,0,0,0,1,0,0,0,0
"POINT (7.152012161000070 51.258021567000100)",Unfall 172908 (2022) Kat:2, Licht: 0,172908,2,7,6,05,13,4,0,0,0,1,1,0,0,0
"POINT (7.201355646000020 51.268226589999998)",Unfall 172984 (2022) Kat:3, Licht: 0,172984,3,2,4,05,19,7,0,0,0,1,0,1,0,0
"POINT (7.205253349000030 51.274818480000100)",Unfall 173015 (2022) Kat:3, Licht: 2,173015,3,7,0,05,01,6,0,2,0,0,0,1,0,0
"POINT (7.216975886000060 51.270511044000003)",Unfall 173087 (2022) Kat:2, Licht: 1,173087,2,4,0,05,06,6,0,1,0,1,1,0,0,0
"POINT (7.225985025000060 51.268145047000097)",Unfall 173158 (2022) Kat:3, Licht: 0,173158,3,6,2,05,18,5,0,0,0,1,0,0,0,0
"POINT (7.105021055000070 51.251495923000000)",Unfall 173166 (2022) Kat:3, Licht: 0,173166,3,5,1,05,18,3,0,0,0,1,0,1,0,0
"POINT (7.234090000000040 51.267210083000101)",Unfall 173183 (2022) Kat:3, Licht: 0,173183,3,1,1,05,18,1,0,0,0,1,0,1,0,0
"POINT (7.217658048000030 51.271163742000098)",Unfall 173287 (2022) Kat:2, Licht: 0,173287,2,4,5,05,07,6,0,0,0,1,1,0,0,0
"POINT (7.144229482000070 51.258753609000102)",Unfall 173302 (2022) Kat:2, Licht: 0,173302,2,3,1,05,12,7,0,0,1,1,0,0,0,0
"POINT (7.207850727000050 51.271802082000100)",Unfall 173356 (2022) Kat:3, Licht: 0,173356,3,7,0,05,15,4,0,0,1,0,0,0,0,0
"POINT (7.143943892000040 51.225923536000003)",Unfall 173431 (2022) Kat:3, Licht: 0,173431,3,3,5,05,13,4,0,0,1,0,0,0,0,1
"POINT (7.159304066000060 51.242359184000101)",Unfall 173551 (2022) Kat:3, Licht: 0,173551,3,6,2,05,09,6,0,0,0,1,0,0,0,0
"POINT (7.207931030000050 51.281248560999998)",Unfall 173570 (2022) Kat:3, Licht: 0,173570,3,7,0,05,07,5,0,0,1,1,0,0,0,0
"POINT (7.195880455000070 51.265906010999998)",Unfall 173586 (2022) Kat:3, Licht: 0,173586,3,2,2,05,07,4,0,0,1,1,0,0,0,0
"POINT (7.089001197000070 51.235884043000098)",Unfall 173756 (2022) Kat:3, Licht: 0,173756,3,2,6,05,09,3,0,0,0,1,1,0,0,0
"POINT (7.193468975000030 51.221498904000001)",Unfall 173760 (2022) Kat:3, Licht: 0,173760,3,6,4,05,09,1,0,0,0,1,0,1,0,0
"POINT (7.233958421000070 51.286270702000103)",Unfall 173791 (2022) Kat:3, Licht: 0,173791,3,1,9,05,11,4,0,0,0,1,0,0,0,0
"POINT (7.129672004000040 51.258995398000103)",Unfall 173850 (2022) Kat:3, Licht: 0,173850,3,3,5,05,16,3,0,0,0,1,0,0,0,1
"POINT (7.127591948000030 51.259247011000099)",Unfall 174033 (2022) Kat:3, Licht: 0,174033,3,1,8,06,21,1,0,0,0,0,0,0,0,1
"POINT (7.113280961000040 51.251617458000098)",Unfall 174050 (2022) Kat:3, Licht: 0,174050,3,1,0,06,18,2,0,0,0,0,0,1,0,0
"POINT (7.124875218000060 51.211970618000102)",Unfall 174089 (2022) Kat:2, Licht: 0,174089,2,1,0,06,19,6,0,0,0,0,0,1,0,0
"POINT (7.080154210000050 51.220144655000098)",Unfall 174226 (2022) Kat:3, Licht: 0,174226,3,3,5,06,06,6,0,0,0,1,0,0,0,0
"POINT (7.253298330000060 51.275227025000000)",Unfall 174263 (2022) Kat:2, Licht: 0,174263,2,3,5,06,15,5,1,0,0,1,0,1,0,0
"POINT (7.224339154000060 51.277296603000103)",Unfall 174473 (2022) Kat:3, Licht: 0,174473,3,3,0,06,16,4,1,0,0,0,0,1,0,1
"POINT (7.152527088000060 51.258597140000099)",Unfall 174581 (2022) Kat:3, Licht: 0,174581,3,4,6,06,16,7,0,0,0,1,1,0,0,0
"POINT (7.199861587000040 51.225362835000098)",Unfall 174594 (2022) Kat:3, Licht: 0,174594,3,4,6,05,10,6,1,0,0,1,1,0,0,0
"POINT (7.144728581000040 51.266337104000101)",Unfall 174618 (2022) Kat:3, Licht: 0,174618,3,7,0,06,10,7,0,0,0,1,0,0,0,1
"POINT (7.238348098000070 51.293447780000101)",Unfall 174619 (2022) Kat:2, Licht: 0,174619,2,2,5,06,13,4,0,0,0,1,0,1,0,0
"POINT (7.144647943000050 51.261739759000100)",Unfall 174635 (2022) Kat:3, Licht: 0,174635,3,3,5,06,13,3,0,0,0,1,0,1,0,0
"POINT (7.223738079000040 51.276334153999997)",Unfall 174649 (2022) Kat:3, Licht: 0,174649,3,6,2,06,15,6,0,0,0,1,0,0,0,0
"POINT (7.173503022000030 51.263305361999997)",Unfall 174779 (2022) Kat:3, Licht: 0,174779,3,6,0,06,15,7,0,0,0,0,0,1,0,0
"POINT (7.174800409000060 51.263971347000101)",Unfall 174820 (2022) Kat:3, Licht: 0,174820,3,4,6,05,13,3,0,0,1,1,1,0,0,0
"POINT (7.225143908000060 51.268290282000102)",Unfall 174836 (2022) Kat:3, Licht: 0,174836,3,4,6,06,15,4,1,0,0,1,1,0,0,0
"POINT (7.106795786000020 51.252863374000100)",Unfall 174889 (2022) Kat:2, Licht: 0,174889,2,7,0,06,19,1,0,0,0,0,0,1,0,0
"POINT (7.213909011000060 51.285251508999998)",Unfall 174947 (2022) Kat:3, Licht: 0,174947,3,7,6,06,14,3,0,0,0,1,1,0,0,0
"POINT (7.195266299000020 51.270064778000098)",Unfall 175519 (2022) Kat:3, Licht: 0,175519,3,6,0,06,19,4,0,0,1,1,0,0,0,0
"POINT (7.190593886000040 51.243037129000101)",Unfall 175526 (2022) Kat:2, Licht: 0,175526,2,3,5,06,09,5,0,0,1,1,0,0,0,0
"POINT (7.206894720000040 51.275216858000100)",Unfall 175578 (2022) Kat:3, Licht: 2,175578,3,7,6,06,23,7,0,2,0,1,1,0,0,0
"POINT (7.086474342000030 51.234578219000099)",Unfall 176144 (2022) Kat:3, Licht: 0,176144,3,6,2,07,10,2,0,0,0,1,0,0,0,1
"POINT (7.134453482000030 51.253365627999997)",Unfall 176247 (2022) Kat:3, Licht: 0,176247,3,1,0,07,16,5,1,0,1,0,0,0,0,0
"POINT (7.114976295000080 51.251586411000098)",Unfall 176336 (2022) Kat:3, Licht: 0,176336,3,1,0,07,10,1,1,0,1,0,0,0,0,0
"POINT (7.145003961000040 51.241885081000099)",Unfall 176401 (2022) Kat:3, Licht: 0,176401,3,7,0,07,19,7,0,0,1,1,0,0,0,0
"POINT (7.097576249000040 51.238207533000001)",Unfall 176403 (2022) Kat:3, Licht: 0,176403,3,3,5,07,17,4,0,0,0,1,0,0,0,0
"POINT (7.135998981000060 51.251560423000100)",Unfall 176474 (2022) Kat:3, Licht: 0,176474,3,5,1,07,16,1,0,0,1,1,0,0,0,0
"POINT (7.154456352000070 51.270014529000001)",Unfall 176562 (2022) Kat:2, Licht: 0,176562,2,4,6,07,07,2,0,0,0,1,1,0,0,0
"POINT (7.087074981000060 51.259412709000102)",Unfall 176650 (2022) Kat:2, Licht: 0,176650,2,7,2,07,19,7,0,0,0,1,1,0,0,0
"POINT (7.223222922000050 51.287143983000099)",Unfall 176692 (2022) Kat:3, Licht: 0,176692,3,7,6,07,12,6,0,0,0,1,1,0,0,0
"POINT (7.215487765000030 51.268889263000098)",Unfall 176827 (2022) Kat:2, Licht: 0,176827,2,1,8,07,16,7,1,0,0,0,0,1,0,0
"POINT (7.090042855000040 51.238026840000003)",Unfall 176828 (2022) Kat:3, Licht: 0,176828,3,6,4,07,16,2,0,0,0,1,0,1,0,0
"POINT (7.143178596000040 51.260782434000099)",Unfall 176829 (2022) Kat:3, Licht: 0,176829,3,6,2,07,17,4,1,0,1,1,0,0,0,0
"POINT (7.153467536000050 51.268927751000000)",Unfall 176880 (2022) Kat:3, Licht: 0,176880,3,2,6,07,09,3,0,0,0,1,1,0,0,0
"POINT (7.218544937000050 51.227931056999999)",Unfall 176894 (2022) Kat:3, Licht: 0,176894,3,4,6,07,17,5,0,0,0,1,1,0,0,0
"POINT (7.192201009000030 51.272212927000098)",Unfall 176942 (2022) Kat:3, Licht: 0,176942,3,4,6,07,14,1,0,0,1,0,1,0,0,0
"POINT (7.184957322000060 51.263780300000100)",Unfall 177083 (2022) Kat:3, Licht: 0,177083,3,5,1,08,17,1,0,0,1,1,0,0,0,0
"POINT (7.183512065000060 51.263945454000101)",Unfall 177137 (2022) Kat:3, Licht: 0,177137,3,6,2,07,14,6,0,0,0,1,0,1,0,0
"POINT (7.241325183000070 51.267419178000097)",Unfall 177175 (2022) Kat:3, Licht: 0,177175,3,4,6,08,16,6,0,0,0,0,1,0,0,1
"POINT (7.097576249000040 51.238207533000001)",Unfall 177190 (2022) Kat:3, Licht: 0,177190,3,2,6,08,09,3,0,0,0,1,1,0,0,0
"POINT (7.256840842000030 51.283502613000103)",Unfall 177194 (2022) Kat:3, Licht: 0,177194,3,6,4,07,19,3,0,0,1,1,0,0,0,0
"POINT (7.197396997000060 51.227645629000101)",Unfall 177235 (2022) Kat:3, Licht: 0,177235,3,4,6,08,09,6,0,0,0,1,1,0,0,0
"POINT (7.237368420000050 51.282270838000002)",Unfall 177260 (2022) Kat:2, Licht: 0,177260,2,1,1,07,16,5,0,0,0,1,0,0,0,0
"POINT (7.228057025000060 51.283236627000100)",Unfall 177414 (2022) Kat:3, Licht: 0,177414,3,7,6,08,10,7,0,0,0,1,1,0,0,0
"POINT (7.190611834000040 51.288192133999999)",Unfall 177431 (2022) Kat:3, Licht: 0,177431,3,6,1,08,17,3,0,0,0,1,0,0,0,1
"POINT (7.181067925000040 51.269984667000102)",Unfall 177477 (2022) Kat:3, Licht: 0,177477,3,3,5,08,18,6,0,0,1,1,0,0,0,0
"POINT (7.134743451000080 51.245776919999997)",Unfall 177535 (2022) Kat:3, Licht: 0,177535,3,5,4,07,13,6,0,0,1,1,0,0,0,0
"POINT (7.238181700000040 51.278755755000098)",Unfall 177715 (2022) Kat:3, Licht: 0,177715,3,7,1,08,06,5,0,0,0,1,0,1,0,0
"POINT (7.220519818000070 51.281465611999998)",Unfall 177838 (2022) Kat:3, Licht: 0,177838,3,1,8,08,11,3,0,0,0,1,0,0,0,0
"POINT (7.256871529000020 51.278234169000001)",Unfall 178014 (2022) Kat:3, Licht: 0,178014,3,3,5,07,07,5,0,0,0,1,0,0,0,0
"POINT (7.146212279000050 51.256692368000103)",Unfall 178168 (2022) Kat:3, Licht: 0,178168,3,7,5,08,17,6,0,0,1,0,0,0,0,1
"POINT (7.211744455000030 51.275250729000000)",Unfall 178315 (2022) Kat:3, Licht: 0,178315,3,3,5,08,16,2,0,0,1,1,0,0,0,0
"POINT (7.146462131000020 51.244196570000000)",Unfall 178320 (2022) Kat:3, Licht: 0,178320,3,5,0,08,15,6,0,0,1,1,0,0,0,0
"POINT (7.108530743000070 51.279338605000099)",Unfall 178411 (2022) Kat:3, Licht: 1,178411,3,4,0,08,21,7,0,1,0,0,1,1,0,0
"POINT (7.147955464000060 51.255914740999998)",Unfall 178457 (2022) Kat:2, Licht: 1,178457,2,7,0,08,21,7,0,1,1,0,0,0,0,0
"POINT (7.150193324000040 51.226397738999999)",Unfall 178480 (2022) Kat:3, Licht: 0,178480,3,3,5,08,19,5,0,0,0,1,0,1,0,0
"POINT (7.136416130000040 51.253919639999999)",Unfall 178482 (2022) Kat:3, Licht: 2,178482,3,3,5,08,22,6,0,2,0,1,0,1,0,0
"POINT (7.093519894000050 51.248423686000102)",Unfall 178566 (2022) Kat:3, Licht: 0,178566,3,1,0,08,11,4,1,0,1,0,0,0,0,0
"POINT (7.231308471000030 51.280120648000000)",Unfall 178742 (2022) Kat:2, Licht: 0,178742,2,7,8,08,16,6,0,0,0,0,0,1,0,0
"POINT (7.134318967000070 51.180960954000099)",Unfall 178804 (2022) Kat:3, Licht: 0,178804,3,7,6,08,13,3,0,0,0,0,1,0,0,1
"POINT (7.217807066000030 51.276048500999998)",Unfall 178933 (2022) Kat:3, Licht: 0,178933,3,7,5,08,15,6,0,0,0,1,0,0,0,1
"POINT (7.206455047000080 51.269306987000000)",Unfall 178992 (2022) Kat:3, Licht: 0,178992,3,7,3,08,13,2,0,0,1,1,0,0,0,0
"POINT (7.133887391000030 51.205232019000100)",Unfall 179019 (2022) Kat:2, Licht: 0,179019,2,3,5,08,09,6,0,0,1,1,0,0,0,0
"POINT (7.183722990000040 51.264013321000000)",Unfall 179088 (2022) Kat:3, Licht: 0,179088,3,2,0,09,20,1,0,0,1,1,0,0,0,0
"POINT (7.151029671000060 51.250351523000099)",Unfall 179136 (2022) Kat:2, Licht: 0,179136,2,3,5,08,08,4,0,0,0,1,0,1,0,0
"POINT (7.291192043000020 51.226135446999997)",Unfall 179138 (2022) Kat:3, Licht: 0,179138,3,3,5,09,18,5,0,0,0,1,0,0,0,0
"POINT (7.181023994000040 51.266275747000101)",Unfall 179143 (2022) Kat:3, Licht: 0,179143,3,4,6,09,14,3,0,0,0,1,1,0,0,0
"POINT (7.228674114000060 51.285712542000098)",Unfall 179205 (2022) Kat:3, Licht: 1,179205,3,3,0,09,20,4,0,1,1,1,0,0,0,0
"POINT (7.215187050000050 51.283087233000103)",Unfall 179246 (2022) Kat:3, Licht: 1,179246,3,7,0,08,18,2,0,1,0,0,1,0,0,1
"POINT (7.157000310000060 51.266405648999999)",Unfall 179268 (2022) Kat:3, Licht: 0,179268,3,5,1,09,18,5,1,0,1,1,0,0,0,0
"POINT (7.126572038000060 51.247583281000097)",Unfall 179364 (2022) Kat:3, Licht: 2,179364,3,5,1,09,21,2,0,2,1,1,0,0,0,0
"POINT (7.141891465000070 51.256804725999999)",Unfall 179367 (2022) Kat:3, Licht: 0,179367,3,7,0,08,13,7,0,0,0,1,1,0,0,0
"POINT (7.201280226000050 51.268210592999999)",Unfall 179373 (2022) Kat:3, Licht: 0,179373,3,3,5,09,18,7,1,0,0,1,0,1,0,0
"POINT (7.217857990000030 51.276988308999996)",Unfall 179392 (2022) Kat:3, Licht: 0,179392,3,6,2,09,11,6,0,0,0,1,0,0,0,0
"POINT (7.219134881000060 51.287608978000002)",Unfall 179419 (2022) Kat:3, Licht: 0,179419,3,7,1,09,15,4,0,0,0,1,0,0,0,0
"POINT (7.136345167000060 51.257923998000102)",Unfall 179435 (2022) Kat:3, Licht: 0,179435,3,7,1,09,13,5,0,0,0,1,0,1,0,0
"POINT (7.207701762000060 51.269563980000001)",Unfall 179448 (2022) Kat:3, Licht: 0,179448,3,4,6,09,15,7,0,0,0,1,1,0,0,0
"POINT (7.169816660000040 51.259448505000101)",Unfall 179577 (2022) Kat:3, Licht: 0,179577,3,3,5,09,15,7,0,0,0,1,0,0,0,0
"POINT (7.209649950000030 51.219271296999999)",Unfall 179711 (2022) Kat:3, Licht: 0,179711,3,1,0,09,16,2,0,0,0,0,0,0,0,1
"POINT (7.194362046000040 51.269732845000100)",Unfall 179900 (2022) Kat:3, Licht: 0,179900,3,7,0,09,17,3,0,0,1,0,0,0,0,0
"POINT (7.088183672000070 51.235457699999998)",Unfall 180027 (2022) Kat:3, Licht: 0,180027,3,6,1,09,18,5,0,0,0,1,0,0,0,0
"POINT (7.146329725000040 51.256375447000003)",Unfall 180030 (2022) Kat:3, Licht: 0,180030,3,7,3,09,17,3,0,0,1,0,0,0,0,0
"POINT (7.150330064000060 51.275162034000097)",Unfall 180092 (2022) Kat:3, Licht: 0,180092,3,5,0,09,17,3,1,0,0,1,0,0,0,1
"POINT (7.208869276000030 51.271373088000097)",Unfall 180124 (2022) Kat:3, Licht: 2,180124,3,3,5,09,20,7,1,2,0,1,0,0,0,0
"POINT (7.197561779000070 51.216239569999999)",Unfall 180238 (2022) Kat:3, Licht: 0,180238,3,3,5,09,12,5,0,0,0,1,0,0,0,1
"POINT (7.146034621000070 51.262193613000100)",Unfall 180254 (2022) Kat:2, Licht: 0,180254,2,3,5,09,16,3,0,0,1,1,0,0,0,0
"POINT (7.245504182000050 51.293949596000097)",Unfall 180326 (2022) Kat:3, Licht: 0,180326,3,3,5,09,08,4,1,0,1,0,0,0,0,1
"POINT (7.177568854000070 51.265536545000003)",Unfall 180359 (2022) Kat:3, Licht: 0,180359,3,5,1,09,16,5,0,0,1,1,0,0,0,0
"POINT (7.135688376000080 51.254555941000000)",Unfall 180477 (2022) Kat:3, Licht: 0,180477,3,2,6,09,08,5,0,0,0,1,1,0,0,0
"POINT (7.058500527000040 51.216052894000001)",Unfall 180539 (2022) Kat:3, Licht: 2,180539,3,1,0,09,01,2,1,2,0,0,0,0,0,1
"POINT (7.061623503000020 51.224379141000000)",Unfall 180570 (2022) Kat:2, Licht: 2,180570,2,1,8,09,19,4,1,2,0,1,0,0,0,0
"POINT (7.229147394000050 51.285866333999998)",Unfall 180615 (2022) Kat:3, Licht: 0,180615,3,3,0,09,11,5,0,0,0,1,0,0,0,0
"POINT (7.180967148000040 51.262424175000000)",Unfall 180788 (2022) Kat:3, Licht: 0,180788,3,3,5,09,13,5,0,0,0,1,0,0,0,0
"POINT (7.240131449000050 51.283815185000002)",Unfall 180811 (2022) Kat:3, Licht: 0,180811,3,3,5,09,15,5,1,0,0,1,0,0,0,0
"POINT (7.150193324000040 51.226397738999999)",Unfall 180826 (2022) Kat:2, Licht: 2,180826,2,1,9,10,06,1,1,2,0,1,0,0,0,0
"POINT (7.146171176000050 51.255376824999999)",Unfall 180829 (2022) Kat:3, Licht: 0,180829,3,7,0,09,10,2,0,0,0,1,0,0,0,0
"POINT (7.186856836000060 51.273367116000003)",Unfall 180998 (2022) Kat:3, Licht: 0,180998,3,4,6,09,10,5,0,0,0,1,1,0,0,0
"POINT (7.216376330000060 51.281825922000102)",Unfall 181046 (2022) Kat:3, Licht: 0,181046,3,3,5,09,16,5,0,0,0,1,0,1,0,0
"POINT (7.137860839000040 51.255448016000102)",Unfall 181223 (2022) Kat:3, Licht: 0,181223,3,6,2,10,14,7,0,0,1,1,0,0,0,0
"POINT (7.099431516000040 51.293570748000000)",Unfall 181226 (2022) Kat:3, Licht: 0,181226,3,3,5,10,16,3,0,0,1,1,0,0,0,0
"POINT (7.145456940000030 51.264888761000101)",Unfall 181244 (2022) Kat:3, Licht: 0,181244,3,3,5,10,07,2,1,0,1,1,0,0,0,0
"POINT (7.148850838000040 51.244773340000101)",Unfall 181267 (2022) Kat:3, Licht: 0,181267,3,3,0,10,13,5,0,0,0,1,0,0,0,0
"POINT (7.136536650000040 51.254950610000002)",Unfall 181356 (2022) Kat:1, Licht: 0,181356,1,4,6,10,12,1,0,0,1,0,1,0,0,0
"POINT (7.143858390000050 51.260570123999997)",Unfall 181422 (2022) Kat:2, Licht: 0,181422,2,4,6,10,19,7,0,0,1,0,1,0,0,0
"POINT (7.207693019000030 51.277936844000102)",Unfall 181427 (2022) Kat:3, Licht: 0,181427,3,3,0,10,15,5,1,0,1,1,0,0,0,0
"POINT (7.189127150000050 51.272875460000101)",Unfall 181430 (2022) Kat:3, Licht: 0,181430,3,1,0,10,13,5,1,0,0,1,0,0,0,0
"POINT (7.209861101000060 51.277262196999999)",Unfall 181543 (2022) Kat:3, Licht: 0,181543,3,1,0,10,13,7,1,0,1,0,0,0,0,0
"POINT (7.200653610000070 51.271977608000000)",Unfall 181571 (2022) Kat:3, Licht: 0,181571,3,7,6,10,13,2,0,0,0,1,1,0,0,0
"POINT (7.222050114000070 51.265600504000098)",Unfall 181633 (2022) Kat:3, Licht: 0,181633,3,6,4,10,18,3,0,0,1,1,0,0,0,0
"POINT (7.217482821000030 51.281701476000102)",Unfall 181638 (2022) Kat:3, Licht: 0,181638,3,1,0,10,18,5,0,0,0,0,0,0,0,1
"POINT (7.139584011000070 51.180341686000098)",Unfall 181674 (2022) Kat:3, Licht: 0,181674,3,6,6,10,08,1,0,0,0,1,1,0,0,0
"POINT (7.173182253000050 51.263092176000001)",Unfall 181712 (2022) Kat:3, Licht: 0,181712,3,3,5,10,16,3,0,0,1,1,0,0,0,0