WKT,Name,OBJECTID,UKATEGORIE,UTYP1,UART,UMONAT,USTUNDE,UWOCHENTAG,STRZUSTAND,ULICHTVERH,ISTRAD,ISTPKW,ISTFUSS,ISTKRAD,ISTGKFZ,ISTSONSTIG
"POINT (7.206099122000070 51.273377858000103)",Unfall 181733 (2022) Kat:3, Licht: 0,181733,3,6,3,10,12,3,0,0,0,1,0,1,0,0
"POINT (7.084493514000030 51.233567229000101)",Unfall 181743 (2022) Kat:3, Licht: 2,181743,3,6,1,10,05,2,1,2,1,1,0,0,0,0
"POINT (7.149883957000040 51.254897010000001)",Unfall 181789 (2022) Kat:3, Licht: 0,181789,3,4,6,10,15,5,1,0,0,0,1,0,0,1
"POINT (7.191950518000060 51.269400335000100)",Unfall 182176 (2022) Kat:3, Licht: 0,182176,3,7,6,11,09,4,0,0,0,1,1,0,0,0
"POINT (7.150764599000070 51.242773216000003)",Unfall 182212 (2022) Kat:3, Licht: 0,182212,3,7,3,11,10,6,0,0,0,1,0,1,0,0
"POINT (7.201293479000070 51.277552004000000)",Unfall 182302 (2022) Kat:3, Licht: 1,182302,3,2,3,11,16,6,1,1,1,1,0,0,0,0
"POINT (7.198119370000030 51.254263041999998)",Unfall 182534 (2022) Kat:3, Licht: 0,182534,3,6,2,11,09,4,1,0,0,1,0,0,0,1
"POINT (7.160151809000070 51.257087918000103)",Unfall 182566 (2022) Kat:3, Licht: 0,182566,3,7,0,11,13,3,0,0,0,0,1,0,1,1
"POINT (7.198924685000070 51.280815390000001)",Unfall 182631 (2022) Kat:3, Licht: 0,182631,3,2,0,11,14,6,0,0,0,1,0,0,0,1
"POINT (7.197066256000030 51.227787714000002)",Unfall 182675 (2022) Kat:3, Licht: 0,182675,3,7,0,11,13,2,1,0,0,1,0,0,0,0
"POINT (7.131293867000070 51.267068768000101)",Unfall 182717 (2022) Kat:2, Licht: 0,182717,2,4,6,11,08,2,0,0,0,1,1,0,0,0
"POINT (7.140026696000060 51.259974780999997)",Unfall 182718 (2022) Kat:3, Licht: 2,182718,3,1,1,10,05,1,0,2,0,1,0,0,0,0
"POINT (7.213011630000040 51.275108725999999)",Unfall 182785 (2022) Kat:3, Licht: 2,182785,3,6,4,11,21,4,0,2,1,1,0,0,0,0
"POINT (7.231871844000070 51.287141239999997)",Unfall 182863 (2022) Kat:3, Licht: 0,182863,3,3,5,10,14,2,1,0,0,1,0,0,0,0
"POINT (7.226655202000070 51.280181118000002)",Unfall 182992 (2022) Kat:3, Licht: 2,182992,3,1,1,11,17,3,1,2,0,1,0,0,0,0
"POINT (7.216214800000050 51.286605684999998)",Unfall 183054 (2022) Kat:3, Licht: 0,183054,3,7,0,11,20,6,0,0,0,0,0,0,0,1
"POINT (7.119646551000070 51.208091955999997)",Unfall 183166 (2022) Kat:2, Licht: 0,183166,2,1,0,11,15,5,0,0,1,0,0,0,0,0
"POINT (7.167492989000040 51.257132790000099)",Unfall 183172 (2022) Kat:3, Licht: 1,183172,3,3,5,11,17,4,0,1,0,1,0,0,0,0
"POINT (7.151505797000030 51.251521243000099)",Unfall 183175 (2022) Kat:3, Licht: 1,183175,3,4,6,11,16,2,1,1,0,1,1,0,0,0
"POINT (7.139636247000060 51.260171581000101)",Unfall 183260 (2022) Kat:2, Licht: 2,183260,2,2,6,11,20,2,1,2,0,1,1,0,0,0
"POINT (7.074031537000050 51.229910934000003)",Unfall 183333 (2022) Kat:3, Licht: 2,183333,3,7,8,11,16,4,0,2,0,0,0,1,0,0
"POINT (7.065917931000060 51.225969702000000)",Unfall 183335 (2022) Kat:3, Licht: 0,183335,3,6,2,11,10,3,0,0,0,1,0,0,0,0
"POINT (7.149860777000070 51.258187188000100)",Unfall 183377 (2022) Kat:3, Licht: 2,183377,3,1,0,11,17,5,1,2,0,0,0,1,0,0
"POINT (7.130932514000050 51.195778664000002)",Unfall 183395 (2022) Kat:3, Licht: 0,183395,3,5,1,11,12,6,0,0,0,1,0,0,0,0
"POINT (7.229384109000020 51.285370759000003)",Unfall 183442 (2022) Kat:3, Licht: 1,183442,3,2,6,11,16,3,0,1,0,1,1,0,0,0
"POINT (7.204269352000040 51.268852829000103)",Unfall 183445 (2022) Kat:3, Licht: 2,183445,3,3,5,11,07,2,1,2,0,1,0,1,0,0
"POINT (7.111756456000020 51.251114787000098)",Unfall 183451 (2022) Kat:3, Licht: 1,183451,3,4,6,12,07,6,0,1,0,1,1,0,0,0
"POINT (7.149917031000030 51.245661653000099)",Unfall 183515 (2022) Kat:3, Licht: 0,183515,3,7,0,12,15,5,0,0,0,1,0,0,0,0
"POINT (7.228799511000030 51.284432778000102)",Unfall 183584 (2022) Kat:3, Licht: 1,183584,3,5,1,11,15,2,1,1,0,1,0,0,0,0
"POINT (7.128098801000020 51.255624006000097)",Unfall 183622 (2022) Kat:3, Licht: 2,183622,3,6,0,11,17,6,1,2,1,1,0,0,0,0
"POINT (7.183512065000060 51.263945454000101)",Unfall 183769 (2022) Kat:3, Licht: 0,183769,3,2,4,11,12,6,0,0,1,1,0,0,0,0
"POINT (7.217429285000040 51.295236371000001)",Unfall 183846 (2022) Kat:2, Licht: 0,183846,2,5,0,12,08,6,0,0,0,1,0,0,0,0
"POINT (7.208423015000050 51.269712492000103)",Unfall 183894 (2022) Kat:3, Licht: 0,183894,3,3,5,11,10,4,1,0,0,1,0,0,0,0
"POINT (7.188612035000060 51.231133372000002)",Unfall 184009 (2022) Kat:3, Licht: 2,184009,3,6,6,12,22,6,1,2,0,1,1,0,0,0
"POINT (7.185718525000030 51.273071176000002)",Unfall 184102 (2022) Kat:3, Licht: 0,184102,3,1,0,11,11,7,1,0,0,0,0,1,0,0
"POINT (7.145695551000070 51.227494267000097)",Unfall 184204 (2022) Kat:3, Licht: 2,184204,3,3,5,11,17,4,1,2,0,1,0,0,0,0
"POINT (7.149996811000050 51.228708595999997)",Unfall 184443 (2022) Kat:2, Licht: 2,184443,2,2,6,12,19,5,0,2,0,1,1,0,0,0
"POINT (7.154441474000070 51.269960535999999)",Unfall 184614 (2022) Kat:3, Licht: 2,184614,3,3,5,12,19,4,0,2,0,1,0,0,0,0
"POINT (7.190231298000070 51.267727728000096)",Unfall 184620 (2022) Kat:3, Licht: 1,184620,3,4,6,12,07,4,1,1,0,1,1,0,0,0
"POINT (7.235066966000030 51.289987322999998)",Unfall 184678 (2022) Kat:3, Licht: 0,184678,3,6,6,12,09,6,1,0,0,1,1,0,0,0
"POINT (7.150715847000070 51.215445315000103)",Unfall 184776 (2022) Kat:3, Licht: 0,184776,3,6,2,12,10,5,0,0,0,1,0,0,0,0
"POINT (7.155441711000040 51.253461579000003)",Unfall 184777 (2022) Kat:3, Licht: 0,184777,3,7,6,12,11,3,1,0,0,0,1,0,0,1
"POINT (7.222731553000070 51.274703929000097)",Unfall 184903 (2022) Kat:3, Licht: 2,184903,3,7,6,12,19,5,1,2,0,1,1,0,0,0
"POINT (7.181542775000030 51.264366271000000)",Unfall 185059 (2022) Kat:3, Licht: 1,185059,3,4,6,12,08,5,1,1,0,1,1,0,0,0
"POINT (7.106855468000050 51.256337954000102)",Unfall 185063 (2022) Kat:3, Licht: 0,185063,3,1,5,12,16,5,0,0,0,1,0,0,0,0
"POINT (7.159884291000030 51.266921243000098)",Unfall 185096 (2022) Kat:3, Licht: 1,185096,3,6,0,12,16,7,2,1,0,1,0,1,0,0
"POINT (7.200350235000030 51.270044585999997)",Unfall 185131 (2022) Kat:3, Licht: 0,185131,3,6,3,12,13,2,0,0,0,1,0,0,0,0
"POINT (7.211704182000060 51.275255313999999)",Unfall 185244 (2022) Kat:3, Licht: 2,185244,3,3,5,12,20,2,0,2,1,1,0,0,0,0
"POINT (7.232944392000040 51.285722502000098)",Unfall 185262 (2022) Kat:3, Licht: 0,185262,3,6,5,12,13,1,1,0,0,1,0,1,0,0
"POINT (7.206484744000022 51.266445781000073)",Unfall 22426 (2023) Kat:3, Licht: 2,22426,3,1,8,01,05,1,0,2,0,1,0,0,0,0
"POINT (7.161425693000069 51.267170924000027)",Unfall 24215 (2023) Kat:3, Licht: 2,24215,3,3,5,01,01,1,0,2,0,1,0,0,0,0
"POINT (7.182675078000045 51.279660635000027)",Unfall 25665 (2023) Kat:3, Licht: 2,25665,3,6,2,01,16,2,1,2,0,1,0,0,0,0
"POINT (7.205424682000057 51.279403249000040)",Unfall 25666 (2023) Kat:3, Licht: 0,25666,3,6,9,01,14,2,0,0,0,1,0,0,0,0
"POINT (7.091405213000030 51.247864028000038)",Unfall 25683 (2023) Kat:3, Licht: 0,25683,3,6,1,01,08,2,0,0,0,1,0,0,0,0
"POINT (7.155547276000050 51.270793289000039)",Unfall 25684 (2023) Kat:3, Licht: 0,25684,3,6,2,01,15,2,1,0,0,1,0,0,0,0
"POINT (7.242594243000042 51.274149901000044)",Unfall 25906 (2023) Kat:2, Licht: 0,25906,2,1,0,01,10,6,1,0,1,0,0,0,0,0
"POINT (7.136223071000074 51.262716464000050)",Unfall 25907 (2023) Kat:3, Licht: 2,25907,3,4,6,01,07,6,1,2,0,1,1,0,0,0
"POINT (7.228185589000020 51.270324625000057)",Unfall 25979 (2023) Kat:3, Licht: 0,25979,3,2,6,01,13,2,0,0,0,1,1,0,0,0
"POINT (7.256696535000060 51.276129032000028)",Unfall 26037 (2023) Kat:3, Licht: 1,26037,3,3,5,01,16,5,1,1,0,1,0,0,0,0
"POINT (7.201469337000049 51.269804772000043)",Unfall 26302 (2023) Kat:2, Licht: 0,26302,2,7,3,01,14,3,0,0,0,1,0,1,0,0
"POINT (7.131677656000022 51.254702756000029)",Unfall 26303 (2023) Kat:3, Licht: 0,26303,3,7,6,01,09,3,0,0,0,0,1,0,0,1
"POINT (7.235804463000022 51.273368128000072)",Unfall 26402 (2023) Kat:2, Licht: 2,26402,2,4,6,01,18,2,1,2,0,1,1,0,0,0
"POINT (7.067851706000056 51.230174232000081)",Unfall 26403 (2023) Kat:2, Licht: 0,26403,2,2,6,01,14,2,0,0,0,0,1,0,0,1
"POINT (7.130260884000052 51.252037159000054)",Unfall 26405 (2023) Kat:2, Licht: 1,26405,2,6,2,01,17,2,1,1,0,1,0,0,0,0
"POINT (7.221312056000045 51.275372041000026)",Unfall 26539 (2023) Kat:3, Licht: 2,26539,3,3,5,01,17,7,0,2,0,1,0,0,0,1
"POINT (7.234383580000042 51.276850934000038)",Unfall 26540 (2023) Kat:3, Licht: 0,26540,3,6,2,01,14,7,0,0,0,1,0,0,0,0
"POINT (7.178831031000072 51.263481023000054)",Unfall 26617 (2023) Kat:2, Licht: 0,26617,2,4,6,01,13,6,1,0,0,1,1,0,0,0
"POINT (7.091378041000041 51.232298898000067)",Unfall 26627 (2023) Kat:3, Licht: 2,26627,3,6,3,01,18,6,1,2,0,1,0,0,0,0
"POINT (7.149133104000043 51.257408965000081)",Unfall 26785 (2023) Kat:3, Licht: 2,26785,3,2,6,01,20,4,1,2,0,1,1,0,0,0
"POINT (7.149500498000066 51.216667311000037)",Unfall 26922 (2023) Kat:3, Licht: 0,26922,3,1,8,02,14,7,0,0,0,1,0,0,0,0
"POINT (7.124674572000060 51.297685005000062)",Unfall 26923 (2023) Kat:3, Licht: 0,26923,3,6,4,02,14,7,0,0,0,1,0,0,0,0
"POINT (7.161049477000063 51.271769573000029)",Unfall 26995 (2023) Kat:3, Licht: 0,26995,3,6,2,02,15,6,1,0,0,1,0,0,0,0
"POINT (7.171498402000054 51.289307300000075)",Unfall 27077 (2023) Kat:2, Licht: 1,27077,2,4,6,02,07,5,1,1,0,1,1,0,0,0
"POINT (7.072102545000064 51.251137952000079)",Unfall 27078 (2023) Kat:3, Licht: 1,27078,3,3,0,02,08,5,0,1,1,1,0,0,0,0
"POINT (7.262038425000071 51.300848556000062)",Unfall 27164 (2023) Kat:2, Licht: 0,27164,2,1,0,02,13,4,1,0,0,1,0,0,0,0
"POINT (7.073248992000060 51.266363163000051)",Unfall 27165 (2023) Kat:3, Licht: 2,27165,3,1,9,02,21,4,2,2,0,1,0,0,0,0
"POINT (7.169183996000072 51.291003048000050)",Unfall 27238 (2023) Kat:3, Licht: 2,27238,3,4,6,01,17,3,1,2,0,1,1,0,0,0
"POINT (7.087490879000029 51.256567241000027)",Unfall 27245 (2023) Kat:3, Licht: 2,27245,3,6,3,01,05,3,1,2,0,1,0,0,1,0
"POINT (7.216485347000059 51.302649252000037)",Unfall 27333 (2023) Kat:3, Licht: 2,27333,3,4,6,01,06,2,1,2,0,1,1,0,0,0
"POINT (7.245560980000050 51.280957454000031)",Unfall 27433 (2023) Kat:3, Licht: 2,27433,3,7,9,01,01,7,0,2,0,1,0,0,0,0
"POINT (7.182654852000042 51.279000792000033)",Unfall 27584 (2023) Kat:2, Licht: 2,27584,2,4,6,01,21,5,2,2,0,1,1,0,0,0
"POINT (7.071558666000044 51.218665045000080)",Unfall 27585 (2023) Kat:3, Licht: 2,27585,3,4,0,01,20,5,1,2,0,0,1,0,0,1
"POINT (7.229531773000076 51.239273308000065)",Unfall 27762 (2023) Kat:3, Licht: 2,27762,3,6,2,01,18,3,1,2,0,1,0,0,0,0
"POINT (7.224439836000045 51.270903158000067)",Unfall 27763 (2023) Kat:2, Licht: 0,27763,2,2,0,01,09,3,0,0,0,1,1,0,0,0
"POINT (7.184819805000075 51.278680049000059)",Unfall 27765 (2023) Kat:3, Licht: 0,27765,3,6,2,01,15,3,0,0,0,1,0,0,0,0
"POINT (7.094897209000067 51.237340783000036)",Unfall 27766 (2023) Kat:3, Licht: 0,27766,3,6,3,01,11,3,0,0,0,1,0,0,1,0
"POINT (7.153124103000039 51.258890697000027)",Unfall 27847 (2023) Kat:3, Licht: 2,27847,3,3,5,01,18,3,1,2,1,1,0,0,0,0
"POINT (7.110999779000053 51.256883570000070)",Unfall 27848 (2023) Kat:3, Licht: 2,27848,3,6,2,01,06,2,0,2,0,1,0,0,0,0
"POINT (7.201624787000071 51.291651448000039)",Unfall 27893 (2023) Kat:3, Licht: 0,27893,3,5,3,01,15,1,1,0,0,1,0,0,0,1
"POINT (7.174807813000029 51.259757758000035)",Unfall 27894 (2023) Kat:3, Licht: 2,27894,3,2,6,01,18,1,1,2,0,1,1,0,0,0
"POINT (7.210063830000024 51.274030726000035)",Unfall 27943 (2023) Kat:3, Licht: 0,27943,3,6,1,01,13,7,0,0,0,1,0,0,0,0
"POINT (7.230490550000070 51.275991125000075)",Unfall 28032 (2023) Kat:2, Licht: 2,28032,2,2,5,01,05,6,1,2,0,1,0,1,0,0
"POINT (7.212707322000028 51.271423915000071)",Unfall 28033 (2023) Kat:3, Licht: 2,28033,3,6,3,01,21,6,2,2,0,1,0,0,0,0
"POINT (7.106665102000022 51.232209339000065)",Unfall 28186 (2023) Kat:3, Licht: 0,28186,3,7,1,01,14,5,1,0,0,1,0,0,0,0
"POINT (7.196576293000021 51.270242714000062)",Unfall 28323 (2023) Kat:3, Licht: 0,28323,3,6,2,01,08,4,0,0,0,1,0,0,0,0
"POINT (7.140475394000021 51.254644843000051)",Unfall 28324 (2023) Kat:3, Licht: 1,28324,3,1,0,01,18,4,0,1,1,0,0,0,0,0
"POINT (7.261797565000052 51.284614572000066)",Unfall 28328 (2023) Kat:3, Licht: 0,28328,3,6,2,01,14,4,0,0,0,1,0,0,0,0
"POINT (7.237252984000065 51.270231864000039)",Unfall 28449 (2023) Kat:3, Licht: 2,28449,3,6,2,01,16,3,0,2,0,1,0,0,0,0
"POINT (7.152560390000076 51.245179928000027)",Unfall 28450 (2023) Kat:3, Licht: 0,28450,3,6,3,01,17,3,0,0,0,1,0,0,0,1
"POINT (7.157341988000042 51.302059181000061)",Unfall 28451 (2023) Kat:3, Licht: 2,28451,3,4,6,01,17,3,1,2,0,0,1,1,0,0
"POINT (7.202913439000042 51.275861070000076)",Unfall 28546 (2023) Kat:2, Licht: 0,28546,2,7,0,03,17,2,1,0,0,0,0,1,0,0
"POINT (7.201143476000027 51.219438215000082)",Unfall 28582 (2023) Kat:3, Licht: 2,28582,3,7,0,03,03,1,1,2,0,0,0,1,0,0
"POINT (7.247837500000060 51.290351359000056)",Unfall 28583 (2023) Kat:3, Licht: 2,28583,3,1,8,03,23,1,2,2,0,1,0,0,0,0
"POINT (7.144930642000077 51.253262302000053)",Unfall 28674 (2023) Kat:2, Licht: 0,28674,2,7,0,03,13,6,0,0,0,1,0,0,0,0
"POINT (7.147903450000058 51.266756951000048)",Unfall 28675 (2023) Kat:3, Licht: 0,28675,3,5,1,03,13,6,0,0,1,1,0,0,0,0
"POINT (7.150725438000052 51.274181047000070)",Unfall 28753 (2023) Kat:2, Licht: 0,28753,2,4,6,03,08,5,0,0,0,1,1,0,0,0
"POINT (7.105582570000024 51.245775177000041)",Unfall 28754 (2023) Kat:3, Licht: 0,28754,3,6,2,03,11,5,0,0,0,1,0,0,0,0
"POINT (7.143415887000060 51.248468150000065)",Unfall 29002 (2023) Kat:3, Licht: 0,29002,3,6,3,02,15,2,0,0,0,1,0,0,0,0
"POINT (7.174604814000077 51.262142134000044)",Unfall 29047 (2023) Kat:2, Licht: 0,29047,2,6,1,02,17,1,0,0,0,1,0,0,0,0
"POINT (7.097560848000057 51.237189674000035)",Unfall 29099 (2023) Kat:3, Licht: 0,29099,3,6,2,02,12,7,1,0,0,1,0,0,0,1
"POINT (7.222978340000054 51.275454092000075)",Unfall 29100 (2023) Kat:3, Licht: 0,29100,3,2,6,02,16,7,0,0,0,1,1,0,0,0
"POINT (7.093383384000049 51.255949643000065)",Unfall 29182 (2023) Kat:3, Licht: 0,29182,3,6,2,02,13,6,1,0,0,1,0,0,0,0
"POINT (7.166373590000035 51.258184878000066)",Unfall 29210 (2023) Kat:3, Licht: 0,29210,3,6,2,02,13,2,0,0,1,1,0,0,0,0
"POINT (7.156876290000071 51.257699553000066)",Unfall 29263 (2023) Kat:3, Licht: 0,29263,3,3,0,02,11,5,0,0,0,1,0,0,0,1
"POINT (7.097690722000038 51.237244478000036)",Unfall 29265 (2023) Kat:3, Licht: 2,29265,3,2,6,02,06,5,1,2,0,1,1,0,0,0
"POINT (7.229756641000051 51.241541626000071)",Unfall 29281 (2023) Kat:3, Licht: 2,29281,3,7,8,02,19,5,1,2,0,0,0,0,1,0
"POINT (7.217381196000076 51.271135864000030)",Unfall 29360 (2023) Kat:3, Licht: 0,29360,3,5,1,02,13,4,0,0,0,0,0,1,0,1
"POINT (7.148490327000047 51.270217136000042)",Unfall 29361 (2023) Kat:3, Licht: 2,29361,3,6,3,02,18,4,0,2,0,1,0,0,0,0
"POINT (7.209588655000061 51.271177997000052)",Unfall 29436 (2023) Kat:3, Licht: 0,29436,3,2,5,02,08,3,0,0,1,1,0,0,0,0
"POINT (7.179933567000035 51.263836256000047)",Unfall 29546 (2023) Kat:3, Licht: 0,29546,3,6,2,02,14,1,1,0,0,1,0,0,0,0
"POINT (7.234652775000029 51.276937932000067)",Unfall 29557 (2023) Kat:3, Licht: 0,29557,3,7,3,02,12,1,0,0,0,1,0,0,0,1
"POINT (7.139117377000048 51.254435511000054)",Unfall 29600 (2023) Kat:3, Licht: 0,29600,3,1,3,02,14,7,1,0,0,1,0,0,0,1
"POINT (7.179635533000067 51.279670590000080)",Unfall 29663 (2023) Kat:3, Licht: 0,29663,3,3,3,03,11,4,0,0,0,1,0,0,1,0
"POINT (7.210669626000026 51.271311877000073)",Unfall 29678 (2023) Kat:3, Licht: 0,29678,3,7,3,02,08,6,1,0,0,1,0,1,0,0
"POINT (7.128343914000027 51.251149995000048)",Unfall 29679 (2023) Kat:3, Licht: 0,29679,3,1,0,02,16,6,1,0,0,0,0,1,0,0
"POINT (7.152835680000067 51.244940439000061)",Unfall 29680 (2023) Kat:3, Licht: 0,29680,3,1,0,02,12,6,1,0,1,0,0,0,0,0
"POINT (7.237641078000024 51.309440807000044)",Unfall 29854 (2023) Kat:3, Licht: 0,29854,3,6,2,03,11,4,0,0,0,1,0,0,0,0
"POINT (7.151481115000024 51.255413542000042)",Unfall 29877 (2023) Kat:3, Licht: 0,29877,3,4,0,02,18,4,0,0,0,0,1,0,0,1
"POINT (7.147634720000042 51.263965825000071)",Unfall 30006 (2023) Kat:3, Licht: 0,30006,3,5,0,02,16,3,0,0,0,0,0,1,0,1
"POINT (7.259481655000059 51.278961370000047)",Unfall 30032 (2023) Kat:2, Licht: 0,30032,2,6,2,02,16,3,0,0,0,1,0,0,1,0
"POINT (7.230951794000021 51.256889983000065)",Unfall 30146 (2023) Kat:3, Licht: 0,30146,3,6,0,02,15,2,0,0,0,1,0,0,0,0
"POINT (7.062969354000074 51.251920308000081)",Unfall 30219 (2023) Kat:2, Licht: 1,30219,2,4,6,02,07,3,0,1,0,1,1,0,0,0
"POINT (7.195068085000059 51.271446414000081)",Unfall 30281 (2023) Kat:3, Licht: 0,30281,3,6,3,02,09,7,1,0,0,1,0,1,0,0
"POINT (7.187650102000021 51.266254149000076)",Unfall 30394 (2023) Kat:3, Licht: 0,30394,3,6,1,02,08,6,0,0,0,1,0,0,0,0
"POINT (7.222155365000049 51.271109311000032)",Unfall 30514 (2023) Kat:2, Licht: 0,30514,2,4,6,02,10,5,0,0,0,1,1,0,0,0
"POINT (7.242927279000071 51.280982557000073)",Unfall 30621 (2023) Kat:3, Licht: 1,30621,3,5,1,02,08,4,0,1,1,0,0,0,0,1
"POINT (7.197651007000047 51.272445344000062)",Unfall 30647 (2023) Kat:3, Licht: 0,30647,3,1,0,02,11,3,1,0,0,0,0,1,0,0
"POINT (7.128620583000043 51.251278400000047)",Unfall 30696 (2023) Kat:3, Licht: 0,30696,3,3,5,02,16,6,0,0,0,1,0,0,0,1
"POINT (7.204988537000077 51.270380743000032)",Unfall 30886 (2023) Kat:3, Licht: 2,30886,3,3,5,03,19,2,0,2,0,1,0,0,0,0
"POINT (7.131529803000035 51.254994038000063)",Unfall 30943 (2023) Kat:3, Licht: 2,30943,3,5,1,03,22,1,0,2,0,1,0,0,0,0
"POINT (7.198107220000054 51.281217574000038)",Unfall 31102 (2023) Kat:2, Licht: 2,31102,2,5,1,03,23,6,1,2,0,1,0,1,0,0
"POINT (7.214357368000037 51.282753559000071)",Unfall 31103 (2023) Kat:2, Licht: 0,31103,2,4,6,03,15,6,0,0,0,1,1,0,0,0
"POINT (7.186113956000042 51.277127469000050)",Unfall 31258 (2023) Kat:3, Licht: 0,31258,3,6,2,03,12,7,0,0,0,1,0,0,0,0
"POINT (7.178635216000032 51.272856901000068)",Unfall 31269 (2023) Kat:3, Licht: 0,31269,3,3,5,03,10,4,1,0,0,1,0,1,0,0
"POINT (7.231362270000034 51.235376315000053)",Unfall 31274 (2023) Kat:3, Licht: 0,31274,3,7,8,03,12,4,0,0,0,1,0,0,0,0
"POINT (7.193993197000054 51.272510826000030)",Unfall 31437 (2023) Kat:3, Licht: 2,31437,3,3,5,03,19,2,0,2,0,1,0,0,0,0
"POINT (7.064425216000075 51.229292382000040)",Unfall 31438 (2023) Kat:2, Licht: 2,31438,2,4,6,03,20,2,0,2,0,1,1,0,0,0
"POINT (7.040376809000065 51.215367371000070)",Unfall 31499 (2023) Kat:2, Licht: 0,31499,2,1,9,03,09,1,1,0,0,1,0,0,0,0
"POINT (7.095306622000066 51.261614989000066)",Unfall 31500 (2023) Kat:3, Licht: 2,31500,3,1,8,03,03,1,0,2,0,1,0,0,0,1
"POINT (7.134702860000061 51.263524490000066)",Unfall 31558 (2023) Kat:2, Licht: 0,31558,2,4,6,03,12,7,0,0,0,1,1,0,0,0
"POINT (7.150660301000073 51.227373122000074)",Unfall 31661 (2023) Kat:3, Licht: 2,31661,3,5,7,03,19,6,2,2,0,1,0,0,0,1
"POINT (7.222285487000022 51.275313109000081)",Unfall 31758 (2023) Kat:3, Licht: 0,31758,3,4,6,03,14,5,1,0,0,0,1,0,0,1
"POINT (7.072776803000068 51.252169956000046)",Unfall 31759 (2023) Kat:3, Licht: 2,31759,3,6,2,03,21,5,1,2,0,1,0,0,0,0
"POINT (7.156826409000075 51.257711577000066)",Unfall 31760 (2023) Kat:3, Licht: 2,31760,3,3,5,03,20,5,1,2,1,1,0,0,0,0
"POINT (7.117788826000037 51.261487117000058)",Unfall 31878 (2023) Kat:3, Licht: 1,31878,3,6,2,03,06,4,1,1,0,1,0,0,0,0
"POINT (7.164846100000034 51.298945547000073)",Unfall 31879 (2023) Kat:3, Licht: 0,31879,3,7,4,03,10,4,2,0,0,1,0,0,0,0
"POINT (7.146975968000049 51.233918748000065)",Unfall 31880 (2023) Kat:3, Licht: 0,31880,3,4,6,03,14,4,1,0,0,0,1,0,0,1
"POINT (7.139833360000068 51.254433736000067)",Unfall 31988 (2023) Kat:3, Licht: 2,31988,3,2,3,03,18,3,1,2,0,1,0,0,0,0
"POINT (7.138211050000052 51.209736662000068)",Unfall 31989 (2023) Kat:3, Licht: 0,31989,3,6,6,03,15,3,2,0,0,0,1,0,0,1
"POINT (7.170558354000036 51.275404379000065)",Unfall 32011 (2023) Kat:3, Licht: 0,32011,3,6,2,04,16,2,0,0,0,1,0,0,0,0
"POINT (7.160682599000040 51.250986125000054)",Unfall 32051 (2023) Kat:3, Licht: 0,32051,3,2,3,04,18,1,0,0,0,1,0,0,0,0
"POINT (7.217414038000072 51.221427527000060)",Unfall 32104 (2023) Kat:2, Licht: 0,32104,2,1,0,04,17,7,0,0,0,0,0,0,0,1
"POINT (7.155333036000059 51.256142387000068)",Unfall 32105 (2023) Kat:3, Licht: 0,32105,3,6,2,04,13,7,0,0,0,1,0,0,0,0
"POINT (7.141208638000023 51.251634002000060)",Unfall 32137 (2023) Kat:3, Licht: 0,32137,3,3,0,04,17,6,1,0,0,1,0,0,0,0
"POINT (7.144809163000048 51.260963343000071)",Unfall 32138 (2023) Kat:3, Licht: 0,32138,3,3,5,04,15,6,1,0,0,1,0,0,0,0
"POINT (7.198476372000073 51.272985984000059)",Unfall 32199 (2023) Kat:3, Licht: 0,32199,3,3,5,04,13,5,0,0,0,1,0,1,0,0
"POINT (7.058485475000055 51.226115290000052)",Unfall 32200 (2023) Kat:3, Licht: 0,32200,3,7,0,04,18,5,1,0,1,0,0,0,0,1
"POINT (7.146609038000065 51.261035369000069)",Unfall 32201 (2023) Kat:2, Licht: 2,32201,2,4,6,04,21,5,1,2,0,1,1,0,0,0
"POINT (7.132102172000032 51.259553593000078)",Unfall 32291 (2023) Kat:3, Licht: 1,32291,3,6,3,04,19,4,0,1,0,1,0,0,0,0
"POINT (7.147617003000050 51.263988324000081)",Unfall 32383 (2023) Kat:3, Licht: 0,32383,3,7,0,04,17,3,0,0,0,1,0,1,0,0
"POINT (7.092794754000067 51.239891326000077)",Unfall 32396 (2023) Kat:3, Licht: 0,32396,3,6,2,04,15,3,0,0,0,1,0,0,1,0
"POINT (7.146870632000059 51.254922481000051)",Unfall 32481 (2023) Kat:3, Licht: 1,32481,3,6,2,04,20,2,0,1,0,1,0,0,0,0
"POINT (7.052456987000028 51.210590012000068)",Unfall 32530 (2023) Kat:3, Licht: 0,32530,3,7,0,04,17,7,0,0,1,1,0,0,0,0
"POINT (7.253070099000070 51.283300425000050)",Unfall 32541 (2023) Kat:3, Licht: 0,32541,3,7,8,04,09,1,0,0,0,0,0,1,0,0
"POINT (7.201505888000042 51.270622217000039)",Unfall 32601 (2023) Kat:3, Licht: 0,32601,3,6,2,04,15,7,1,0,0,1,0,0,0,0
"POINT (7.195626214000072 51.270958605000033)",Unfall 32603 (2023) Kat:3, Licht: 1,32603,3,6,3,04,19,7,1,1,0,1,0,0,0,0
"POINT (7.151799830000073 51.224327190000054)",Unfall 32604 (2023) Kat:3, Licht: 1,32604,3,6,0,04,19,7,1,1,0,1,0,0,0,0