WKT,Name,OBJECTID,UKATEGORIE,UTYP1,UART,UMONAT,USTUNDE,UWOCHENTAG,STRZUSTAND,ULICHTVERH,ISTRAD,ISTPKW,ISTFUSS,ISTKRAD,ISTGKFZ,ISTSONSTIG
"POINT (7.155883081000070 51.257819825000070)",Unfall 32605 (2023) Kat:3, Licht: 0,32605,3,2,5,04,16,7,1,0,0,1,0,0,0,0
"POINT (7.153888681000069 51.253613821000044)",Unfall 32606 (2023) Kat:3, Licht: 0,32606,3,6,5,04,14,7,1,0,0,1,0,0,0,1
"POINT (7.093267798000056 51.237077816000067)",Unfall 32615 (2023) Kat:3, Licht: 2,32615,3,1,8,04,23,7,1,2,0,1,0,0,0,0
"POINT (7.234682961000033 51.228394178000030)",Unfall 32622 (2023) Kat:3, Licht: 0,32622,3,6,2,04,14,3,0,0,0,1,0,0,0,0
"POINT (7.140790863000063 51.267333368000038)",Unfall 32686 (2023) Kat:3, Licht: 0,32686,3,6,2,04,17,3,0,0,0,1,0,0,0,0
"POINT (7.205996509000045 51.216264148000050)",Unfall 32691 (2023) Kat:3, Licht: 0,32691,3,5,2,03,14,6,1,0,0,1,0,0,1,0
"POINT (7.093678173000058 51.241575560000058)",Unfall 32701 (2023) Kat:3, Licht: 0,32701,3,6,2,03,16,6,1,0,0,1,0,0,0,0
"POINT (7.128448879000075 51.251198710000040)",Unfall 32899 (2023) Kat:3, Licht: 0,32899,3,3,5,03,15,4,0,0,0,1,0,1,0,0
"POINT (7.086697548000075 51.270623938000028)",Unfall 32900 (2023) Kat:3, Licht: 0,32900,3,1,8,03,11,4,0,0,0,1,0,0,0,0
"POINT (7.156917377000070 51.235866656000042)",Unfall 32915 (2023) Kat:3, Licht: 0,32915,3,1,9,03,14,4,0,0,0,0,0,1,0,0
"POINT (7.116317934000051 51.275572396000030)",Unfall 32929 (2023) Kat:3, Licht: 0,32929,3,3,5,04,11,4,0,0,0,1,0,0,0,0
"POINT (7.151105117000043 51.256300454000041)",Unfall 33001 (2023) Kat:3, Licht: 0,33001,3,6,2,03,08,3,0,0,0,1,0,0,0,0
"POINT (7.149074395000071 51.257442874000049)",Unfall 33031 (2023) Kat:3, Licht: 0,33031,3,2,5,04,11,2,0,0,0,1,0,1,0,0
"POINT (7.248448376000056 51.312329500000033)",Unfall 33123 (2023) Kat:3, Licht: 0,33123,3,7,0,03,16,2,1,0,0,1,0,1,0,0
"POINT (7.199180148000039 51.270009515000027)",Unfall 33124 (2023) Kat:3, Licht: 0,33124,3,6,3,03,18,2,0,0,0,1,0,0,0,0
"POINT (7.179867719000072 51.274324027000034)",Unfall 33126 (2023) Kat:3, Licht: 0,33126,3,6,1,03,15,2,1,0,0,1,0,0,0,1
"POINT (7.185962183000072 51.265684276000059)",Unfall 33268 (2023) Kat:3, Licht: 0,33268,3,6,2,03,18,7,1,0,0,1,0,0,0,0
"POINT (7.070372768000027 51.232324707000032)",Unfall 33270 (2023) Kat:3, Licht: 0,33270,3,1,0,03,16,7,1,0,1,0,0,0,0,0
"POINT (7.212187254000071 51.235675710000066)",Unfall 33475 (2023) Kat:3, Licht: 2,33475,3,6,1,03,22,5,1,2,0,1,0,0,0,0
"POINT (7.183500711000022 51.278769816000079)",Unfall 33707 (2023) Kat:3, Licht: 0,33707,3,6,2,05,08,5,0,0,0,1,0,0,0,0
"POINT (7.202003293000075 51.289064535000080)",Unfall 33721 (2023) Kat:3, Licht: 0,33721,3,6,2,05,15,5,0,0,0,1,0,0,0,0
"POINT (7.128555284000072 51.264830631000052)",Unfall 33919 (2023) Kat:3, Licht: 0,33919,3,6,2,05,07,3,1,0,0,1,0,0,0,0
"POINT (7.198074456000029 51.268941632000065)",Unfall 33974 (2023) Kat:3, Licht: 0,33974,3,1,9,05,19,2,0,0,0,1,0,0,0,0
"POINT (7.065911676000042 51.233891549000077)",Unfall 33975 (2023) Kat:3, Licht: 0,33975,3,7,6,05,11,2,0,0,0,1,1,0,0,0
"POINT (7.203660975000048 51.225842294000074)",Unfall 33987 (2023) Kat:3, Licht: 0,33987,3,3,0,05,16,5,0,0,1,1,0,0,0,0
"POINT (7.197409343000061 51.269923253000059)",Unfall 34074 (2023) Kat:3, Licht: 0,34074,3,6,1,04,14,1,0,0,0,1,0,0,0,0
"POINT (7.209034235000047 51.271106656000029)",Unfall 34141 (2023) Kat:3, Licht: 0,34141,3,2,5,04,13,7,1,0,0,1,0,0,0,0
"POINT (7.271068067000044 51.278662898000050)",Unfall 34222 (2023) Kat:3, Licht: 0,34222,3,3,5,04,08,6,1,0,0,1,0,0,0,0
"POINT (7.160770586000069 51.252852700000062)",Unfall 34224 (2023) Kat:2, Licht: 2,34224,2,1,9,04,03,6,1,2,0,1,0,0,0,0
"POINT (7.182493230000034 51.265164942000069)",Unfall 34319 (2023) Kat:3, Licht: 0,34319,3,6,0,04,17,5,0,0,0,1,0,0,0,0
"POINT (7.227720162000026 51.286752401000058)",Unfall 34320 (2023) Kat:3, Licht: 0,34320,3,6,0,04,15,5,0,0,1,0,0,0,0,0
"POINT (7.231491648000031 51.256375824000031)",Unfall 34322 (2023) Kat:3, Licht: 0,34322,3,3,5,04,17,5,0,0,1,1,0,0,0,0
"POINT (7.149238027000024 51.249784052000052)",Unfall 34323 (2023) Kat:3, Licht: 0,34323,3,6,3,04,12,5,0,0,0,1,0,1,0,0
"POINT (7.180550287000074 51.267645699000070)",Unfall 34411 (2023) Kat:3, Licht: 0,34411,3,1,6,04,18,4,0,0,1,0,1,0,0,0
"POINT (7.148788408000030 51.216263438000055)",Unfall 34496 (2023) Kat:2, Licht: 0,34496,2,7,3,04,15,3,0,0,0,1,0,1,0,0
"POINT (7.052592101000073 51.233741401000032)",Unfall 34497 (2023) Kat:2, Licht: 2,34497,2,7,8,04,22,3,0,2,0,1,0,0,0,0
"POINT (7.225223846000063 51.248684614000069)",Unfall 34508 (2023) Kat:3, Licht: 0,34508,3,1,8,04,05,3,0,0,0,1,0,0,1,0
"POINT (7.147731503000045 51.263670989000047)",Unfall 34675 (2023) Kat:3, Licht: 0,34675,3,7,3,04,17,1,1,0,0,1,0,0,0,1
"POINT (7.167001932000062 51.297646699000040)",Unfall 34759 (2023) Kat:3, Licht: 0,34759,3,5,1,04,15,7,0,0,0,1,0,0,0,0
"POINT (7.068073447000074 51.233300564000047)",Unfall 34760 (2023) Kat:3, Licht: 1,34760,3,3,5,04,05,7,0,1,1,1,0,0,0,0
"POINT (7.094702716000029 51.237349965000078)",Unfall 34868 (2023) Kat:3, Licht: 0,34868,3,6,2,04,12,6,0,0,0,1,0,0,0,0
"POINT (7.070057547000033 51.240086828000074)",Unfall 34869 (2023) Kat:2, Licht: 2,34869,2,2,5,04,21,6,1,2,0,1,0,0,0,0
"POINT (7.225427036000042 51.251779206000037)",Unfall 34879 (2023) Kat:3, Licht: 0,34879,3,6,3,04,09,6,0,0,0,1,0,0,0,0
"POINT (7.178654275000042 51.242682418000072)",Unfall 34880 (2023) Kat:3, Licht: 0,34880,3,6,0,04,16,6,0,0,0,1,0,0,0,1
"POINT (7.133089883000025 51.168894573000046)",Unfall 34951 (2023) Kat:3, Licht: 2,34951,3,6,4,04,22,6,1,2,0,1,0,0,0,0
"POINT (7.234685460000037 51.306294787000070)",Unfall 34985 (2023) Kat:3, Licht: 0,34985,3,7,8,05,12,4,0,0,0,1,0,0,0,0
"POINT (7.201899701000059 51.290999466000073)",Unfall 34988 (2023) Kat:3, Licht: 0,34988,3,7,5,04,14,5,0,0,0,1,0,0,0,0
"POINT (7.143248276000065 51.246674692000056)",Unfall 34989 (2023) Kat:3, Licht: 0,34989,3,3,5,04,07,5,1,0,0,1,1,0,0,0
"POINT (7.148498104000055 51.269967239000039)",Unfall 35110 (2023) Kat:2, Licht: 0,35110,2,6,2,04,14,4,0,0,0,1,0,0,0,1
"POINT (7.200222789000065 51.270326760000046)",Unfall 35171 (2023) Kat:3, Licht: 0,35171,3,3,0,05,05,5,0,0,1,1,0,0,0,0
"POINT (7.207340813000030 51.267661715000031)",Unfall 35248 (2023) Kat:3, Licht: 0,35248,3,4,6,04,07,3,0,0,0,1,1,0,0,0
"POINT (7.088882823000063 51.254011891000061)",Unfall 35266 (2023) Kat:3, Licht: 0,35266,3,6,2,04,07,3,0,0,0,1,0,0,0,0
"POINT (7.202984180000044 51.270865474000061)",Unfall 35377 (2023) Kat:2, Licht: 0,35377,2,7,0,04,17,2,0,0,0,0,0,1,0,0
"POINT (7.128595209000025 51.264845238000078)",Unfall 35390 (2023) Kat:3, Licht: 0,35390,3,6,2,04,07,2,0,0,0,1,0,0,0,0
"POINT (7.169339439000055 51.260500061000073)",Unfall 35608 (2023) Kat:3, Licht: 0,35608,3,6,2,04,12,6,1,0,0,1,0,0,0,0
"POINT (7.233690055000068 51.272960809000040)",Unfall 35610 (2023) Kat:3, Licht: 0,35610,3,4,6,04,10,6,0,0,0,1,1,0,0,0
"POINT (7.094644156000072 51.238919658000043)",Unfall 35620 (2023) Kat:3, Licht: 2,35620,3,1,9,04,21,6,0,2,0,0,0,1,0,0
"POINT (7.212468215000058 51.235694903000081)",Unfall 35704 (2023) Kat:3, Licht: 0,35704,3,2,3,04,18,5,0,0,0,1,0,0,0,0
"POINT (7.147781552000026 51.263255753000067)",Unfall 35705 (2023) Kat:3, Licht: 0,35705,3,5,1,04,14,5,0,0,1,0,0,0,0,1
"POINT (7.191266547000055 51.279646030000038)",Unfall 35800 (2023) Kat:3, Licht: 0,35800,3,5,1,04,11,4,1,0,0,1,0,0,0,1
"POINT (7.208984681000061 51.283297110000035)",Unfall 35801 (2023) Kat:3, Licht: 0,35801,3,3,5,04,15,4,0,0,0,1,0,0,0,1
"POINT (7.156319341000028 51.276661361000038)",Unfall 35802 (2023) Kat:3, Licht: 0,35802,3,6,2,04,19,4,1,0,0,1,0,0,0,0
"POINT (7.104587348000052 51.247452758000065)",Unfall 35803 (2023) Kat:3, Licht: 0,35803,3,3,5,04,15,4,1,0,0,1,0,0,0,1
"POINT (7.229825262000077 51.241459424000027)",Unfall 35822 (2023) Kat:3, Licht: 0,35822,3,6,8,04,13,4,1,0,0,1,0,0,0,0
"POINT (7.248448376000056 51.312329500000033)",Unfall 35916 (2023) Kat:3, Licht: 0,35916,3,6,2,04,14,3,0,0,0,1,0,0,1,0
"POINT (7.108246101000020 51.289158785000041)",Unfall 35917 (2023) Kat:3, Licht: 0,35917,3,7,4,04,15,3,0,0,0,1,0,0,0,0
"POINT (7.216151845000070 51.300993165000079)",Unfall 36026 (2023) Kat:3, Licht: 0,36026,3,4,6,05,07,2,0,0,0,1,1,0,0,0
"POINT (7.251798834000056 51.282166988000029)",Unfall 36027 (2023) Kat:2, Licht: 2,36027,2,7,6,05,22,2,0,2,0,0,1,0,0,1
"POINT (7.152083473000062 51.222581284000057)",Unfall 36028 (2023) Kat:3, Licht: 0,36028,3,6,4,05,07,2,0,0,0,1,0,0,0,1
"POINT (7.080262433000030 51.234764094000070)",Unfall 36213 (2023) Kat:3, Licht: 0,36213,3,6,1,05,18,7,1,0,0,1,0,0,0,0
"POINT (7.281449217000045 51.222376411000027)",Unfall 36329 (2023) Kat:2, Licht: 0,36329,2,3,5,05,14,6,0,0,0,1,0,0,0,0
"POINT (7.160722767000038 51.252900211000053)",Unfall 36330 (2023) Kat:3, Licht: 0,36330,3,1,9,05,17,6,1,0,0,1,0,0,0,0
"POINT (7.252952294000067 51.282488253000054)",Unfall 36445 (2023) Kat:3, Licht: 0,36445,3,5,1,05,14,5,0,0,0,1,0,0,0,0
"POINT (7.261718859000041 51.284646779000070)",Unfall 36446 (2023) Kat:3, Licht: 0,36446,3,6,2,05,08,5,0,0,0,1,0,0,0,0
"POINT (7.143820099000038 51.244493235000050)",Unfall 36447 (2023) Kat:3, Licht: 0,36447,3,7,6,05,12,5,0,0,1,0,1,0,0,0
"POINT (7.152867402000027 51.258673401000067)",Unfall 36553 (2023) Kat:3, Licht: 0,36553,3,3,5,05,14,4,0,0,1,1,0,0,0,0
"POINT (7.146818484000050 51.254153330000065)",Unfall 36554 (2023) Kat:3, Licht: 0,36554,3,7,0,05,17,4,0,0,0,0,0,0,0,1
"POINT (7.229434647000062 51.304765416000066)",Unfall 36563 (2023) Kat:2, Licht: 0,36563,2,6,2,05,19,4,0,0,0,1,0,0,0,0
"POINT (7.156356307000067 51.235510276000070)",Unfall 36573 (2023) Kat:3, Licht: 0,36573,3,6,1,05,15,2,0,0,0,1,0,0,0,0
"POINT (7.233368385000063 51.288695649000033)",Unfall 36754 (2023) Kat:3, Licht: 0,36754,3,1,0,05,14,5,0,0,0,1,0,0,1,0
"POINT (7.229797215000076 51.275829286000032)",Unfall 36764 (2023) Kat:3, Licht: 0,36764,3,3,5,05,14,2,0,0,0,1,0,0,0,0
"POINT (7.203388837000034 51.270963755000082)",Unfall 36765 (2023) Kat:3, Licht: 0,36765,3,6,1,05,15,2,1,0,0,1,0,0,0,0
"POINT (7.150862046000043 51.256082500000048)",Unfall 36766 (2023) Kat:3, Licht: 0,36766,3,6,2,05,15,2,0,0,0,1,0,0,0,1
"POINT (7.196264174000021 51.227939574000061)",Unfall 36843 (2023) Kat:3, Licht: 0,36843,3,3,5,05,15,1,1,0,0,0,0,1,0,1
"POINT (7.105658874000028 51.250766159000079)",Unfall 36853 (2023) Kat:2, Licht: 2,36853,2,1,9,05,21,1,1,2,0,1,0,0,0,0
"POINT (7.149116660000061 51.255761134000068)",Unfall 36955 (2023) Kat:3, Licht: 0,36955,3,6,2,05,16,7,0,0,0,1,0,0,0,0
"POINT (7.226123067000060 51.285546970000041)",Unfall 37083 (2023) Kat:3, Licht: 0,37083,3,6,2,05,13,6,0,0,0,1,0,0,0,0
"POINT (7.295461773000056 51.249156610000057)",Unfall 37344 (2023) Kat:2, Licht: 0,37344,2,2,5,05,15,1,0,0,1,1,0,0,0,0
"POINT (7.149151149000033 51.257401203000029)",Unfall 37345 (2023) Kat:2, Licht: 0,37345,2,2,4,05,13,1,0,0,1,1,0,0,0,0
"POINT (7.179990895000060 51.268086044000029)",Unfall 37450 (2023) Kat:2, Licht: 0,37450,2,1,0,05,13,7,0,0,0,0,0,1,0,0
"POINT (7.153124103000039 51.258890697000027)",Unfall 37581 (2023) Kat:3, Licht: 0,37581,3,3,5,05,15,6,0,0,0,1,0,0,0,0
"POINT (7.245268249000048 51.287407284000039)",Unfall 37692 (2023) Kat:3, Licht: 0,37692,3,6,2,05,16,5,0,0,0,1,0,1,0,0
"POINT (7.141242593000072 51.254545088000043)",Unfall 37693 (2023) Kat:3, Licht: 0,37693,3,6,2,05,18,5,0,0,0,1,0,0,0,0
"POINT (7.154680881000047 51.261215996000033)",Unfall 37873 (2023) Kat:3, Licht: 0,37873,3,1,0,05,17,3,0,0,0,1,0,0,0,1
"POINT (7.094858867000028 51.255938504000028)",Unfall 37966 (2023) Kat:2, Licht: 0,37966,2,4,6,05,14,2,0,0,0,1,1,0,0,1
"POINT (7.151159947000053 51.226038207000045)",Unfall 37967 (2023) Kat:3, Licht: 0,37967,3,7,5,05,16,2,0,0,0,1,0,0,0,0
"POINT (7.190889219000042 51.243105132000039)",Unfall 38066 (2023) Kat:2, Licht: 0,38066,2,1,0,05,13,1,0,0,1,0,0,0,0,0
"POINT (7.247149239000066 51.265578240000082)",Unfall 38074 (2023) Kat:3, Licht: 0,38074,3,6,2,05,14,1,0,0,0,1,0,0,0,0
"POINT (7.206575545000021 51.272611663000077)",Unfall 38254 (2023) Kat:2, Licht: 2,38254,2,7,6,05,22,6,0,2,0,1,1,0,0,0
"POINT (7.212856925000040 51.274431663000030)",Unfall 38255 (2023) Kat:3, Licht: 0,38255,3,6,2,05,11,6,0,0,0,1,0,0,0,0
"POINT (7.255708497000057 51.276051903000052)",Unfall 38374 (2023) Kat:3, Licht: 0,38374,3,7,5,05,15,5,0,0,1,1,0,0,0,0
"POINT (7.213068630000066 51.272537376000059)",Unfall 38513 (2023) Kat:3, Licht: 0,38513,3,3,0,05,08,4,0,0,0,1,0,0,0,0
"POINT (7.164484625000057 51.257329096000035)",Unfall 38514 (2023) Kat:3, Licht: 1,38514,3,6,1,05,20,4,0,1,0,1,0,0,0,1
"POINT (7.190916100000038 51.267039596000075)",Unfall 38516 (2023) Kat:3, Licht: 0,38516,3,7,2,05,16,4,0,0,0,1,0,0,0,0
"POINT (7.295555880000052 51.249113747000081)",Unfall 38517 (2023) Kat:3, Licht: 0,38517,3,2,5,05,07,4,0,0,0,1,0,0,0,0
"POINT (7.124669262000054 51.249445825000066)",Unfall 38518 (2023) Kat:3, Licht: 0,38518,3,6,2,05,15,4,0,0,0,1,0,0,0,0
"POINT (7.157361103000028 51.264851607000026)",Unfall 38519 (2023) Kat:3, Licht: 0,38519,3,7,0,05,11,4,0,0,1,0,0,0,0,0
"POINT (7.100194244000022 51.237162516000069)",Unfall 38520 (2023) Kat:2, Licht: 0,38520,2,7,4,05,10,4,0,0,0,1,0,0,0,1
"POINT (7.229096352000056 51.287772564000079)",Unfall 38670 (2023) Kat:3, Licht: 0,38670,3,6,0,05,12,3,0,0,1,0,0,0,0,0
"POINT (7.237279869000076 51.270421139000064)",Unfall 38671 (2023) Kat:3, Licht: 0,38671,3,6,2,05,19,3,0,0,0,1,0,0,0,0
"POINT (7.051520608000033 51.210272101000044)",Unfall 38673 (2023) Kat:2, Licht: 0,38673,2,7,0,05,13,3,0,0,1,1,0,0,0,0
"POINT (7.184591239000042 51.281602598000063)",Unfall 38684 (2023) Kat:3, Licht: 0,38684,3,6,2,05,15,3,0,0,0,1,0,0,1,0
"POINT (7.200418796000065 51.225299340000049)",Unfall 38777 (2023) Kat:3, Licht: 0,38777,3,2,5,06,09,5,0,0,1,1,0,0,0,0
"POINT (7.149112112000068 51.272500886000046)",Unfall 38778 (2023) Kat:3, Licht: 0,38778,3,6,3,06,14,5,0,0,0,1,0,0,0,1
"POINT (7.181273932000067 51.266725044000054)",Unfall 38899 (2023) Kat:3, Licht: 0,38899,3,1,0,06,11,4,0,0,1,0,0,0,0,0
"POINT (7.167887235000023 51.259494972000027)",Unfall 38900 (2023) Kat:3, Licht: 0,38900,3,6,1,06,16,4,0,0,0,1,0,0,0,0
"POINT (7.126293775000022 51.280720916000064)",Unfall 38901 (2023) Kat:3, Licht: 0,38901,3,7,1,06,16,4,0,0,0,1,0,0,0,1
"POINT (7.157496833000039 51.251798102000066)",Unfall 39028 (2023) Kat:3, Licht: 0,39028,3,7,0,06,06,3,0,0,0,0,0,0,0,1
"POINT (7.159333544000049 51.255982489000075)",Unfall 39029 (2023) Kat:3, Licht: 2,39029,3,6,2,06,22,3,0,2,0,1,0,0,0,0
"POINT (7.146859105000033 51.215283525000075)",Unfall 39159 (2023) Kat:3, Licht: 0,39159,3,3,5,06,06,2,0,0,0,1,0,0,0,0
"POINT (7.215342219000036 51.302465930000039)",Unfall 39248 (2023) Kat:3, Licht: 0,39248,3,3,5,06,18,1,0,0,0,1,0,0,0,0
"POINT (7.200918646000048 51.237570189000053)",Unfall 39249 (2023) Kat:2, Licht: 0,39249,2,7,0,06,11,1,0,0,1,0,0,0,0,0
"POINT (7.228435980000029 51.274111481000034)",Unfall 39251 (2023) Kat:3, Licht: 0,39251,3,6,3,06,15,1,0,0,1,0,0,0,0,1
"POINT (7.150832327000046 51.256264239000075)",Unfall 39252 (2023) Kat:3, Licht: 0,39252,3,3,0,06,12,1,0,0,1,0,0,0,0,1
"POINT (7.138115757000037 51.266675167000074)",Unfall 39254 (2023) Kat:3, Licht: 0,39254,3,1,8,06,10,1,0,0,0,1,0,0,0,0
"POINT (7.182678337000027 51.279772475000073)",Unfall 39339 (2023) Kat:3, Licht: 0,39339,3,1,0,06,14,7,0,0,0,0,0,1,0,0
"POINT (7.228048114000046 51.273398568000061)",Unfall 39340 (2023) Kat:3, Licht: 0,39340,3,1,9,06,19,7,0,0,0,1,0,0,0,0
"POINT (7.236149286000057 51.255771737000032)",Unfall 39341 (2023) Kat:3, Licht: 0,39341,3,1,0,06,20,7,0,0,1,0,0,0,0,0
"POINT (7.111973070000033 51.257787867000047)",Unfall 39350 (2023) Kat:3, Licht: 0,39350,3,1,9,06,16,7,0,0,0,1,0,0,0,0
"POINT (7.182619096000053 51.280812849000029)",Unfall 39464 (2023) Kat:3, Licht: 0,39464,3,6,3,06,12,6,0,0,0,1,0,0,1,0
"POINT (7.237416050000036 51.272352529000045)",Unfall 39566 (2023) Kat:3, Licht: 0,39566,3,1,0,06,18,5,0,0,1,0,0,0,0,0
"POINT (7.221128997000051 51.275261445000069)",Unfall 39567 (2023) Kat:2, Licht: 0,39567,2,4,6,06,21,5,0,0,0,1,1,0,0,0
"POINT (7.147781294000026 51.263257889000045)",Unfall 39673 (2023) Kat:3, Licht: 0,39673,3,2,3,06,14,4,0,0,0,1,0,0,0,1
"POINT (7.213661441000056 51.274516893000055)",Unfall 39674 (2023) Kat:3, Licht: 0,39674,3,6,2,06,18,4,0,0,0,1,0,0,0,0
"POINT (7.224167441000077 51.273272810000037)",Unfall 39718 (2023) Kat:3, Licht: 0,39718,3,4,6,06,14,4,0,0,0,1,1,0,0,0
"POINT (7.079704834000040 51.234792724000044)",Unfall 39802 (2023) Kat:2, Licht: 0,39802,2,5,1,06,13,3,0,0,1,1,0,0,0,0
"POINT (7.137973846000023 51.250448174000041)",Unfall 39803 (2023) Kat:2, Licht: 0,39803,2,7,0,06,16,3,1,0,1,0,0,1,0,1
"POINT (7.234067956000047 51.276718138000035)",Unfall 39940 (2023) Kat:2, Licht: 0,39940,2,5,0,06,19,2,0,0,1,1,0,0,0,0
"POINT (7.045500977000074 51.231634451000048)",Unfall 39941 (2023) Kat:2, Licht: 0,39941,2,1,0,06,18,2,0,0,1,0,0,0,0,0
"POINT (7.189015471000062 51.266600994000044)",Unfall 40073 (2023) Kat:1, Licht: 0,40073,1,4,6,06,11,1,0,0,0,0,1,1,0,0
"POINT (7.213816741000073 51.274353125000061)",Unfall 40074 (2023) Kat:3, Licht: 0,40074,3,2,6,06,10,1,0,0,0,1,1,0,0,0
"POINT (7.113699284000063 51.193677287000071)",Unfall 40202 (2023) Kat:2, Licht: 0,40202,2,1,0,06,16,2,0,0,0,0,0,1,0,0
"POINT (7.182123178000040 51.265607561000081)",Unfall 40203 (2023) Kat:3, Licht: 0,40203,3,6,1,06,12,7,0,0,0,1,0,0,0,0
"POINT (7.120444224000039 51.261008725000067)",Unfall 40204 (2023) Kat:3, Licht: 0,40204,3,7,0,06,16,7,0,0,1,0,0,0,0,0
"POINT (7.147756228000048 51.263465858000075)",Unfall 40206 (2023) Kat:3, Licht: 0,40206,3,7,0,06,18,7,0,0,0,0,1,0,0,1
"POINT (7.146619385000065 51.239139127000044)",Unfall 40481 (2023) Kat:3, Licht: 0,40481,3,1,0,06,19,1,0,0,1,0,0,0,0,0
"POINT (7.222710297000049 51.275342120000062)",Unfall 40512 (2023) Kat:3, Licht: 0,40512,3,6,2,06,18,5,0,0,0,1,0,0,0,0
"POINT (7.152109728000028 51.245535789000030)",Unfall 40513 (2023) Kat:3, Licht: 0,40513,3,2,3,06,19,5,0,0,1,1,0,0,0,0
"POINT (7.097469215000046 51.255631317000052)",Unfall 40514 (2023) Kat:3, Licht: 0,40514,3,3,5,06,15,5,0,0,0,1,0,1,0,0
"POINT (7.253172013000039 51.282545169000059)",Unfall 40552 (2023) Kat:3, Licht: 1,40552,3,4,6,06,21,2,0,1,1,0,1,0,0,0
"POINT (7.183714148000035 51.265192276000050)",Unfall 40585 (2023) Kat:3, Licht: 0,40585,3,7,0,06,08,5,0,0,1,1,0,0,0,0
"POINT (7.149299801000041 51.257337255000039)",Unfall 40587 (2023) Kat:3, Licht: 0,40587,3,6,0,06,11,5,0,0,0,0,0,1,0,0
"POINT (7.227247743000021 51.286254119000034)",Unfall 40689 (2023) Kat:3, Licht: 0,40689,3,3,5,05,14,4,0,0,1,1,0,0,0,0
"POINT (7.167745321000041 51.293491081000070)",Unfall 40690 (2023) Kat:3, Licht: 1,40690,3,1,0,05,21,4,0,1,1,0,0,0,0,0
"POINT (7.172282098000039 51.282236796000063)",Unfall 40693 (2023) Kat:3, Licht: 0,40693,3,6,0,05,20,4,0,0,0,1,0,1,0,0
"POINT (7.142500734000066 51.250075262000053)",Unfall 40694 (2023) Kat:2, Licht: 0,40694,2,1,1,05,11,4,0,0,0,1,0,1,0,0
"POINT (7.150292643000057 51.256673088000070)",Unfall 40696 (2023) Kat:3, Licht: 0,40696,3,6,1,05,14,4,0,0,0,1,0,0,0,0
"POINT (7.134176550000063 51.252798258000041)",Unfall 40807 (2023) Kat:2, Licht: 1,40807,2,7,0,06,20,5,0,1,0,0,0,1,0,0
"POINT (7.202710282000055 51.276530166000043)",Unfall 40858 (2023) Kat:2, Licht: 0,40858,2,2,5,05,15,3,0,0,1,1,0,0,0,0
"POINT (7.147764634000055 51.263396111000077)",Unfall 40859 (2023) Kat:3, Licht: 0,40859,3,5,0,05,12,3,0,0,1,1,0,0,0,0
"POINT (7.146870632000059 51.254922481000051)",Unfall 40860 (2023) Kat:3, Licht: 0,40860,3,6,2,05,16,3,0,0,0,1,0,1,0,0
"POINT (7.208787976000053 51.231455402000051)",Unfall 40956 (2023) Kat:2, Licht: 1,40956,2,5,0,06,21,7,0,1,0,1,0,0,0,1
"POINT (7.218934490000038 51.275140395000051)",Unfall 40957 (2023) Kat:3, Licht: 0,40957,3,6,1,06,11,7,0,0,0,1,0,0,0,0
"POINT (7.214449266000031 51.274455359000058)",Unfall 40958 (2023) Kat:3, Licht: 0,40958,3,4,6,06,14,7,0,0,1,0,1,0,0,0
"POINT (7.236778413000025 51.263667060000046)",Unfall 40959 (2023) Kat:3, Licht: 0,40959,3,2,5,06,13,7,0,0,1,1,0,0,0,0
"POINT (7.227249487000051 51.286256099000070)",Unfall 41031 (2023) Kat:3, Licht: 0,41031,3,3,5,06,14,6,0,0,1,1,0,0,0,0
"POINT (7.080684406000046 51.273011929000063)",Unfall 41044 (2023) Kat:3, Licht: 0,41044,3,7,3,06,13,6,0,0,0,1,0,0,0,0
"POINT (7.195900638000069 51.270929862000060)",Unfall 41279 (2023) Kat:3, Licht: 0,41279,3,6,2,06,14,4,0,0,0,1,0,0,0,0
"POINT (7.253811546000065 51.297943954000061)",Unfall 41280 (2023) Kat:3, Licht: 0,41280,3,7,0,06,12,4,0,0,0,0,0,1,0,0
"POINT (7.123005795000040 51.248798880000038)",Unfall 41281 (2023) Kat:3, Licht: 0,41281,3,3,5,06,18,4,0,0,1,1,0,0,0,0
"POINT (7.144962942000063 51.253231335000066)",Unfall 41417 (2023) Kat:3, Licht: 0,41417,3,6,2,06,11,3,0,0,0,1,0,0,0,0
"POINT (7.093297477000021 51.237359500000082)",Unfall 41433 (2023) Kat:2, Licht: 0,41433,2,6,2,06,16,3,0,0,0,1,0,0,0,0
"POINT (7.108213070000033 51.282334110000079)",Unfall 41554 (2023) Kat:3, Licht: 1,41554,3,1,0,06,21,2,0,1,0,0,0,1,0,0
"POINT (7.241607838000050 51.293589742000052)",Unfall 41655 (2023) Kat:2, Licht: 0,41655,2,7,0,06,14,1,0,0,1,0,0,0,0,0
"POINT (7.090426706000073 51.257808411000042)",Unfall 41764 (2023) Kat:3, Licht: 0,41764,3,1,0,06,18,7,0,0,1,0,0,0,0,0
"POINT (7.202807547000020 51.276185144000067)",Unfall 41937 (2023) Kat:3, Licht: 0,41937,3,4,0,06,15,6,0,0,0,0,1,0,0,1
"POINT (7.149318175000076 51.272988736000059)",Unfall 42112 (2023) Kat:3, Licht: 0,42112,3,7,0,07,06,4,1,0,1,1,0,0,0,0
"POINT (7.220343332000027 51.236618618000080)",Unfall 42205 (2023) Kat:3, Licht: 0,42205,3,6,2,07,09,3,0,0,0,0,0,1,1,0
"POINT (7.203919907000056 51.227502077000054)",Unfall 42206 (2023) Kat:2, Licht: 0,42206,2,3,5,07,15,3,0,0,0,1,0,1,0,0