WKT,Name,OBJECTID,UKATEGORIE,UTYP1,UART,UMONAT,USTUNDE,UWOCHENTAG,STRZUSTAND,ULICHTVERH,ISTRAD,ISTPKW,ISTFUSS,ISTKRAD,ISTGKFZ,ISTSONSTIG
"POINT (7.123603913000068 51.248930683000026)",Unfall 42207 (2023) Kat:3, Licht: 0,42207,3,6,2,07,08,3,0,0,0,1,0,0,0,0
"POINT (7.075804597000058 51.233682739000074)",Unfall 42208 (2023) Kat:2, Licht: 0,42208,2,6,9,07,19,3,0,0,0,1,1,0,0,0
"POINT (7.167162120000057 51.268710536000071)",Unfall 42450 (2023) Kat:3, Licht: 0,42450,3,6,2,07,13,7,0,0,0,1,0,0,0,1
"POINT (7.252014604000067 51.275766632000057)",Unfall 42553 (2023) Kat:3, Licht: 0,42553,3,3,5,07,20,6,0,0,1,1,0,0,0,0
"POINT (7.217811166000047 51.275198957000043)",Unfall 42554 (2023) Kat:3, Licht: 0,42554,3,6,3,07,16,6,0,0,0,1,0,1,0,0
"POINT (7.187697180000043 51.246889594000038)",Unfall 42772 (2023) Kat:3, Licht: 0,42772,3,1,0,07,18,4,0,0,1,0,0,0,0,0
"POINT (7.149629179000044 51.249332012000082)",Unfall 42773 (2023) Kat:3, Licht: 0,42773,3,6,2,07,18,4,0,0,0,1,0,0,0,0
"POINT (7.140228505000039 51.210989846000075)",Unfall 42774 (2023) Kat:3, Licht: 0,42774,3,3,5,07,13,4,0,0,0,1,0,0,0,0
"POINT (7.241382062000071 51.262956869000050)",Unfall 42781 (2023) Kat:3, Licht: 0,42781,3,6,3,07,07,4,0,0,0,1,0,0,0,0
"POINT (7.076184854000076 51.224863836000054)",Unfall 42782 (2023) Kat:3, Licht: 0,42782,3,6,2,07,08,4,0,0,0,1,0,0,0,0
"POINT (7.227243001000033 51.286248735000072)",Unfall 42872 (2023) Kat:3, Licht: 0,42872,3,3,5,07,09,3,0,0,1,1,0,0,0,0
"POINT (7.234721264000029 51.228532428000051)",Unfall 42875 (2023) Kat:3, Licht: 2,42875,3,3,5,07,22,3,0,2,0,1,0,0,0,0
"POINT (7.156190666000043 51.241794873000060)",Unfall 42876 (2023) Kat:3, Licht: 0,42876,3,4,6,07,08,3,0,0,0,1,1,0,0,0
"POINT (7.212785097000051 51.274424802000055)",Unfall 42993 (2023) Kat:3, Licht: 0,42993,3,5,0,07,15,3,0,0,1,1,0,0,0,1
"POINT (7.227847450000070 51.286863997000069)",Unfall 43016 (2023) Kat:3, Licht: 0,43016,3,6,4,07,12,1,0,0,1,0,0,0,0,0
"POINT (7.141267732000074 51.251660230000027)",Unfall 43112 (2023) Kat:3, Licht: 0,43112,3,6,2,07,13,7,1,0,0,1,0,0,0,0
"POINT (7.212036408000074 51.270346591000077)",Unfall 43307 (2023) Kat:3, Licht: 0,43307,3,1,8,06,21,5,0,0,1,0,0,0,0,0
"POINT (7.228510802000073 51.275539378000076)",Unfall 43308 (2023) Kat:3, Licht: 0,43308,3,6,1,06,16,5,0,0,0,1,0,0,0,0
"POINT (7.057047405000048 51.215839622000033)",Unfall 43320 (2023) Kat:3, Licht: 0,43320,3,6,2,06,15,5,0,0,0,1,0,0,0,0
"POINT (7.217872254000042 51.275089696000066)",Unfall 43399 (2023) Kat:3, Licht: 2,43399,3,6,1,06,23,4,0,2,0,1,0,0,0,0
"POINT (7.069223778000037 51.229177884000080)",Unfall 43400 (2023) Kat:3, Licht: 0,43400,3,7,0,06,15,4,0,0,0,0,0,1,0,0
"POINT (7.205206214000043 51.279285622000032)",Unfall 43574 (2023) Kat:2, Licht: 1,43574,2,3,5,06,21,5,0,1,1,1,0,0,0,0
"POINT (7.256516671000043 51.276114993000078)",Unfall 43613 (2023) Kat:3, Licht: 0,43613,3,6,3,06,15,2,0,0,0,1,0,1,0,0
"POINT (7.073412517000065 51.232574610000029)",Unfall 43615 (2023) Kat:3, Licht: 0,43615,3,2,6,06,13,2,0,0,0,1,1,0,0,0
"POINT (7.174469543000043 51.258407082000076)",Unfall 43720 (2023) Kat:3, Licht: 2,43720,3,4,6,06,00,1,0,2,0,1,1,0,0,0
"POINT (7.198858298000061 51.223229828000058)",Unfall 43799 (2023) Kat:3, Licht: 1,43799,3,6,2,08,05,5,1,1,0,1,0,0,0,0
"POINT (7.196346660000074 51.229060161000064)",Unfall 43800 (2023) Kat:3, Licht: 0,43800,3,3,5,08,14,5,1,0,0,1,0,0,0,0
"POINT (7.155359023000074 51.257878748000053)",Unfall 43883 (2023) Kat:3, Licht: 0,43883,3,4,6,08,10,4,1,0,0,1,1,0,0,0
"POINT (7.140549451000027 51.261295287000053)",Unfall 43884 (2023) Kat:3, Licht: 2,43884,3,3,5,08,22,4,1,2,0,1,0,0,0,0
"POINT (7.151814867000041 51.224288792000038)",Unfall 43973 (2023) Kat:3, Licht: 0,43973,3,2,4,08,12,3,1,0,0,1,0,0,0,1
"POINT (7.097192619000054 51.255716158000041)",Unfall 44033 (2023) Kat:2, Licht: 0,44033,2,3,5,07,15,2,1,0,0,1,0,0,1,1
"POINT (7.144917465000049 51.253274934000046)",Unfall 44106 (2023) Kat:3, Licht: 0,44106,3,3,5,07,11,1,0,0,0,1,0,0,0,0
"POINT (7.157380495000041 51.264865905000079)",Unfall 44107 (2023) Kat:2, Licht: 0,44107,2,3,5,07,06,1,1,0,0,1,0,1,0,0
"POINT (7.226473496000040 51.270651892000046)",Unfall 44266 (2023) Kat:3, Licht: 0,44266,3,6,2,07,16,6,1,0,0,1,0,0,0,0
"POINT (7.210298926000064 51.274168598000074)",Unfall 44366 (2023) Kat:3, Licht: 0,44366,3,6,2,07,10,5,1,0,0,1,0,0,0,0
"POINT (7.143381574000045 51.248065536000070)",Unfall 44367 (2023) Kat:3, Licht: 0,44367,3,6,2,07,13,5,1,0,0,1,0,0,0,0
"POINT (7.107448354000041 51.253763597000045)",Unfall 44383 (2023) Kat:3, Licht: 1,44383,3,1,9,07,20,5,1,1,0,1,0,0,0,0
"POINT (7.287924075000035 51.220301303000042)",Unfall 44406 (2023) Kat:3, Licht: 0,44406,3,1,9,08,19,3,0,0,0,1,0,0,0,0
"POINT (7.140474554000036 51.306333457000051)",Unfall 44495 (2023) Kat:3, Licht: 0,44495,3,1,8,07,19,4,0,0,0,0,0,1,0,0
"POINT (7.192676636000044 51.273815747000071)",Unfall 44588 (2023) Kat:3, Licht: 0,44588,3,6,2,07,17,3,0,0,0,1,0,0,0,0
"POINT (7.147603332000074 51.260579107000069)",Unfall 44692 (2023) Kat:3, Licht: 0,44692,3,2,0,07,15,7,0,0,0,1,0,0,0,0
"POINT (7.195097197000052 51.237100191000081)",Unfall 44693 (2023) Kat:2, Licht: 0,44693,2,6,2,07,15,2,1,0,0,1,0,0,0,0
"POINT (7.192566983000063 51.248546208000050)",Unfall 44694 (2023) Kat:2, Licht: 0,44694,2,1,4,07,08,2,1,0,0,1,0,1,0,0
"POINT (7.228039773000035 51.243728044000079)",Unfall 44697 (2023) Kat:3, Licht: 0,44697,3,6,2,07,14,6,0,0,0,1,0,0,0,0
"POINT (7.158053109000036 51.285104288000070)",Unfall 44818 (2023) Kat:2, Licht: 1,44818,2,3,5,07,05,2,1,1,0,1,0,1,0,0
"POINT (7.131600795000054 51.226008956000044)",Unfall 45045 (2023) Kat:3, Licht: 2,45045,3,7,8,07,13,5,0,2,0,1,0,0,0,0
"POINT (7.132498591000058 51.253810414000043)",Unfall 45147 (2023) Kat:3, Licht: 0,45147,3,5,0,07,15,4,0,0,0,1,0,0,0,0
"POINT (7.158497485000055 51.257356834000063)",Unfall 45149 (2023) Kat:3, Licht: 0,45149,3,3,3,07,15,4,0,0,1,1,0,0,0,0
"POINT (7.190344934000052 51.284260452000069)",Unfall 45269 (2023) Kat:3, Licht: 0,45269,3,6,2,07,10,3,0,0,0,1,0,0,0,0
"POINT (7.109741828000040 51.255492332000074)",Unfall 45285 (2023) Kat:3, Licht: 0,45285,3,6,2,07,14,2,1,0,0,1,0,0,0,0
"POINT (7.117039134000038 51.249350909000043)",Unfall 45375 (2023) Kat:2, Licht: 0,45375,2,5,1,07,18,7,0,0,1,0,0,0,0,1
"POINT (7.144809163000048 51.260963343000071)",Unfall 45378 (2023) Kat:3, Licht: 0,45378,3,2,6,07,16,2,0,0,0,1,1,0,0,0
"POINT (7.096829692000028 51.246519894000073)",Unfall 45485 (2023) Kat:3, Licht: 0,45485,3,6,2,07,10,1,0,0,0,1,0,0,0,0
"POINT (7.072124282000061 51.222371949000035)",Unfall 45486 (2023) Kat:2, Licht: 0,45486,2,6,2,07,15,1,0,0,0,1,0,0,0,0
"POINT (7.145933007000053 51.253674876000048)",Unfall 45571 (2023) Kat:3, Licht: 0,45571,3,6,2,07,14,7,0,0,0,1,0,0,0,0
"POINT (7.288330981000058 51.248130523000043)",Unfall 45691 (2023) Kat:3, Licht: 0,45691,3,2,0,07,18,6,0,0,1,1,0,0,0,0
"POINT (7.237737655000046 51.278964012000074)",Unfall 45692 (2023) Kat:3, Licht: 0,45692,3,3,5,07,11,6,0,0,0,1,0,0,0,0
"POINT (7.094504393000022 51.244218440000054)",Unfall 45704 (2023) Kat:3, Licht: 0,45704,3,6,2,07,18,6,0,0,0,1,0,0,0,1
"POINT (7.085711267000022 51.235352547000048)",Unfall 45741 (2023) Kat:3, Licht: 0,45741,3,6,2,08,15,3,1,0,0,1,0,0,0,0
"POINT (7.189298670000028 51.276031627000066)",Unfall 45824 (2023) Kat:3, Licht: 0,45824,3,6,3,07,14,5,0,0,0,1,0,0,0,0
"POINT (7.225765688000024 51.270738548000054)",Unfall 45924 (2023) Kat:3, Licht: 2,45924,3,7,3,07,21,2,1,2,0,1,0,0,0,0
"POINT (7.147812497000075 51.262811580000061)",Unfall 46154 (2023) Kat:3, Licht: 0,46154,3,7,6,08,14,7,1,0,0,1,1,0,0,0
"POINT (7.227639259000057 51.286681642000076)",Unfall 46426 (2023) Kat:3, Licht: 0,46426,3,6,2,08,07,5,0,0,1,1,0,0,0,0
"POINT (7.108102300000041 51.210358429000053)",Unfall 46427 (2023) Kat:3, Licht: 2,46427,3,1,8,08,22,5,0,2,0,1,0,0,0,0
"POINT (7.104016588000036 51.247930625000038)",Unfall 46465 (2023) Kat:2, Licht: 0,46465,2,7,9,08,13,6,0,0,0,1,0,0,0,0
"POINT (7.198649745000068 51.273032259000047)",Unfall 46556 (2023) Kat:3, Licht: 0,46556,3,6,2,08,16,4,0,0,0,1,0,1,0,0
"POINT (7.192569717000026 51.248533279000071)",Unfall 46558 (2023) Kat:3, Licht: 0,46558,3,3,5,08,06,4,0,0,0,1,0,0,0,0
"POINT (7.182665333000045 51.280828918000054)",Unfall 46782 (2023) Kat:2, Licht: 0,46782,2,6,2,08,15,2,0,0,0,0,0,1,0,0
"POINT (7.148235401000022 51.258995880000043)",Unfall 46791 (2023) Kat:3, Licht: 2,46791,3,1,9,08,01,2,0,2,0,1,0,0,0,0
"POINT (7.102943371000038 51.240924818000053)",Unfall 46792 (2023) Kat:3, Licht: 1,46792,3,6,3,08,20,2,0,1,0,1,0,0,0,0
"POINT (7.101763862000041 51.248760033000053)",Unfall 46805 (2023) Kat:3, Licht: 0,46805,3,1,2,08,16,2,0,0,0,1,0,0,0,0
"POINT (7.073051187000033 51.223068505000072)",Unfall 46808 (2023) Kat:3, Licht: 0,46808,3,6,2,08,16,2,0,0,0,1,0,0,0,0
"POINT (7.246902956000042 51.281067531000076)",Unfall 46886 (2023) Kat:2, Licht: 1,46886,2,6,4,08,20,1,1,1,0,1,0,0,0,0
"POINT (7.196335032000036 51.271472241000026)",Unfall 46985 (2023) Kat:3, Licht: 0,46985,3,4,6,08,16,7,1,0,0,1,1,0,0,0
"POINT (7.152983871000060 51.258656524000060)",Unfall 46986 (2023) Kat:3, Licht: 0,46986,3,6,2,08,08,7,0,0,0,1,0,0,0,0
"POINT (7.212493889000029 51.234529252000073)",Unfall 47089 (2023) Kat:3, Licht: 0,47089,3,1,7,08,18,6,1,0,1,0,0,0,0,0
"POINT (7.226062525000032 51.270701692000046)",Unfall 47090 (2023) Kat:3, Licht: 0,47090,3,4,0,08,16,6,1,0,0,1,1,0,0,0
"POINT (7.167561854000041 51.259023201000048)",Unfall 47091 (2023) Kat:3, Licht: 0,47091,3,6,2,08,18,6,0,0,0,1,0,0,0,0
"POINT (7.223792561000039 51.270961764000049)",Unfall 47101 (2023) Kat:2, Licht: 0,47101,2,1,8,08,16,1,1,0,0,1,1,0,0,0
"POINT (7.158982945000048 51.252432471000077)",Unfall 47283 (2023) Kat:2, Licht: 0,47283,2,1,8,08,09,7,0,0,0,0,0,1,0,0
"POINT (7.180531075000033 51.264033058000052)",Unfall 47396 (2023) Kat:3, Licht: 0,47396,3,3,1,08,08,6,0,0,0,1,0,0,0,0
"POINT (7.224330384000041 51.273580352000067)",Unfall 47397 (2023) Kat:3, Licht: 0,47397,3,7,5,08,10,6,1,0,0,1,0,0,0,0
"POINT (7.252892297000074 51.282581679000032)",Unfall 47398 (2023) Kat:3, Licht: 0,47398,3,6,2,08,14,6,1,0,0,1,0,0,0,0
"POINT (7.146561745000042 51.215128933000074)",Unfall 47399 (2023) Kat:3, Licht: 0,47399,3,1,1,08,07,6,0,0,1,0,0,0,0,1
"POINT (7.184585832000039 51.281600619000073)",Unfall 47411 (2023) Kat:3, Licht: 0,47411,3,6,2,08,16,6,1,0,0,1,0,0,0,0
"POINT (7.179986378000024 51.268087962000038)",Unfall 47534 (2023) Kat:3, Licht: 0,47534,3,3,5,08,19,5,1,0,0,1,0,1,0,0
"POINT (7.192730046000065 51.240340207000031)",Unfall 47664 (2023) Kat:3, Licht: 0,47664,3,6,2,08,16,4,0,0,0,1,0,0,0,0
"POINT (7.231219309000039 51.269408714000065)",Unfall 47665 (2023) Kat:3, Licht: 0,47665,3,7,0,08,14,4,0,0,1,0,0,0,0,0
"POINT (7.182649931000071 51.279057707000050)",Unfall 47666 (2023) Kat:3, Licht: 0,47666,3,3,5,08,08,4,0,0,0,1,0,0,0,0
"POINT (7.159650169000031 51.257414938000068)",Unfall 47667 (2023) Kat:3, Licht: 0,47667,3,5,1,08,08,4,0,0,0,1,0,0,0,0
"POINT (7.150833392000038 51.258950041000048)",Unfall 47668 (2023) Kat:2, Licht: 0,47668,2,4,6,08,18,4,0,0,0,1,1,0,0,0
"POINT (7.167925857000057 51.297210775000053)",Unfall 47765 (2023) Kat:2, Licht: 0,47765,2,6,2,08,15,7,0,0,0,1,0,1,0,0
"POINT (7.198541756000054 51.223856982000029)",Unfall 47782 (2023) Kat:3, Licht: 0,47782,3,4,6,08,14,3,0,0,0,1,1,0,0,0
"POINT (7.150786346000075 51.227047038000080)",Unfall 47783 (2023) Kat:3, Licht: 0,47783,3,6,3,08,16,3,0,0,0,1,0,0,0,0
"POINT (7.233072542000059 51.288686668000082)",Unfall 47913 (2023) Kat:3, Licht: 0,47913,3,1,8,08,06,2,0,0,0,0,0,0,0,1
"POINT (7.251620449000029 51.275735948000033)",Unfall 47914 (2023) Kat:3, Licht: 0,47914,3,6,6,08,13,2,0,0,1,0,1,0,0,0
"POINT (7.233112298000037 51.288688586000035)",Unfall 48015 (2023) Kat:3, Licht: 0,48015,3,1,0,08,16,1,0,0,1,0,0,0,0,0
"POINT (7.206955942000036 51.273165915000050)",Unfall 48016 (2023) Kat:3, Licht: 1,48016,3,6,2,08,20,1,0,1,0,1,0,0,0,1
"POINT (7.160988673000077 51.257641537000040)",Unfall 48017 (2023) Kat:3, Licht: 0,48017,3,7,0,08,14,1,0,0,0,1,0,1,0,0
"POINT (7.228847218000055 51.273247559000026)",Unfall 48106 (2023) Kat:3, Licht: 0,48106,3,2,4,08,17,7,1,0,0,1,0,0,0,0
"POINT (7.205777106000028 51.216372932000070)",Unfall 48251 (2023) Kat:3, Licht: 0,48251,3,7,0,08,08,6,0,0,0,0,0,1,0,0
"POINT (7.198431441000025 51.272973991000072)",Unfall 48253 (2023) Kat:3, Licht: 2,48253,3,2,6,08,22,6,0,2,0,1,1,0,0,0
"POINT (7.151956589000065 51.219527532000029)",Unfall 48254 (2023) Kat:3, Licht: 0,48254,3,6,1,08,15,6,0,0,0,1,0,1,0,0
"POINT (7.113876664000031 51.186345336000045)",Unfall 48255 (2023) Kat:3, Licht: 0,48255,3,6,2,08,10,6,0,0,0,1,0,0,0,0
"POINT (7.153229133000025 51.256165564000071)",Unfall 48256 (2023) Kat:3, Licht: 2,48256,3,1,9,08,00,6,0,2,0,1,0,0,0,0
"POINT (7.176576160000025 51.262758113000075)",Unfall 48371 (2023) Kat:3, Licht: 0,48371,3,6,2,08,16,5,0,0,0,1,0,0,0,1
"POINT (7.139005210000050 51.250740686000029)",Unfall 48372 (2023) Kat:3, Licht: 1,48372,3,3,5,08,21,5,0,1,0,1,0,0,0,0
"POINT (7.231234822000033 51.256004407000034)",Unfall 48655 (2023) Kat:3, Licht: 1,48655,3,6,1,08,06,3,1,1,0,0,0,1,1,0
"POINT (7.177922376000026 51.263192136000043)",Unfall 48656 (2023) Kat:3, Licht: 0,48656,3,6,2,08,17,3,0,0,0,1,0,0,0,0
"POINT (7.170181423000031 51.260735271000044)",Unfall 48819 (2023) Kat:3, Licht: 0,48819,3,6,2,09,10,3,0,0,0,1,0,0,0,0
"POINT (7.213167675000022 51.272754501000065)",Unfall 48820 (2023) Kat:3, Licht: 0,48820,3,6,2,09,15,3,0,0,1,1,0,0,0,0
"POINT (7.210295819000066 51.274051721000035)",Unfall 48821 (2023) Kat:3, Licht: 2,48821,3,1,9,09,05,3,0,2,0,1,0,0,0,0
"POINT (7.143304432000036 51.249387355000067)",Unfall 48947 (2023) Kat:3, Licht: 0,48947,3,3,0,09,17,2,0,0,0,1,0,0,0,1
"POINT (7.173532276000060 51.259129792000067)",Unfall 49142 (2023) Kat:2, Licht: 0,49142,2,3,5,09,15,7,0,0,0,1,0,1,0,0
"POINT (7.248862745000054 51.311957988000074)",Unfall 49276 (2023) Kat:3, Licht: 0,49276,3,1,0,09,14,6,0,0,0,0,0,1,0,0
"POINT (7.199012294000056 51.223053116000074)",Unfall 49277 (2023) Kat:3, Licht: 0,49277,3,1,1,09,14,6,0,0,0,1,0,0,0,0
"POINT (7.162557365000055 51.267783516000065)",Unfall 49278 (2023) Kat:2, Licht: 0,49278,2,7,0,09,10,6,0,0,0,1,0,1,0,0
"POINT (7.248884790000034 51.312278302000038)",Unfall 49430 (2023) Kat:3, Licht: 0,49430,3,3,0,09,14,5,0,0,0,1,0,1,0,0
"POINT (7.068612593000069 51.230469949000053)",Unfall 49431 (2023) Kat:2, Licht: 0,49431,2,1,6,09,13,5,0,0,0,1,1,0,0,0
"POINT (7.155389842000034 51.262002112000062)",Unfall 49432 (2023) Kat:3, Licht: 0,49432,3,5,3,09,10,5,0,0,0,1,0,0,0,0
"POINT (7.131408998000040 51.255232025000055)",Unfall 49433 (2023) Kat:3, Licht: 0,49433,3,7,0,09,09,5,0,0,1,1,0,0,0,0
"POINT (7.183034626000051 51.264982984000028)",Unfall 49709 (2023) Kat:3, Licht: 0,49709,3,1,0,09,15,4,0,0,0,0,0,1,0,0
"POINT (7.072635417000072 51.255593620000070)",Unfall 49751 (2023) Kat:2, Licht: 0,49751,2,1,8,09,14,3,0,0,1,0,0,0,0,0
"POINT (7.158406657000057 51.256021815000054)",Unfall 49752 (2023) Kat:3, Licht: 0,49752,3,7,0,09,16,3,0,0,0,0,0,0,0,1
"POINT (7.219495078000023 51.275272346000065)",Unfall 49917 (2023) Kat:3, Licht: 0,49917,3,6,0,09,16,2,0,0,0,0,0,0,0,1
"POINT (7.224215961000027 51.273366789000079)",Unfall 50051 (2023) Kat:1, Licht: 0,50051,1,7,0,09,17,1,0,0,0,1,0,1,0,0
"POINT (7.251049219000038 51.255558602000065)",Unfall 50161 (2023) Kat:2, Licht: 0,50161,2,6,4,09,11,7,0,0,0,1,0,0,0,0
"POINT (7.145868708000023 51.227606350000030)",Unfall 50250 (2023) Kat:3, Licht: 0,50250,3,2,2,09,10,7,0,0,0,1,0,0,0,0
"POINT (7.206793475000040 51.273056498000074)",Unfall 50272 (2023) Kat:3, Licht: 0,50272,3,2,1,09,08,6,0,0,0,1,0,0,0,0
"POINT (7.248818990000075 51.298932460000060)",Unfall 50273 (2023) Kat:3, Licht: 0,50273,3,1,2,09,14,6,1,0,0,1,0,0,0,0
"POINT (7.175837295000065 51.262522766000075)",Unfall 50275 (2023) Kat:3, Licht: 0,50275,3,6,1,09,14,6,1,0,0,1,0,0,0,0
"POINT (7.212144939000041 51.235672819000058)",Unfall 50276 (2023) Kat:3, Licht: 0,50276,3,1,0,09,19,6,1,0,0,0,0,1,0,0
"POINT (7.123974330000067 51.280985683000040)",Unfall 50277 (2023) Kat:3, Licht: 0,50277,3,6,1,09,12,6,1,0,0,1,0,0,0,0
"POINT (7.083012977000067 51.226013372000068)",Unfall 50287 (2023) Kat:3, Licht: 0,50287,3,6,9,09,16,6,1,0,0,1,0,0,0,0
"POINT (7.217878742000039 51.271179083000050)",Unfall 50418 (2023) Kat:3, Licht: 0,50418,3,3,0,08,14,5,1,0,0,1,0,0,0,0
"POINT (7.106262267000034 51.214380496000047)",Unfall 50419 (2023) Kat:2, Licht: 0,50419,2,6,2,08,07,5,0,0,0,1,0,0,0,0
"POINT (7.128942569000060 51.267632102000050)",Unfall 50420 (2023) Kat:3, Licht: 0,50420,3,7,1,08,11,5,0,0,0,0,0,0,1,0
"POINT (7.136495231000026 51.253589838000039)",Unfall 50474 (2023) Kat:3, Licht: 0,50474,3,1,2,09,16,3,0,0,0,1,0,0,0,0
"POINT (7.150334731000044 51.259000832000027)",Unfall 50578 (2023) Kat:3, Licht: 0,50578,3,7,3,08,13,4,1,0,0,1,0,0,0,1
"POINT (7.155018419000044 51.261588727000060)",Unfall 50727 (2023) Kat:2, Licht: 0,50727,2,7,0,08,15,3,0,0,0,1,0,0,0,0
"POINT (7.156252371000051 51.256151031000059)",Unfall 50729 (2023) Kat:3, Licht: 0,50729,3,6,1,08,19,3,0,0,0,1,0,0,0,0
"POINT (7.146936590000053 51.226435589000062)",Unfall 50870 (2023) Kat:3, Licht: 2,50870,3,6,1,08,21,2,0,2,0,1,0,0,0,0
"POINT (7.133953989000076 51.252891487000056)",Unfall 50871 (2023) Kat:3, Licht: 0,50871,3,6,2,08,15,2,0,0,0,1,0,0,0,0
"POINT (7.173575224000047 51.284551147000059)",Unfall 50962 (2023) Kat:3, Licht: 2,50962,3,3,5,09,23,6,0,2,0,1,0,0,0,0
"POINT (7.107432819000053 51.221971226000051)",Unfall 50963 (2023) Kat:3, Licht: 0,50963,3,6,2,09,15,6,0,0,0,1,0,0,0,0
"POINT (7.248389094000061 51.266021748000071)",Unfall 50974 (2023) Kat:3, Licht: 0,50974,3,6,2,09,14,6,0,0,0,1,0,0,0,0
"POINT (7.218527391000066 51.275239168000041)",Unfall 51069 (2023) Kat:3, Licht: 2,51069,3,6,1,09,19,5,1,2,0,1,0,0,0,0
"POINT (7.141267732000074 51.251660230000027)",Unfall 51070 (2023) Kat:3, Licht: 0,51070,3,3,0,09,17,5,1,0,1,1,0,0,0,0
"POINT (7.239091571000074 51.273953190000043)",Unfall 51177 (2023) Kat:3, Licht: 0,51177,3,3,0,09,17,4,0,0,0,0,0,1,0,1
"POINT (7.143236894000040 51.245872789000032)",Unfall 51178 (2023) Kat:3, Licht: 0,51178,3,6,3,09,07,4,0,0,1,1,0,0,0,1
"POINT (7.154148291000070 51.201389613000060)",Unfall 51179 (2023) Kat:2, Licht: 0,51179,2,6,4,09,13,4,0,0,0,1,0,0,0,0
"POINT (7.137408610000023 51.250837302000036)",Unfall 51180 (2023) Kat:3, Licht: 0,51180,3,7,0,09,11,4,0,0,1,0,0,0,0,0
"POINT (7.130771667000033 51.266196615000069)",Unfall 51279 (2023) Kat:3, Licht: 2,51279,3,1,0,09,00,3,1,2,0,0,0,1,0,0
"POINT (7.161813319000032 51.257964781000055)",Unfall 51280 (2023) Kat:3, Licht: 0,51280,3,2,3,09,09,3,0,0,1,1,0,0,0,0
"POINT (7.181199052000068 51.282417170000031)",Unfall 51405 (2023) Kat:2, Licht: 0,51405,2,2,4,09,16,2,0,0,1,1,0,0,0,0
"POINT (7.200354910000044 51.225233882000055)",Unfall 51406 (2023) Kat:3, Licht: 0,51406,3,3,0,09,15,2,0,0,0,1,0,1,0,0
"POINT (7.144203375000075 51.241275508000058)",Unfall 51407 (2023) Kat:2, Licht: 0,51407,2,1,4,09,12,2,0,0,0,1,0,0,0,0
"POINT (7.208289100000059 51.270888770000056)",Unfall 51502 (2023) Kat:2, Licht: 0,51502,2,6,1,09,15,1,0,0,0,1,0,1,0,0
"POINT (7.143862758000068 51.244842819000041)",Unfall 51503 (2023) Kat:1, Licht: 2,51503,1,1,8,09,00,1,0,2,1,1,0,0,0,0
"POINT (7.148340473000076 51.267828445000077)",Unfall 51621 (2023) Kat:3, Licht: 0,51621,3,7,3,09,12,7,0,0,1,1,0,0,0,0
"POINT (7.215462458000047 51.302438325000026)",Unfall 51773 (2023) Kat:3, Licht: 0,51773,3,3,5,09,15,6,0,0,0,1,0,1,0,0
"POINT (7.182609217000049 51.265026209000041)",Unfall 51774 (2023) Kat:3, Licht: 0,51774,3,6,2,09,15,6,0,0,0,1,0,1,0,0
"POINT (7.070372768000027 51.232324707000032)",Unfall 51785 (2023) Kat:3, Licht: 0,51785,3,7,6,09,08,5,0,0,0,1,1,0,0,0
"POINT (7.252258559000040 51.305803998000044)",Unfall 51905 (2023) Kat:3, Licht: 0,51905,3,6,1,09,14,5,0,0,0,1,0,0,0,0
"POINT (7.230794751000076 51.243260078000048)",Unfall 51907 (2023) Kat:2, Licht: 0,51907,2,6,0,09,16,5,0,0,1,0,0,0,0,0
"POINT (7.155746078000050 51.262626586000067)",Unfall 51908 (2023) Kat:3, Licht: 0,51908,3,6,3,09,13,5,0,0,0,1,0,0,0,0
"POINT (7.131920867000076 51.252857918000075)",Unfall 51909 (2023) Kat:2, Licht: 2,51909,2,2,2,09,21,5,0,2,0,1,0,1,0,0
"POINT (7.233950921000030 51.227964356000030)",Unfall 52048 (2023) Kat:3, Licht: 0,52048,3,1,8,09,15,4,1,0,0,1,0,0,0,0
"POINT (7.217847972000072 51.275201406000065)",Unfall 52225 (2023) Kat:3, Licht: 2,52225,3,3,5,10,21,7,0,2,0,1,0,1,0,0
"POINT (7.131594174000043 51.206108995000079)",Unfall 52226 (2023) Kat:3, Licht: 0,52226,3,6,2,10,10,7,0,0,0,1,0,0,0,0
"POINT (7.243897896000021 51.281940553000027)",Unfall 52320 (2023) Kat:3, Licht: 0,52320,3,7,6,10,13,6,0,0,0,1,1,0,0,0
"POINT (7.148563847000048 51.268589609000060)",Unfall 52321 (2023) Kat:3, Licht: 0,52321,3,3,5,10,17,6,0,0,0,1,0,0,0,0
"POINT (7.206768523000051 51.273039092000033)",Unfall 52408 (2023) Kat:3, Licht: 0,52408,3,3,5,10,07,5,0,0,0,1,0,0,0,0
"POINT (7.147606631000031 51.261636807000059)",Unfall 52409 (2023) Kat:2, Licht: 0,52409,2,3,5,10,12,5,0,0,0,1,0,0,0,1
"POINT (7.147613752000041 51.260514140000055)",Unfall 52470 (2023) Kat:2, Licht: 2,52470,2,4,6,10,22,7,0,2,0,1,1,0,0,0
"POINT (7.136539325000058 51.253603056000031)",Unfall 52484 (2023) Kat:3, Licht: 0,52484,3,4,6,10,14,4,0,0,0,1,1,0,0,0
"POINT (7.141943387000026 51.282552175000035)",Unfall 52608 (2023) Kat:3, Licht: 0,52608,3,3,5,10,10,2,0,0,1,1,0,0,0,0
"POINT (7.137052898000036 51.251048675000050)",Unfall 52734 (2023) Kat:3, Licht: 0,52734,3,6,1,10,17,5,0,0,0,1,0,1,0,0