WKT,Name,OBJECTID,UKATEGORIE,UTYP1,UART,UMONAT,USTUNDE,UWOCHENTAG,STRZUSTAND,ULICHTVERH,ISTRAD,ISTPKW,ISTFUSS,ISTKRAD,ISTGKFZ,ISTSONSTIG
"POINT (7.143921318000025 51.247135338000078)",Unfall 171772 (2023) Kat:3, Licht: 0,171772,3,5,1,02,08,6,0,0,0,1,0,0,0,0
"POINT (7.144432929000061 51.260251006000033)",Unfall 171774 (2023) Kat:3, Licht: 0,171774,3,3,5,02,12,6,1,0,1,0,1,0,0,1
"POINT (7.134003611000026 51.260663821000037)",Unfall 171775 (2023) Kat:3, Licht: 0,171775,3,6,1,02,14,6,1,0,0,1,0,0,0,0
"POINT (7.166037640000070 51.239982770000040)",Unfall 171777 (2023) Kat:3, Licht: 0,171777,3,2,3,02,17,6,0,0,1,1,0,0,0,0
"POINT (7.149866012000075 51.245636533000038)",Unfall 171818 (2023) Kat:2, Licht: 2,171818,2,5,1,02,19,6,0,2,1,1,0,0,0,0
"POINT (7.205559993000065 51.273723522000068)",Unfall 171827 (2023) Kat:3, Licht: 2,171827,3,2,6,02,05,5,1,2,0,1,1,0,0,0
"POINT (7.171125721000067 51.262597740000047)",Unfall 171828 (2023) Kat:3, Licht: 0,171828,3,7,8,02,09,5,1,0,1,0,0,0,0,0
"POINT (7.143539299000054 51.260711490000062)",Unfall 171880 (2023) Kat:2, Licht: 2,171880,2,4,6,02,19,4,0,2,0,1,1,0,0,0
"POINT (7.179510715000049 51.276956823000035)",Unfall 171927 (2023) Kat:3, Licht: 2,171927,3,4,6,01,06,3,0,2,0,1,1,0,0,0
"POINT (7.183543727000028 51.263955641000052)",Unfall 171977 (2023) Kat:3, Licht: 0,171977,3,3,5,01,10,2,1,0,0,1,0,0,0,1
"POINT (7.216849607000029 51.274446964000049)",Unfall 172027 (2023) Kat:3, Licht: 0,172027,3,7,6,01,14,7,0,0,0,1,1,0,0,0
"POINT (7.184978597000054 51.272652375000064)",Unfall 172321 (2023) Kat:3, Licht: 2,172321,3,2,6,01,21,7,1,2,0,0,1,0,0,1
"POINT (7.155949483000029 51.246927734000053)",Unfall 172322 (2023) Kat:3, Licht: 2,172322,3,1,9,01,03,7,2,2,0,1,0,0,0,0
"POINT (7.223599186000058 51.268742865000036)",Unfall 172529 (2023) Kat:3, Licht: 0,172529,3,5,1,03,12,5,0,0,0,1,0,0,0,1
"POINT (7.141158036000036 51.277518975000078)",Unfall 172530 (2023) Kat:3, Licht: 0,172530,3,1,8,03,08,5,0,0,0,1,0,0,0,0
"POINT (7.177387702000033 51.283608296000068)",Unfall 172531 (2023) Kat:3, Licht: 0,172531,3,1,5,03,16,5,0,0,0,1,0,0,0,0
"POINT (7.129720285000076 51.246112607000043)",Unfall 172633 (2023) Kat:3, Licht: 1,172633,3,2,5,02,07,3,0,1,1,1,0,0,0,0
"POINT (7.154722825000022 51.257826467000029)",Unfall 172689 (2023) Kat:3, Licht: 0,172689,3,2,5,02,14,2,0,0,1,0,0,0,0,0
"POINT (7.097976160000030 51.237683319000041)",Unfall 172760 (2023) Kat:3, Licht: 0,172760,3,2,1,02,13,7,0,0,0,1,0,0,0,1
"POINT (7.184556789000055 51.261412805000077)",Unfall 172817 (2023) Kat:3, Licht: 0,172817,3,7,0,02,16,6,1,0,0,1,0,0,0,0
"POINT (7.210450762000050 51.270636731000081)",Unfall 172818 (2023) Kat:3, Licht: 0,172818,3,4,6,02,12,6,1,0,0,1,1,0,0,0
"POINT (7.169840998000041 51.259453398000062)",Unfall 172819 (2023) Kat:2, Licht: 2,172819,2,3,5,02,19,6,1,2,0,1,0,0,0,0
"POINT (7.191666616000020 51.268509662000042)",Unfall 172870 (2023) Kat:3, Licht: 0,172870,3,7,6,02,11,6,0,0,0,1,1,0,0,0
"POINT (7.216785599000048 51.281497117000072)",Unfall 172880 (2023) Kat:3, Licht: 2,172880,3,2,6,02,19,5,1,2,0,1,1,0,0,0
"POINT (7.146453277000035 51.256104899000036)",Unfall 172881 (2023) Kat:3, Licht: 0,172881,3,7,6,02,17,5,0,0,0,1,1,0,0,0
"POINT (7.134515652000061 51.205746748000081)",Unfall 172936 (2023) Kat:3, Licht: 0,172936,3,7,0,02,09,4,0,0,0,0,0,1,0,0
"POINT (7.191830887000037 51.263195107000058)",Unfall 173008 (2023) Kat:3, Licht: 0,173008,3,3,5,02,10,2,0,0,0,1,0,0,0,0
"POINT (7.195687996000061 51.265996401000052)",Unfall 173009 (2023) Kat:2, Licht: 2,173009,2,1,9,02,02,2,1,2,0,1,0,0,0,0
"POINT (7.169823799000028 51.259438240000065)",Unfall 173028 (2023) Kat:3, Licht: 0,173028,3,3,5,02,12,1,1,0,0,1,0,0,0,0
"POINT (7.257595282000068 51.282795746000033)",Unfall 173029 (2023) Kat:3, Licht: 0,173029,3,3,5,02,14,1,1,0,1,1,0,0,0,0
"POINT (7.133295467000039 51.204781961000037)",Unfall 173030 (2023) Kat:3, Licht: 1,173030,3,1,0,02,16,1,1,1,0,0,0,1,0,0
"POINT (7.154689709000024 51.270236378000050)",Unfall 173156 (2023) Kat:3, Licht: 2,173156,3,6,1,02,06,5,0,2,0,1,0,0,0,0
"POINT (7.146037728000067 51.262178327000072)",Unfall 173297 (2023) Kat:3, Licht: 0,173297,3,3,5,02,15,3,0,0,1,1,0,0,0,0
"POINT (7.146171164000066 51.256862586000068)",Unfall 173378 (2023) Kat:2, Licht: 2,173378,2,3,6,02,19,2,0,2,1,0,1,0,0,0
"POINT (7.059841723000034 51.221381908000069)",Unfall 173515 (2023) Kat:2, Licht: 0,173515,2,4,6,03,16,7,1,0,0,1,1,0,0,0
"POINT (7.074474664000036 51.232071278000035)",Unfall 173516 (2023) Kat:3, Licht: 0,173516,3,4,6,03,14,7,1,0,0,1,1,0,0,0
"POINT (7.223782715000027 51.266933085000062)",Unfall 173618 (2023) Kat:3, Licht: 1,173618,3,4,6,03,07,5,0,1,0,1,1,0,0,0
"POINT (7.216840062000074 51.274480190000077)",Unfall 173839 (2023) Kat:3, Licht: 0,173839,3,4,6,03,14,7,0,0,0,1,1,0,0,0
"POINT (7.140049522000027 51.261543480000057)",Unfall 173840 (2023) Kat:3, Licht: 1,173840,3,4,6,03,18,7,0,1,0,1,1,0,0,0
"POINT (7.152865161000022 51.266918504000046)",Unfall 173897 (2023) Kat:3, Licht: 0,173897,3,2,6,03,13,6,0,0,0,1,1,0,0,0
"POINT (7.231822930000021 51.287165949000041)",Unfall 173952 (2023) Kat:3, Licht: 0,173952,3,3,0,03,08,5,0,0,0,1,0,0,0,1
"POINT (7.198868405000042 51.272341932000074)",Unfall 173953 (2023) Kat:3, Licht: 0,173953,3,6,2,03,15,5,0,0,0,0,0,1,0,0
"POINT (7.083293624000021 51.223167619000037)",Unfall 173954 (2023) Kat:3, Licht: 2,173954,3,6,0,03,18,5,0,2,0,1,0,1,0,0
"POINT (7.136673677000033 51.253393203000030)",Unfall 173955 (2023) Kat:3, Licht: 0,173955,3,4,6,03,11,5,0,0,0,1,1,0,0,0
"POINT (7.194679863000033 51.290371816000061)",Unfall 174083 (2023) Kat:3, Licht: 0,174083,3,1,8,03,15,2,0,0,0,1,0,0,0,0
"POINT (7.191460276000043 51.269915445000038)",Unfall 174186 (2023) Kat:3, Licht: 0,174186,3,4,6,03,11,6,1,0,0,1,1,0,0,0
"POINT (7.147305321000033 51.270307952000053)",Unfall 174259 (2023) Kat:3, Licht: 0,174259,3,2,5,03,13,5,1,0,0,1,0,0,0,0
"POINT (7.255495026000062 51.305712199000027)",Unfall 174306 (2023) Kat:3, Licht: 0,174306,3,6,4,03,09,4,2,0,0,1,0,0,0,1
"POINT (7.147811720000050 51.276201469000057)",Unfall 174307 (2023) Kat:3, Licht: 0,174307,3,1,8,03,09,4,2,0,0,1,0,0,0,0
"POINT (7.146489727000073 51.259917236000035)",Unfall 174308 (2023) Kat:3, Licht: 2,174308,3,4,6,03,19,4,1,2,0,1,1,0,0,0
"POINT (7.189031773000067 51.269700026000066)",Unfall 174491 (2023) Kat:3, Licht: 0,174491,3,7,0,03,12,7,1,0,0,1,0,0,0,0
"POINT (7.134226547000026 51.258041249000030)",Unfall 174492 (2023) Kat:3, Licht: 0,174492,3,5,8,03,16,7,0,0,1,1,0,0,0,0
"POINT (7.225737000000038 51.279521110000076)",Unfall 174589 (2023) Kat:2, Licht: 0,174589,2,4,6,04,16,3,0,0,0,1,1,0,0,0
"POINT (7.216825463000021 51.281463874000053)",Unfall 174640 (2023) Kat:3, Licht: 0,174640,3,3,0,04,07,2,0,0,0,1,0,0,0,1
"POINT (7.148338645000024 51.274669753000069)",Unfall 174641 (2023) Kat:2, Licht: 0,174641,2,3,5,04,19,2,0,0,0,1,0,1,0,0
"POINT (7.232831905000069 51.285660453000048)",Unfall 174696 (2023) Kat:3, Licht: 0,174696,3,2,5,04,08,7,0,0,0,1,0,0,0,0
"POINT (7.181309373000033 51.264657935000059)",Unfall 174782 (2023) Kat:3, Licht: 0,174782,3,7,1,04,16,5,0,0,0,1,0,0,0,1
"POINT (7.148702771000046 51.250983929000029)",Unfall 174860 (2023) Kat:3, Licht: 0,174860,3,7,6,04,15,3,0,0,0,1,1,0,0,0
"POINT (7.136669780000034 51.258045798000069)",Unfall 174891 (2023) Kat:3, Licht: 0,174891,3,3,5,04,16,2,0,0,1,1,0,0,0,0
"POINT (7.197396164000054 51.273292767000044)",Unfall 174919 (2023) Kat:2, Licht: 2,174919,2,5,1,04,22,1,0,2,1,1,0,0,0,0
"POINT (7.216565260000039 51.281677549000051)",Unfall 174950 (2023) Kat:3, Licht: 0,174950,3,6,2,04,14,7,0,0,0,1,0,0,0,0
"POINT (7.107450703000040 51.256845982000073)",Unfall 174952 (2023) Kat:2, Licht: 0,174952,2,4,6,04,16,7,0,0,0,1,1,0,0,0
"POINT (7.167646423000065 51.257849236000027)",Unfall 175366 (2023) Kat:3, Licht: 0,175366,3,7,0,03,15,5,0,0,0,1,0,0,0,0
"POINT (7.217105567000033 51.281215563000046)",Unfall 175492 (2023) Kat:3, Licht: 2,175492,3,7,6,03,05,3,0,2,0,1,1,0,0,0
"POINT (7.192481917000066 51.268953805000081)",Unfall 175494 (2023) Kat:3, Licht: 0,175494,3,2,6,03,14,3,0,0,0,1,1,0,0,0
"POINT (7.149956222000071 51.214553085000034)",Unfall 175563 (2023) Kat:3, Licht: 0,175563,3,6,2,03,14,2,1,0,0,1,0,0,0,0
"POINT (7.211505436000039 51.287525574000028)",Unfall 175564 (2023) Kat:3, Licht: 0,175564,3,7,0,03,15,2,0,0,0,0,1,0,1,0
"POINT (7.148453921000055 51.233957136000072)",Unfall 175565 (2023) Kat:3, Licht: 0,175565,3,6,2,03,18,2,0,0,0,1,0,0,0,0
"POINT (7.132839611000065 51.250883242000043)",Unfall 175605 (2023) Kat:3, Licht: 0,175605,3,7,0,03,13,1,1,0,1,1,0,0,0,0
"POINT (7.153580886000043 51.268647371000043)",Unfall 175640 (2023) Kat:3, Licht: 0,175640,3,5,1,05,13,6,0,0,0,1,0,0,0,0
"POINT (7.229495109000027 51.282006948000060)",Unfall 175708 (2023) Kat:3, Licht: 0,175708,3,7,6,05,17,5,0,0,0,1,1,0,0,0
"POINT (7.205024150000042 51.269009018000077)",Unfall 175709 (2023) Kat:3, Licht: 0,175709,3,4,6,05,17,5,0,0,1,0,1,0,0,0
"POINT (7.109597582000049 51.228097995000041)",Unfall 175710 (2023) Kat:2, Licht: 0,175710,2,6,0,05,13,5,0,0,1,0,0,0,0,0
"POINT (7.224779560000059 51.267521991000081)",Unfall 175855 (2023) Kat:3, Licht: 0,175855,3,2,6,05,16,3,0,0,0,1,1,0,0,0
"POINT (7.064267291000021 51.219432277000067)",Unfall 175856 (2023) Kat:3, Licht: 0,175856,3,3,5,05,16,3,0,0,0,1,0,1,0,0
"POINT (7.172539277000055 51.303976302000081)",Unfall 176073 (2023) Kat:3, Licht: 0,176073,3,5,6,04,15,6,1,0,0,1,1,0,0,0
"POINT (7.183236635000071 51.263207551000050)",Unfall 176215 (2023) Kat:3, Licht: 0,176215,3,1,5,04,09,4,0,0,0,1,0,0,0,0
"POINT (7.145883114000071 51.276574922000066)",Unfall 176336 (2023) Kat:3, Licht: 0,176336,3,6,2,04,15,2,1,0,1,1,0,0,0,0
"POINT (7.087373522000064 51.233637242000043)",Unfall 176337 (2023) Kat:3, Licht: 0,176337,3,7,6,04,08,2,1,0,0,1,1,0,0,0
"POINT (7.146039456000040 51.262169824000068)",Unfall 176380 (2023) Kat:3, Licht: 0,176380,3,3,5,04,15,1,0,0,1,1,0,0,0,0
"POINT (7.108237719000044 51.279228550000028)",Unfall 176382 (2023) Kat:3, Licht: 0,176382,3,5,1,04,17,1,1,0,0,1,0,0,0,1
"POINT (7.157789869000055 51.293297339000048)",Unfall 176616 (2023) Kat:3, Licht: 0,176616,3,7,8,04,17,5,0,0,1,0,0,0,0,0
"POINT (7.202271678000045 51.273620003000076)",Unfall 176626 (2023) Kat:3, Licht: 0,176626,3,6,2,04,15,4,0,0,0,1,0,0,0,0
"POINT (7.185002979000046 51.266753339000047)",Unfall 176627 (2023) Kat:3, Licht: 0,176627,3,1,0,04,07,4,0,0,1,0,0,0,0,0
"POINT (7.143124922000027 51.258354343000065)",Unfall 176730 (2023) Kat:2, Licht: 2,176730,2,4,6,05,21,6,0,2,0,1,1,0,0,0
"POINT (7.144802548000030 51.229824591000067)",Unfall 176731 (2023) Kat:3, Licht: 0,176731,3,6,2,05,11,6,0,0,0,1,0,0,0,0
"POINT (7.215944851000074 51.275703796000073)",Unfall 176943 (2023) Kat:3, Licht: 0,176943,3,5,6,05,11,3,0,0,0,1,1,0,0,0
"POINT (7.194641730000058 51.229008479000072)",Unfall 177020 (2023) Kat:2, Licht: 0,177020,2,1,0,05,14,2,0,0,1,0,0,0,0,0
"POINT (7.175771388000044 51.258972617000040)",Unfall 177075 (2023) Kat:3, Licht: 0,177075,3,3,5,05,16,1,0,0,0,1,0,0,0,1
"POINT (7.219701119000035 51.267058606000035)",Unfall 177210 (2023) Kat:3, Licht: 0,177210,3,3,0,05,14,6,0,0,1,1,0,0,0,0
"POINT (7.141663209000058 51.256983221000041)",Unfall 177211 (2023) Kat:3, Licht: 1,177211,3,6,2,05,21,6,0,1,0,1,0,0,0,0
"POINT (7.111550788000045 51.259408128000075)",Unfall 177357 (2023) Kat:3, Licht: 0,177357,3,1,0,05,18,7,1,0,1,0,0,0,0,0
"POINT (7.231313911000029 51.286732649000044)",Unfall 177424 (2023) Kat:3, Licht: 0,177424,3,7,0,05,18,5,0,0,1,0,0,0,0,0
"POINT (7.133107450000068 51.266071965000037)",Unfall 177429 (2023) Kat:3, Licht: 2,177429,3,3,5,05,21,3,1,2,0,1,0,0,0,0
"POINT (7.177007631000038 51.259473450000030)",Unfall 177503 (2023) Kat:3, Licht: 0,177503,3,3,5,05,15,2,1,0,0,1,0,0,0,0
"POINT (7.181424835000030 51.261835272000042)",Unfall 177612 (2023) Kat:3, Licht: 0,177612,3,3,0,05,17,7,0,0,0,1,0,0,0,0
"POINT (7.131467486000076 51.199637118000055)",Unfall 177739 (2023) Kat:3, Licht: 0,177739,3,6,2,06,17,7,0,0,0,1,0,0,0,0
"POINT (7.146274586000061 51.264946772000030)",Unfall 177801 (2023) Kat:3, Licht: 0,177801,3,7,1,06,16,6,0,0,1,1,0,0,0,0
"POINT (7.219151653000040 51.270118922000051)",Unfall 177867 (2023) Kat:3, Licht: 0,177867,3,4,6,06,07,5,0,0,0,1,1,0,0,0
"POINT (7.137129674000050 51.259507437000082)",Unfall 177964 (2023) Kat:3, Licht: 0,177964,3,2,5,05,15,4,0,0,0,1,0,0,0,1
"POINT (7.175736712000059 51.264464171000043)",Unfall 178048 (2023) Kat:3, Licht: 0,178048,3,2,4,05,15,3,0,0,1,1,0,0,0,0
"POINT (7.201456530000030 51.273320877000060)",Unfall 178049 (2023) Kat:2, Licht: 0,178049,2,7,0,05,13,3,0,0,0,1,0,0,0,0
"POINT (7.136416130000043 51.253919640000049)",Unfall 178050 (2023) Kat:3, Licht: 0,178050,3,3,0,05,07,3,0,0,0,0,0,1,0,0
"POINT (7.069348712000021 51.231699462000051)",Unfall 178086 (2023) Kat:3, Licht: 1,178086,3,2,5,05,20,3,0,1,1,1,0,0,0,0
"POINT (7.225204514000040 51.283286302000079)",Unfall 178112 (2023) Kat:3, Licht: 0,178112,3,7,4,05,17,2,0,0,1,0,0,0,0,0
"POINT (7.215042869000058 51.280692750000071)",Unfall 178226 (2023) Kat:3, Licht: 0,178226,3,1,0,05,21,7,0,0,0,1,0,1,0,0
"POINT (7.049184923000041 51.215587324000069)",Unfall 178421 (2023) Kat:3, Licht: 0,178421,3,7,0,05,20,5,0,0,0,1,0,0,0,0
"POINT (7.214474710000047 51.275647267000068)",Unfall 178425 (2023) Kat:3, Licht: 0,178425,3,3,5,05,17,7,0,0,1,1,0,0,0,0
"POINT (7.211494008000045 51.275984709000056)",Unfall 178494 (2023) Kat:3, Licht: 0,178494,3,4,6,05,16,4,0,0,0,1,1,0,0,0
"POINT (7.192729680000070 51.243576362000056)",Unfall 178571 (2023) Kat:3, Licht: 0,178571,3,2,5,05,09,3,0,0,1,1,0,0,0,0
"POINT (7.294011373000046 51.248746806000042)",Unfall 178703 (2023) Kat:3, Licht: 0,178703,3,6,4,05,16,1,0,0,1,1,0,0,0,0
"POINT (7.192649305000032 51.275309651000043)",Unfall 178798 (2023) Kat:3, Licht: 0,178798,3,7,6,06,14,5,0,0,0,0,1,0,0,1
"POINT (7.091916770000068 51.239340076000076)",Unfall 179067 (2023) Kat:3, Licht: 0,179067,3,2,1,06,11,2,0,0,0,1,0,0,0,0
"POINT (7.215601472000060 51.277119046000053)",Unfall 179141 (2023) Kat:3, Licht: 2,179141,3,7,6,06,01,1,0,2,0,0,1,0,0,1
"POINT (7.205216266000036 51.273716213000057)",Unfall 179142 (2023) Kat:3, Licht: 0,179142,3,5,1,06,15,1,0,0,1,1,0,0,0,1
"POINT (7.144782618000022 51.249058643000069)",Unfall 179192 (2023) Kat:3, Licht: 1,179192,3,1,1,06,21,7,0,1,0,1,0,1,0,0
"POINT (7.147354414000063 51.270881320000058)",Unfall 179280 (2023) Kat:3, Licht: 0,179280,3,6,0,06,19,6,1,0,0,0,0,1,0,0
"POINT (7.201622203000056 51.227205642000058)",Unfall 179425 (2023) Kat:3, Licht: 0,179425,3,7,6,06,10,4,0,0,0,1,1,0,0,0
"POINT (7.175266267000040 51.264216554000029)",Unfall 179426 (2023) Kat:3, Licht: 0,179426,3,2,5,06,17,4,0,0,1,1,0,0,0,0
"POINT (7.127879425000060 51.266867706000028)",Unfall 179427 (2023) Kat:3, Licht: 0,179427,3,1,0,06,15,4,0,0,1,0,0,0,0,0
"POINT (7.078334854000047 51.219397651000065)",Unfall 179428 (2023) Kat:3, Licht: 0,179428,3,1,8,06,16,4,0,0,1,0,0,0,0,0
"POINT (7.079932249000024 51.239203703000044)",Unfall 179429 (2023) Kat:3, Licht: 0,179429,3,1,0,06,19,4,0,0,1,0,0,0,0,0
"POINT (7.214474710000047 51.275647267000068)",Unfall 179536 (2023) Kat:3, Licht: 0,179536,3,3,5,06,19,3,0,0,1,1,0,0,0,0
"POINT (7.146268678000069 51.258039253000049)",Unfall 179537 (2023) Kat:3, Licht: 0,179537,3,3,5,06,15,3,0,0,1,1,0,0,0,0
"POINT (7.212952064000035 51.273233036000079)",Unfall 179651 (2023) Kat:3, Licht: 0,179651,3,5,3,06,09,2,0,0,1,1,0,0,0,0
"POINT (7.215480989000071 51.280754985000044)",Unfall 179718 (2023) Kat:3, Licht: 1,179718,3,3,5,06,20,1,0,1,0,1,0,1,0,0
"POINT (7.203104769000049 51.273199295000040)",Unfall 179752 (2023) Kat:3, Licht: 0,179752,3,4,6,06,18,6,0,0,0,1,1,0,0,0
"POINT (7.172331288000066 51.258618818000059)",Unfall 179811 (2023) Kat:3, Licht: 0,179811,3,6,5,06,15,5,0,0,0,1,0,1,0,0
"POINT (7.253298330000064 51.275227025000049)",Unfall 179857 (2023) Kat:3, Licht: 0,179857,3,4,3,06,16,4,0,0,0,1,1,0,0,0
"POINT (7.180967148000036 51.262424175000035)",Unfall 179904 (2023) Kat:3, Licht: 0,179904,3,3,5,06,08,3,0,0,0,1,0,0,0,0
"POINT (7.145705513000053 51.259422146000077)",Unfall 179905 (2023) Kat:2, Licht: 0,179905,2,1,0,06,16,3,0,0,1,0,0,0,0,0
"POINT (7.136613823000062 51.261378912000055)",Unfall 179906 (2023) Kat:3, Licht: 0,179906,3,6,1,06,21,3,0,0,1,1,0,0,0,0
"POINT (7.180967148000036 51.262424175000035)",Unfall 179968 (2023) Kat:2, Licht: 0,179968,2,3,9,06,19,2,0,0,0,1,0,0,0,0
"POINT (7.191590450000035 51.220833468000080)",Unfall 179969 (2023) Kat:3, Licht: 0,179969,3,3,5,06,12,2,0,0,1,1,0,0,0,0
"POINT (7.137069659000076 51.252734728000064)",Unfall 179970 (2023) Kat:3, Licht: 0,179970,3,4,6,06,11,2,0,0,0,1,1,0,0,0
"POINT (7.139737853000042 51.208732106000070)",Unfall 180017 (2023) Kat:2, Licht: 0,180017,2,1,9,06,20,1,0,0,0,0,0,1,0,0
"POINT (7.198478630000068 51.271378788000050)",Unfall 180155 (2023) Kat:3, Licht: 0,180155,3,6,2,06,18,6,0,0,0,1,0,0,0,0
"POINT (7.055792524000026 51.212033676000033)",Unfall 180193 (2023) Kat:3, Licht: 0,180193,3,6,2,06,14,6,0,0,0,1,0,0,0,0
"POINT (7.146124731000043 51.258486693000066)",Unfall 180231 (2023) Kat:3, Licht: 0,180231,3,4,6,06,15,5,0,0,1,0,1,0,0,0
"POINT (7.227049758000021 51.279305067000053)",Unfall 180421 (2023) Kat:2, Licht: 0,180421,2,7,0,06,11,3,0,0,0,1,0,0,0,0
"POINT (7.213605260000065 51.272477093000077)",Unfall 180422 (2023) Kat:3, Licht: 0,180422,3,7,6,06,12,3,0,0,0,1,1,0,0,0
"POINT (7.174659402000032 51.273285432000080)",Unfall 180423 (2023) Kat:3, Licht: 0,180423,3,6,2,06,09,3,0,0,0,1,0,0,0,0
"POINT (7.146173754000074 51.261509094000075)",Unfall 180556 (2023) Kat:3, Licht: 0,180556,3,3,5,06,12,5,0,0,1,1,0,0,0,0
"POINT (7.193628189000037 51.267044312000053)",Unfall 180599 (2023) Kat:3, Licht: 0,180599,3,7,6,06,11,1,0,0,0,1,1,0,0,0
"POINT (7.118619342000045 51.249694806000036)",Unfall 180668 (2023) Kat:3, Licht: 0,180668,3,6,0,06,11,7,0,0,1,1,0,0,0,0
"POINT (7.177966288000050 51.242334416000062)",Unfall 180765 (2023) Kat:3, Licht: 0,180765,3,7,5,06,13,6,0,0,1,1,0,0,0,0
"POINT (7.159729207000055 51.282282619000057)",Unfall 180766 (2023) Kat:3, Licht: 0,180766,3,6,6,06,05,6,0,0,1,0,1,0,0,0
"POINT (7.075512648000029 51.230886650000059)",Unfall 180852 (2023) Kat:3, Licht: 0,180852,3,6,2,07,18,2,1,0,0,1,0,0,0,0
"POINT (7.207357445000071 51.299511062000079)",Unfall 180995 (2023) Kat:2, Licht: 0,180995,2,1,0,07,19,6,0,0,0,0,0,1,0,0
"POINT (7.238893733000054 51.276707228000078)",Unfall 181183 (2023) Kat:3, Licht: 0,181183,3,1,0,07,12,3,0,0,1,0,0,0,0,0
"POINT (7.182977716000039 51.270834338000043)",Unfall 181184 (2023) Kat:3, Licht: 0,181184,3,2,2,07,19,3,0,0,1,0,0,0,0,0
"POINT (7.139481079000063 51.231542370000057)",Unfall 181295 (2023) Kat:3, Licht: 0,181295,3,1,0,07,11,1,0,0,1,0,0,0,0,0
"POINT (7.178426281000043 51.265365815000052)",Unfall 181348 (2023) Kat:2, Licht: 0,181348,2,3,5,07,20,7,0,0,1,1,0,0,0,0
"POINT (7.239428407000048 51.284310854000069)",Unfall 181349 (2023) Kat:3, Licht: 0,181349,3,5,1,07,08,7,0,0,0,1,0,0,0,1
"POINT (7.143991482000047 51.226075286000082)",Unfall 181350 (2023) Kat:3, Licht: 0,181350,3,3,5,07,20,7,0,0,1,1,0,0,0,0
"POINT (7.214699239000026 51.264859309000030)",Unfall 181431 (2023) Kat:2, Licht: 0,181431,2,7,0,07,16,6,0,0,1,0,0,0,0,0
"POINT (7.153712510000048 51.245488633000036)",Unfall 181432 (2023) Kat:3, Licht: 0,181432,3,5,1,07,17,6,0,0,0,1,0,0,0,0
"POINT (7.191473916000064 51.277816026000039)",Unfall 181637 (2023) Kat:3, Licht: 0,181637,3,7,8,07,12,3,0,0,0,1,0,0,0,0
"POINT (7.089001197000073 51.235884043000055)",Unfall 181703 (2023) Kat:3, Licht: 2,181703,3,7,0,07,01,2,0,2,0,1,0,0,0,0
"POINT (7.229080820000036 51.275042587000030)",Unfall 181867 (2023) Kat:3, Licht: 0,181867,3,4,6,08,18,2,0,0,0,1,1,0,0,0
"POINT (7.222742736000043 51.274765182000067)",Unfall 181897 (2023) Kat:2, Licht: 0,181897,2,7,0,08,11,1,0,0,0,0,1,0,0,1
"POINT (7.205411278000042 51.272468026000070)",Unfall 182003 (2023) Kat:3, Licht: 0,182003,3,7,6,08,16,6,1,0,1,0,1,0,0,0
"POINT (7.218940052000050 51.268978654000080)",Unfall 182109 (2023) Kat:3, Licht: 1,182109,3,3,5,08,06,4,0,1,1,1,0,0,0,0
"POINT (7.141624810000053 51.259129901000051)",Unfall 182122 (2023) Kat:2, Licht: 1,182122,2,1,8,08,21,2,0,1,1,0,0,0,0,0
"POINT (7.123759097000061 51.250043107000067)",Unfall 182262 (2023) Kat:2, Licht: 0,182262,2,1,0,07,16,1,0,0,1,0,0,0,0,0
"POINT (7.155074883000054 51.253104964000045)",Unfall 182300 (2023) Kat:3, Licht: 0,182300,3,4,6,07,13,7,0,0,0,1,1,0,0,0
"POINT (7.256591515000025 51.283132074000036)",Unfall 182382 (2023) Kat:3, Licht: 0,182382,3,6,3,08,14,1,1,0,0,1,0,0,0,0
"POINT (7.198828061000029 51.272403637000082)",Unfall 182410 (2023) Kat:3, Licht: 0,182410,3,3,5,07,16,5,1,0,1,1,0,0,0,0
"POINT (7.148444332000054 51.265119249000065)",Unfall 182411 (2023) Kat:3, Licht: 2,182411,3,5,1,07,00,5,0,2,1,1,0,0,0,0
"POINT (7.152446703000066 51.248594163000064)",Unfall 182412 (2023) Kat:3, Licht: 0,182412,3,2,5,07,15,5,1,0,0,1,0,0,0,0
"POINT (7.089471749000040 51.236845978000076)",Unfall 182551 (2023) Kat:3, Licht: 0,182551,3,1,0,07,16,2,1,0,1,0,0,0,0,0
"POINT (7.078598934000070 51.233108691000041)",Unfall 182593 (2023) Kat:3, Licht: 1,182593,3,7,8,07,20,1,1,1,0,1,0,0,0,0
"POINT (7.121875202000069 51.238434654000059)",Unfall 182635 (2023) Kat:3, Licht: 0,182635,3,1,0,07,17,7,0,0,1,0,0,0,0,0
"POINT (7.089562311000066 51.260229378000076)",Unfall 182636 (2023) Kat:3, Licht: 0,182636,3,1,9,07,18,7,0,0,0,1,0,0,0,0
"POINT (7.214007080000044 51.224743787000079)",Unfall 182691 (2023) Kat:3, Licht: 0,182691,3,7,0,07,10,6,0,0,0,0,1,0,0,1