WKT,Name,OBJECTID,UKATEGORIE,UTYP1,UART,UMONAT,USTUNDE,UWOCHENTAG,STRZUSTAND,ULICHTVERH,ISTRAD,ISTPKW,ISTFUSS,ISTKRAD,ISTGKFZ,ISTSONSTIG
"POINT (7.180520371000057 51.266122250000080)",Unfall 182814 (2023) Kat:3, Licht: 0,182814,3,3,5,07,11,4,0,0,0,1,0,0,0,0
"POINT (7.223304806000044 51.275645827000062)",Unfall 182815 (2023) Kat:3, Licht: 0,182815,3,4,6,07,21,4,0,0,0,1,1,0,0,0
"POINT (7.222280559000069 51.265764065000042)",Unfall 182925 (2023) Kat:2, Licht: 0,182925,2,3,1,08,11,1,0,0,1,1,0,0,0,0
"POINT (7.143838665000033 51.265699371000039)",Unfall 182969 (2023) Kat:2, Licht: 2,182969,2,1,0,08,00,7,0,2,1,0,0,0,0,0
"POINT (7.083225609000067 51.246756748000053)",Unfall 183113 (2023) Kat:3, Licht: 0,183113,3,6,1,08,11,5,0,0,0,0,0,1,0,1
"POINT (7.091488781000066 51.242817078000030)",Unfall 183182 (2023) Kat:3, Licht: 0,183182,3,1,3,08,13,4,0,0,1,0,0,0,1,0
"POINT (7.201455063000026 51.274927497000078)",Unfall 183566 (2023) Kat:2, Licht: 0,183566,2,7,0,08,13,6,0,0,0,1,0,0,0,0
"POINT (7.254118270000049 51.281949510000061)",Unfall 183675 (2023) Kat:3, Licht: 0,183675,3,6,2,08,18,5,0,0,0,1,0,1,0,0
"POINT (7.083000307000020 51.232781956000053)",Unfall 183724 (2023) Kat:3, Licht: 0,183724,3,7,0,08,14,1,0,0,1,0,0,0,0,0
"POINT (7.166004929000053 51.260765354000057)",Unfall 183761 (2023) Kat:3, Licht: 0,183761,3,5,0,08,10,4,0,0,1,1,0,0,0,0
"POINT (7.149608088000036 51.258032979000063)",Unfall 183841 (2023) Kat:2, Licht: 0,183841,2,4,6,08,10,3,0,0,0,1,1,0,0,0
"POINT (7.145140705000074 51.257447289000027)",Unfall 183842 (2023) Kat:3, Licht: 0,183842,3,7,6,08,18,3,0,0,1,0,1,0,0,0
"POINT (7.129472176000036 51.227705885000034)",Unfall 183963 (2023) Kat:3, Licht: 0,183963,3,2,5,09,15,7,0,0,1,1,0,0,0,0
"POINT (7.181289405000030 51.262532613000076)",Unfall 184205 (2023) Kat:3, Licht: 0,184205,3,7,0,08,08,4,0,0,1,0,0,0,0,0
"POINT (7.187820120000026 51.229961875000072)",Unfall 184206 (2023) Kat:3, Licht: 0,184206,3,7,6,08,07,4,0,0,0,1,1,0,0,0
"POINT (7.235806975000060 51.284260731000074)",Unfall 184283 (2023) Kat:3, Licht: 1,184283,3,1,0,08,06,3,1,1,0,0,0,1,0,0
"POINT (7.135227624000038 51.255431397000052)",Unfall 184284 (2023) Kat:3, Licht: 0,184284,3,6,4,08,17,3,0,0,1,1,0,0,0,0
"POINT (7.138825634000057 51.260641499000030)",Unfall 184285 (2023) Kat:3, Licht: 1,184285,3,7,0,08,06,3,0,1,0,1,0,0,0,0
"POINT (7.183538918000067 51.276807090000034)",Unfall 184408 (2023) Kat:2, Licht: 0,184408,2,6,0,08,10,1,1,0,1,0,0,0,0,1
"POINT (7.228015674000062 51.282998898000073)",Unfall 184481 (2023) Kat:3, Licht: 0,184481,3,3,5,08,14,7,0,0,1,1,0,0,0,0
"POINT (7.130909951000035 51.253867261000039)",Unfall 184482 (2023) Kat:3, Licht: 2,184482,3,4,6,08,23,7,0,2,0,1,1,0,0,0
"POINT (7.141808092000076 51.250857149000069)",Unfall 184554 (2023) Kat:3, Licht: 0,184554,3,6,3,08,15,6,1,0,0,1,0,0,0,1
"POINT (7.071847838000053 51.237910394000039)",Unfall 184555 (2023) Kat:3, Licht: 0,184555,3,4,6,08,08,6,0,0,0,1,1,0,0,0
"POINT (7.150795411000047 51.257308896000040)",Unfall 184647 (2023) Kat:3, Licht: 0,184647,3,1,0,08,16,5,0,0,0,1,1,0,0,0
"POINT (7.225763934000042 51.279564439000069)",Unfall 184750 (2023) Kat:3, Licht: 1,184750,3,3,0,08,22,4,0,1,0,0,0,1,0,1
"POINT (7.189823875000059 51.267505762000042)",Unfall 184844 (2023) Kat:3, Licht: 0,184844,3,3,5,08,14,3,0,0,1,1,0,0,0,0
"POINT (7.140130319000036 51.253575477000027)",Unfall 184845 (2023) Kat:3, Licht: 0,184845,3,6,8,08,16,3,0,0,0,1,0,0,0,0
"POINT (7.160519455000042 51.275603211000032)",Unfall 184957 (2023) Kat:3, Licht: 0,184957,3,7,1,08,15,2,0,0,1,1,0,0,0,0
"POINT (7.144319536000069 51.258806727000035)",Unfall 184958 (2023) Kat:3, Licht: 0,184958,3,3,5,08,13,2,0,0,0,1,0,0,0,1
"POINT (7.133091980000074 51.261972591000074)",Unfall 184959 (2023) Kat:2, Licht: 0,184959,2,1,0,08,15,2,0,0,1,0,0,0,0,0
"POINT (7.198095338000030 51.272123705000070)",Unfall 185002 (2023) Kat:3, Licht: 0,185002,3,1,0,09,06,5,0,0,0,0,0,1,0,0
"POINT (7.217996319000065 51.223819317000050)",Unfall 185003 (2023) Kat:2, Licht: 0,185003,2,6,2,09,12,5,0,0,0,1,0,0,0,0
"POINT (7.111057216000063 51.252325444000064)",Unfall 185004 (2023) Kat:3, Licht: 0,185004,3,1,8,09,16,5,0,0,0,0,0,1,0,0
"POINT (7.221950916000026 51.275923786000078)",Unfall 185226 (2023) Kat:3, Licht: 0,185226,3,5,0,09,17,2,0,0,0,1,0,0,0,1
"POINT (7.146364003000031 51.259694355000079)",Unfall 185227 (2023) Kat:2, Licht: 0,185227,2,7,0,09,07,2,0,0,0,1,1,0,0,0
"POINT (7.131431083000052 51.251308917000074)",Unfall 185275 (2023) Kat:3, Licht: 0,185275,3,6,3,09,16,1,0,0,1,1,0,0,0,0
"POINT (7.163961105000055 51.286364553000055)",Unfall 185382 (2023) Kat:3, Licht: 0,185382,3,4,0,09,09,7,0,0,0,1,1,0,0,0
"POINT (7.216562367000051 51.281679821000068)",Unfall 185449 (2023) Kat:3, Licht: 0,185449,3,6,2,09,11,6,0,0,0,1,0,0,0,0
"POINT (7.112389624000059 51.259909786000037)",Unfall 185450 (2023) Kat:3, Licht: 0,185450,3,7,0,09,14,6,0,0,0,0,0,0,0,1
"POINT (7.145756617000075 51.263630975000069)",Unfall 185451 (2023) Kat:3, Licht: 0,185451,3,3,5,09,07,6,0,0,1,1,0,0,0,0
"POINT (7.214961554000070 51.284209593000071)",Unfall 185563 (2023) Kat:3, Licht: 0,185563,3,6,2,09,14,5,0,0,0,1,0,0,0,0
"POINT (7.124298915000054 51.269239331000051)",Unfall 185564 (2023) Kat:3, Licht: 0,185564,3,2,6,09,14,5,0,0,0,1,1,0,0,0
"POINT (7.067926648000025 51.229934428000035)",Unfall 185675 (2023) Kat:3, Licht: 0,185675,3,4,0,09,12,4,0,0,0,0,1,0,0,1
"POINT (7.133969172000036 51.254944863000048)",Unfall 185677 (2023) Kat:3, Licht: 2,185677,3,6,5,09,22,4,0,2,1,0,0,0,0,0
"POINT (7.211626649000038 51.280796277000036)",Unfall 185795 (2023) Kat:3, Licht: 0,185795,3,1,0,09,06,3,0,0,1,0,0,0,0,0
"POINT (7.212727288000053 51.268978433000029)",Unfall 185903 (2023) Kat:3, Licht: 0,185903,3,7,6,09,16,2,0,0,0,1,1,0,0,0
"POINT (7.183568396000055 51.263963578000073)",Unfall 185989 (2023) Kat:3, Licht: 0,185989,3,2,5,09,15,5,0,0,0,1,0,0,0,1
"POINT (7.148235605000025 51.260577504000082)",Unfall 186059 (2023) Kat:3, Licht: 0,186059,3,1,9,09,17,4,0,0,0,1,0,0,0,0
"POINT (7.154506946000026 51.267993574000059)",Unfall 186131 (2023) Kat:3, Licht: 2,186131,3,7,0,09,14,3,0,2,1,0,0,0,0,0
"POINT (7.161954182000045 51.241166113000077)",Unfall 186132 (2023) Kat:3, Licht: 0,186132,3,3,4,09,07,3,0,0,0,1,0,0,0,0
"POINT (7.146135943000047 51.258843301000070)",Unfall 186274 (2023) Kat:3, Licht: 0,186274,3,3,5,09,14,1,0,0,1,1,0,0,0,0
"POINT (7.213614993000022 51.272476418000053)",Unfall 186478 (2023) Kat:3, Licht: 0,186478,3,4,6,09,17,5,1,0,0,1,1,0,0,0
"POINT (7.209305845000074 51.272727764000081)",Unfall 186721 (2023) Kat:3, Licht: 0,186721,3,2,6,09,15,2,0,0,0,1,1,0,0,0
"POINT (7.186191705000056 51.289540815000066)",Unfall 186795 (2023) Kat:3, Licht: 2,186795,3,1,0,09,01,1,0,2,0,0,0,0,0,1
"POINT (7.226402608000058 51.284557269000061)",Unfall 187137 (2023) Kat:2, Licht: 0,187137,2,3,5,10,17,6,0,0,1,1,0,0,0,0
"POINT (7.149604096000076 51.273760231000040)",Unfall 187212 (2023) Kat:3, Licht: 2,187212,3,1,0,10,21,5,1,2,0,0,0,1,0,0
"POINT (7.125744725000061 51.247553407000055)",Unfall 187275 (2023) Kat:3, Licht: 0,187275,3,4,6,10,17,4,0,0,0,1,1,0,0,0
"POINT (7.150193324000043 51.226397740000039)",Unfall 187339 (2023) Kat:3, Licht: 0,187339,3,3,5,10,15,3,0,0,0,1,0,0,0,0
"POINT (7.181321841000056 51.272436317000029)",Unfall 187395 (2023) Kat:3, Licht: 0,187395,3,1,6,10,15,2,0,0,0,1,1,0,0,0
"POINT (7.141397717000075 51.254041904000076)",Unfall 187396 (2023) Kat:3, Licht: 0,187396,3,7,8,10,09,2,0,0,1,0,0,0,0,0
"POINT (7.139003954000032 51.246803475000036)",Unfall 187397 (2023) Kat:3, Licht: 0,187397,3,1,0,10,10,2,0,0,1,1,0,0,0,0
"POINT (7.225860012000055 51.269608628000071)",Unfall 187547 (2023) Kat:3, Licht: 2,187547,3,4,6,10,19,6,0,2,0,1,1,0,0,0
"POINT (7.211458947000040 51.280803147000029)",Unfall 187548 (2023) Kat:3, Licht: 0,187548,3,4,6,10,12,6,0,0,0,0,1,0,0,1
"POINT (7.210304914000062 51.225076430000058)",Unfall 187784 (2023) Kat:3, Licht: 0,187784,3,7,0,10,14,2,0,0,1,0,0,0,0,0
"POINT (7.219761285000061 51.266985838000039)",Unfall 187980 (2023) Kat:3, Licht: 0,187980,3,3,5,10,09,3,0,0,0,1,0,0,0,0
"POINT (7.147542037000051 51.271515641000065)",Unfall 188053 (2023) Kat:2, Licht: 0,188053,2,1,0,10,14,3,1,0,1,0,0,0,0,0
"POINT (7.153060351000022 51.211308058000043)",Unfall 188123 (2023) Kat:2, Licht: 0,188123,2,4,6,10,07,2,0,0,0,1,1,0,0,0
"POINT (7.148210262000021 51.260372791000066)",Unfall 188124 (2023) Kat:3, Licht: 2,188124,3,4,6,10,18,2,1,2,0,1,1,0,0,0
"POINT (7.147542037000051 51.271515641000065)",Unfall 188341 (2023) Kat:3, Licht: 0,188341,3,1,0,10,16,5,1,0,1,0,0,0,0,1
"POINT (7.143457850000061 51.255367525000054)",Unfall 188342 (2023) Kat:3, Licht: 0,188342,3,2,6,10,14,5,0,0,0,1,1,0,0,0
"POINT (7.192512029000056 51.276014391000047)",Unfall 188418 (2023) Kat:3, Licht: 2,188418,3,5,1,10,19,4,1,2,0,1,0,0,0,0
"POINT (7.144900531000076 51.260483589000046)",Unfall 188419 (2023) Kat:3, Licht: 0,188419,3,4,6,10,13,4,1,0,0,1,1,0,0,0
"POINT (7.155929895000043 51.243003322000050)",Unfall 188575 (2023) Kat:3, Licht: 0,188575,3,1,0,10,15,7,1,0,0,0,0,1,0,0
"POINT (7.151018312000076 51.266292182000029)",Unfall 188809 (2023) Kat:3, Licht: 0,188809,3,6,1,10,15,5,1,0,0,0,0,1,0,1
"POINT (7.046588114000031 51.210498225000038)",Unfall 188810 (2023) Kat:2, Licht: 0,188810,2,1,0,10,10,5,1,0,1,0,0,0,0,0
"POINT (7.149293657000044 51.257700873000033)",Unfall 188897 (2023) Kat:3, Licht: 2,188897,3,3,5,10,18,4,0,2,0,1,0,1,0,0
"POINT (7.151764377000063 51.251679553000031)",Unfall 188898 (2023) Kat:3, Licht: 2,188898,3,4,6,10,18,4,0,2,0,1,1,0,0,0
"POINT (7.131298186000038 51.267105898000068)",Unfall 188929 (2023) Kat:3, Licht: 0,188929,3,7,6,10,12,2,0,0,0,1,1,0,0,0
"POINT (7.197786716000053 51.256529594000028)",Unfall 189114 (2023) Kat:2, Licht: 2,189114,2,7,0,11,18,6,0,2,0,1,0,0,0,0
"POINT (7.140996183000027 51.263077032000069)",Unfall 189115 (2023) Kat:3, Licht: 0,189115,3,3,5,11,09,6,0,0,0,1,0,0,0,0
"POINT (7.143445556000074 51.257916839000075)",Unfall 189150 (2023) Kat:3, Licht: 0,189150,3,7,6,11,08,5,1,0,0,1,1,0,0,0
"POINT (7.164507034000053 51.259507714000051)",Unfall 189264 (2023) Kat:3, Licht: 0,189264,3,7,0,11,16,3,1,0,1,1,0,0,0,0
"POINT (7.157186625000065 51.249169605000077)",Unfall 189342 (2023) Kat:3, Licht: 2,189342,3,2,6,11,06,2,1,2,0,1,1,0,0,0
"POINT (7.140168451000022 51.264254821000065)",Unfall 189343 (2023) Kat:3, Licht: 1,189343,3,5,0,11,16,2,1,1,1,1,0,0,0,0
"POINT (7.209856301000059 51.264817560000040)",Unfall 189490 (2023) Kat:3, Licht: 2,189490,3,3,5,11,18,6,1,2,1,0,0,0,0,1
"POINT (7.150999880000029 51.260855617000061)",Unfall 189531 (2023) Kat:3, Licht: 2,189531,3,5,0,11,22,2,0,2,0,1,0,0,0,0
"POINT (7.202703151000037 51.297356313000080)",Unfall 189686 (2023) Kat:3, Licht: 0,189686,3,6,2,11,15,4,0,0,0,1,0,0,0,0
"POINT (7.133989766000070 51.261626936000027)",Unfall 189769 (2023) Kat:2, Licht: 2,189769,2,1,0,11,22,2,1,2,1,0,0,0,0,0
"POINT (7.206750213000021 51.269368178000036)",Unfall 190007 (2023) Kat:3, Licht: 0,190007,3,4,6,11,16,5,0,0,0,1,1,0,0,0
"POINT (7.172600550000027 51.260477129000037)",Unfall 190046 (2023) Kat:2, Licht: 2,190046,2,4,6,11,17,4,1,2,0,1,1,0,0,0
"POINT (7.096064046000038 51.234986883000033)",Unfall 190326 (2023) Kat:3, Licht: 0,190326,3,7,6,12,09,7,0,0,0,1,1,0,0,0
"POINT (7.166916640000068 51.257428892000064)",Unfall 190426 (2023) Kat:3, Licht: 1,190426,3,3,5,11,07,5,0,1,1,1,0,0,0,0
"POINT (7.193156063000060 51.279335568000079)",Unfall 190556 (2023) Kat:3, Licht: 0,190556,3,4,6,11,15,3,1,0,0,1,1,0,0,0
"POINT (7.083108277000065 51.222141640000075)",Unfall 190641 (2023) Kat:3, Licht: 2,190641,3,4,6,11,18,2,1,2,0,1,1,0,0,0
"POINT (7.204110551000042 51.227738793000071)",Unfall 190739 (2023) Kat:3, Licht: 2,190739,3,2,6,11,17,7,1,2,0,1,1,0,0,0
"POINT (7.138433745000043 51.251919763000046)",Unfall 190740 (2023) Kat:3, Licht: 1,190740,3,3,5,11,17,7,1,1,0,1,0,0,0,0
"POINT (7.228206632000024 51.283477658000038)",Unfall 190877 (2023) Kat:3, Licht: 0,190877,3,3,5,11,13,5,1,0,0,1,0,0,0,0
"POINT (7.139125743000022 51.251520661000029)",Unfall 191082 (2023) Kat:3, Licht: 0,191082,3,3,5,11,11,2,1,0,0,1,0,0,0,0
"POINT (7.206212374000074 51.225442025000063)",Unfall 191181 (2023) Kat:3, Licht: 2,191181,3,7,0,11,21,7,1,2,0,0,0,0,0,1
"POINT (7.131337390000056 51.202911706000066)",Unfall 191182 (2023) Kat:3, Licht: 0,191182,3,3,5,11,13,7,1,0,1,1,0,0,0,0
"POINT (7.201125860000047 51.268177850000029)",Unfall 191205 (2023) Kat:3, Licht: 0,191205,3,5,0,12,09,6,1,0,0,1,0,1,0,0
"POINT (7.218310067000061 51.270838742000080)",Unfall 191206 (2023) Kat:3, Licht: 2,191206,3,3,5,12,21,6,1,2,0,1,0,0,0,1
"POINT (7.133717527000044 51.257711636000067)",Unfall 191347 (2023) Kat:3, Licht: 2,191347,3,1,0,12,02,7,1,2,0,1,0,0,0,1
"POINT (7.239706595000030 51.281780135000076)",Unfall 191476 (2023) Kat:3, Licht: 0,191476,3,7,3,12,09,4,0,0,0,1,0,1,0,0
"POINT (7.131464656000048 51.199622970000064)",Unfall 191547 (2023) Kat:3, Licht: 2,191547,3,2,5,12,05,3,1,2,0,1,0,1,0,0
"POINT (7.195937573000037 51.265936657000054)",Unfall 191606 (2023) Kat:3, Licht: 2,191606,3,4,6,12,07,2,0,2,0,1,1,0,0,0
"POINT (7.193255485000066 51.242103804000067)",Unfall 191727 (2023) Kat:3, Licht: 1,191727,3,7,0,12,07,6,1,1,0,1,0,1,0,0
"POINT (7.143861041000036 51.259870516000035)",Unfall 191728 (2023) Kat:3, Licht: 0,191728,3,6,8,12,09,6,1,0,1,1,0,0,0,0
"POINT (7.175771388000044 51.258972617000040)",Unfall 192042 (2023) Kat:3, Licht: 2,192042,3,3,0,12,23,7,1,2,0,0,0,0,0,1
"POINT (7.180882323000048 51.285702689000061)",Unfall 263772 (2023) Kat:3, Licht: 0,263772,3,6,4,02,13,1,0,0,1,1,0,0,0,0
"POINT (7.147312316000068 51.217772794000041)",Unfall 263783 (2023) Kat:3, Licht: 0,263783,3,1,0,03,10,1,1,0,1,0,0,0,0,0
"POINT (7.122379825000053 51.231871808000051)",Unfall 263883 (2023) Kat:2, Licht: 0,263883,2,1,0,05,13,2,0,0,1,0,0,0,0,0
"POINT (7.120206172000053 51.226711077000061)",Unfall 263949 (2023) Kat:3, Licht: 0,263949,3,7,0,05,15,3,1,0,1,0,0,0,0,0
"POINT (7.249386865000076 51.283194390000062)",Unfall 263968 (2023) Kat:2, Licht: 0,263968,2,1,0,05,19,5,0,0,1,0,0,0,0,0
"POINT (7.098743163000051 51.253326822000076)",Unfall 263995 (2023) Kat:3, Licht: 0,263995,3,6,6,05,13,2,0,0,1,0,1,0,0,0
"POINT (7.112123618000055 51.260340906000067)",Unfall 264017 (2023) Kat:3, Licht: 0,264017,3,6,3,05,14,7,0,0,1,0,0,0,0,0
"POINT (7.216767970000035 51.277632898000036)",Unfall 264027 (2023) Kat:3, Licht: 0,264027,3,7,6,05,14,1,0,0,1,0,1,0,0,0
"POINT (7.276697456000022 51.256317330000059)",Unfall 264031 (2023) Kat:3, Licht: 0,264031,3,1,0,05,18,2,0,0,1,0,0,0,0,0
"POINT (7.182878327000026 51.270941567000079)",Unfall 264066 (2023) Kat:3, Licht: 0,264066,3,6,2,06,15,7,0,0,1,0,1,0,0,0
"POINT (7.249386865000076 51.283194390000062)",Unfall 264083 (2023) Kat:2, Licht: 0,264083,2,1,0,06,18,1,0,0,1,0,0,0,0,0
"POINT (7.083508193000057 51.246034422000037)",Unfall 264127 (2023) Kat:2, Licht: 0,264127,2,1,8,06,15,6,0,0,1,0,0,0,0,0
"POINT (7.296717115000035 51.236389044000077)",Unfall 264343 (2023) Kat:3, Licht: 0,264343,3,1,0,07,11,5,0,0,1,0,0,0,0,0
"POINT (7.129471864000038 51.263823339000055)",Unfall 264351 (2023) Kat:3, Licht: 1,264351,3,1,0,07,18,7,0,1,1,0,0,0,0,0
"POINT (7.249386865000076 51.283194390000062)",Unfall 264352 (2023) Kat:2, Licht: 0,264352,2,6,0,07,20,7,0,0,1,0,1,0,0,0
"POINT (7.088575975000026 51.266573735000065)",Unfall 264412 (2023) Kat:2, Licht: 0,264412,2,7,0,07,14,1,0,0,1,0,0,0,0,0
"POINT (7.186677030000055 51.271962057000053)",Unfall 264456 (2023) Kat:3, Licht: 2,264456,3,6,3,08,19,6,0,2,1,0,0,0,0,0
"POINT (7.178166834000024 51.270052096000029)",Unfall 264464 (2023) Kat:2, Licht: 2,264464,2,7,6,08,13,1,0,2,1,0,1,0,0,0
"POINT (7.111609897000051 51.260101431000066)",Unfall 264503 (2023) Kat:2, Licht: 0,264503,2,1,0,08,12,1,0,0,1,0,0,0,0,0
"POINT (7.223044877000063 51.278821006000044)",Unfall 264567 (2023) Kat:3, Licht: 2,264567,3,7,8,09,20,7,0,2,1,0,0,0,0,0
"POINT (7.239198965000071 51.299929046000045)",Unfall 264574 (2023) Kat:3, Licht: 0,264574,3,6,3,09,11,1,0,0,1,0,0,0,0,0
"POINT (7.193928182000036 51.268867571000044)",Unfall 264588 (2023) Kat:3, Licht: 2,264588,3,1,0,09,20,2,0,2,1,0,0,0,0,0
"POINT (7.130647280000062 51.264248570000063)",Unfall 264607 (2023) Kat:3, Licht: 0,264607,3,6,4,09,08,5,0,0,1,0,0,0,0,0
"POINT (7.129636184000049 51.263931221000064)",Unfall 264638 (2023) Kat:2, Licht: 2,264638,2,1,9,09,02,2,0,2,1,0,0,0,0,0
"POINT (7.098484727000027 51.253526755000053)",Unfall 264666 (2023) Kat:3, Licht: 0,264666,3,2,5,09,14,1,1,0,1,0,0,0,0,1
"POINT (7.221189308000021 51.278356293000058)",Unfall 264679 (2023) Kat:3, Licht: 0,264679,3,3,5,09,16,4,0,0,1,0,0,0,0,0
"POINT (7.167278624000062 51.268904295000027)",Unfall 264691 (2023) Kat:2, Licht: 0,264691,2,1,9,09,13,1,0,0,1,0,0,0,0,0
"POINT (7.223467219000042 51.279936473000078)",Unfall 264813 (2023) Kat:3, Licht: 0,264813,3,6,3,11,11,6,0,0,1,0,0,0,0,0
"POINT (7.240470091000020 51.223968603000060)",Unfall 22385 (2024) Kat:3, Licht: 0,22385,3,7,8,01,16,7,1,0,0,1,0,0,0,0
"POINT (7.182653638000033 51.279188611000052)",Unfall 22434 (2024) Kat:3, Licht: 0,22434,3,6,2,01,08,6,1,0,0,1,0,0,0,0
"POINT (7.244419548000053 51.274763199000063)",Unfall 22545 (2024) Kat:3, Licht: 2,22545,3,2,6,01,19,4,1,2,0,1,1,0,0,0
"POINT (7.212160458000028 51.235673879000046)",Unfall 22623 (2024) Kat:3, Licht: 2,22623,3,6,2,01,20,3,1,2,0,1,0,0,0,1
"POINT (7.126154169000074 51.263883236000026)",Unfall 22633 (2024) Kat:3, Licht: 1,22633,3,6,2,01,16,3,1,1,0,1,0,0,0,0
"POINT (7.184405475000062 51.265400319000037)",Unfall 22680 (2024) Kat:2, Licht: 2,22680,2,4,6,01,00,2,1,2,0,1,1,0,0,0
"POINT (7.150803357000029 51.218068512000059)",Unfall 22977 (2024) Kat:3, Licht: 1,22977,3,6,2,01,08,3,1,1,0,1,0,0,0,0
"POINT (7.173596347000057 51.284592268000040)",Unfall 23019 (2024) Kat:3, Licht: 1,23019,3,4,0,01,17,4,1,1,0,1,1,0,0,0
"POINT (7.141672349000032 51.254558267000050)",Unfall 23179 (2024) Kat:3, Licht: 2,23179,3,6,0,01,06,3,1,2,0,1,0,0,0,1
"POINT (7.173570034000022 51.288418917000058)",Unfall 23429 (2024) Kat:3, Licht: 0,23429,3,3,5,01,14,3,1,0,0,1,0,0,0,0
"POINT (7.197786399000051 51.268836685000053)",Unfall 23550 (2024) Kat:3, Licht: 2,23550,3,3,5,01,00,2,1,2,1,1,0,0,0,0
"POINT (7.223146261000068 51.275458282000045)",Unfall 25204 (2024) Kat:3, Licht: 0,25204,3,6,1,01,18,7,0,0,0,1,0,0,0,0
"POINT (7.148563847000048 51.268589609000060)",Unfall 25270 (2024) Kat:3, Licht: 0,25270,3,3,1,01,12,6,1,0,0,1,1,0,0,0
"POINT (7.146977532000051 51.172649003000060)",Unfall 25351 (2024) Kat:3, Licht: 2,25351,3,6,4,01,18,5,2,2,0,1,0,0,0,0
"POINT (7.190736128000026 51.243583383000043)",Unfall 25352 (2024) Kat:3, Licht: 0,25352,3,6,2,01,13,5,0,0,0,1,0,0,0,0
"POINT (7.103528363000066 51.290828850000082)",Unfall 25353 (2024) Kat:2, Licht: 0,25353,2,1,4,01,08,5,2,0,0,1,0,0,0,0
"POINT (7.136304901000074 51.246117061000064)",Unfall 25421 (2024) Kat:3, Licht: 2,25421,3,4,6,01,20,4,2,2,0,1,1,0,0,0
"POINT (7.227160827000034 51.238862999000048)",Unfall 25522 (2024) Kat:3, Licht: 0,25522,3,6,5,01,15,3,2,0,0,1,0,0,1,0
"POINT (7.215187050000054 51.283087233000060)",Unfall 25619 (2024) Kat:3, Licht: 0,25619,3,1,6,01,09,2,2,0,0,0,1,0,0,1
"POINT (7.225167600000020 51.285618710000051)",Unfall 25620 (2024) Kat:3, Licht: 0,25620,3,6,2,01,08,2,2,0,0,1,0,0,0,0
"POINT (7.206031004000067 51.225151185000072)",Unfall 25747 (2024) Kat:3, Licht: 2,25747,3,6,1,01,17,7,1,2,0,1,0,0,0,0
"POINT (7.215410102000021 51.274642082000071)",Unfall 25767 (2024) Kat:3, Licht: 0,25767,3,6,2,01,12,7,1,0,0,1,0,0,0,0
"POINT (7.152600773000074 51.255423523000047)",Unfall 25834 (2024) Kat:3, Licht: 0,25834,3,1,0,01,09,6,2,0,1,0,0,0,0,0
"POINT (7.148563847000048 51.268589609000060)",Unfall 25953 (2024) Kat:3, Licht: 0,25953,3,1,4,01,14,5,0,0,0,1,0,0,0,0
"POINT (7.234819343000026 51.227268003000063)",Unfall 25972 (2024) Kat:3, Licht: 0,25972,3,6,2,01,09,5,0,0,0,1,0,0,0,0
"POINT (7.120572291000030 51.263178736000043)",Unfall 26082 (2024) Kat:3, Licht: 2,26082,3,6,2,01,17,4,0,2,0,1,0,0,0,0
"POINT (7.186371296000061 51.291725592000034)",Unfall 26124 (2024) Kat:3, Licht: 0,26124,3,6,1,01,10,2,2,0,0,1,0,0,0,0
"POINT (7.197066392000067 51.269546720000051)",Unfall 26151 (2024) Kat:3, Licht: 2,26151,3,2,5,01,22,3,0,2,0,1,0,0,0,0
"POINT (7.202550389000066 51.263496903000032)",Unfall 26152 (2024) Kat:3, Licht: 0,26152,3,3,5,01,13,3,0,0,0,1,0,0,0,0
"POINT (7.208903914000075 51.294012928000029)",Unfall 26167 (2024) Kat:3, Licht: 0,26167,3,6,2,01,12,3,0,0,0,1,0,0,0,1
"POINT (7.090547597000068 51.231687648000047)",Unfall 26168 (2024) Kat:2, Licht: 0,26168,2,6,3,01,15,3,0,0,0,1,0,0,1,0
"POINT (7.250945489000060 51.275683411000045)",Unfall 26243 (2024) Kat:3, Licht: 0,26243,3,4,6,01,13,2,0,0,0,1,1,0,0,0
"POINT (7.205659327000035 51.265840125000068)",Unfall 26244 (2024) Kat:2, Licht: 2,26244,2,1,9,01,01,2,0,2,0,1,0,0,0,0
"POINT (7.132807698000022 51.206746927000040)",Unfall 26245 (2024) Kat:3, Licht: 0,26245,3,5,1,01,16,2,0,0,0,1,0,0,0,0
"POINT (7.206017273000043 51.270433014000048)",Unfall 26458 (2024) Kat:3, Licht: 2,26458,3,5,1,02,23,6,1,2,0,1,0,0,0,0
"POINT (7.189296670000033 51.276031992000071)",Unfall 26459 (2024) Kat:3, Licht: 1,26459,3,6,1,02,07,6,1,1,0,1,0,0,0,0
"POINT (7.155596968000054 51.270671308000033)",Unfall 26632 (2024) Kat:3, Licht: 2,26632,3,6,2,02,06,4,1,2,0,1,0,0,0,0
"POINT (7.224019408000061 51.275323478000075)",Unfall 26704 (2024) Kat:3, Licht: 0,26704,3,4,6,02,14,3,0,0,0,1,1,0,0,0
"POINT (7.234776408000073 51.228735171000039)",Unfall 26783 (2024) Kat:3, Licht: 2,26783,3,2,0,02,07,2,0,2,1,1,0,0,0,0