WKT,Name,OBJECTID,UKATEGORIE,UTYP1,UART,UMONAT,USTUNDE,UWOCHENTAG,STRZUSTAND,ULICHTVERH,ISTRAD,ISTPKW,ISTFUSS,ISTKRAD,ISTGKFZ,ISTSONSTIG
"POINT (7.092933987000038 51.234409128000038)",Unfall 45242 (2024) Kat:2, Licht: 0,45242,2,6,3,07,13,1,0,0,0,0,0,1,0,0
"POINT (7.182588796000061 51.265050635000080)",Unfall 45349 (2024) Kat:3, Licht: 0,45349,3,7,0,07,11,7,0,0,0,1,0,0,0,0
"POINT (7.070988739000029 51.252796713000066)",Unfall 45444 (2024) Kat:3, Licht: 0,45444,3,6,2,07,14,6,1,0,0,1,0,0,0,0
"POINT (7.192976624000039 51.256650744000069)",Unfall 45538 (2024) Kat:3, Licht: 2,45538,3,1,0,08,21,4,1,2,0,0,0,1,0,0
"POINT (7.203548670000032 51.280906948000052)",Unfall 45539 (2024) Kat:3, Licht: 0,45539,3,4,6,08,12,4,0,0,0,1,1,0,0,0
"POINT (7.131814828000074 51.263234001000058)",Unfall 45627 (2024) Kat:3, Licht: 0,45627,3,3,5,08,14,3,0,0,0,1,0,0,0,1
"POINT (7.152970155000048 51.256305577000035)",Unfall 45714 (2024) Kat:3, Licht: 0,45714,3,1,8,08,16,2,0,0,1,0,0,0,0,0
"POINT (7.117880825000043 51.262576786000068)",Unfall 45719 (2024) Kat:3, Licht: 0,45719,3,6,2,08,17,2,0,0,0,1,0,0,0,0
"POINT (7.237191040000027 51.265483928000037)",Unfall 45796 (2024) Kat:3, Licht: 2,45796,3,1,8,08,22,1,0,2,1,0,0,0,0,0
"POINT (7.221312056000045 51.275372041000026)",Unfall 45797 (2024) Kat:3, Licht: 0,45797,3,7,5,08,16,1,0,0,0,1,0,0,0,1
"POINT (7.212601816000074 51.274246018000042)",Unfall 45898 (2024) Kat:3, Licht: 0,45898,3,6,3,08,11,7,0,0,0,1,0,0,0,0
"POINT (7.150918523000030 51.256099409000058)",Unfall 45900 (2024) Kat:3, Licht: 0,45900,3,2,5,08,19,7,0,0,0,1,0,0,0,0
"POINT (7.119048394000060 51.249145959000032)",Unfall 45902 (2024) Kat:3, Licht: 0,45902,3,6,2,08,18,7,0,0,0,1,0,0,0,0
"POINT (7.263872977000062 51.277006574000040)",Unfall 46007 (2024) Kat:3, Licht: 0,46007,3,5,8,08,11,6,0,0,0,1,0,0,0,0
"POINT (7.252055899000027 51.304619702000082)",Unfall 46122 (2024) Kat:3, Licht: 0,46122,3,6,1,08,11,5,0,0,0,1,0,0,0,0
"POINT (7.181812166000043 51.282009772000038)",Unfall 46123 (2024) Kat:3, Licht: 0,46123,3,1,0,08,08,5,0,0,0,0,0,1,0,0
"POINT (7.178049180000073 51.263233276000051)",Unfall 46124 (2024) Kat:3, Licht: 0,46124,3,6,2,08,17,5,0,0,0,1,0,0,0,0
"POINT (7.206639457000051 51.285626843000045)",Unfall 46334 (2024) Kat:3, Licht: 0,46334,3,6,3,08,17,3,0,0,0,1,0,1,0,0
"POINT (7.151999327000055 51.223725515000069)",Unfall 46335 (2024) Kat:3, Licht: 0,46335,3,6,2,08,16,3,0,0,0,1,0,1,0,0
"POINT (7.146687751000059 51.261040287000071)",Unfall 46336 (2024) Kat:3, Licht: 1,46336,3,6,0,08,06,3,0,1,1,0,0,0,0,1
"POINT (7.068175646000043 51.230300883000041)",Unfall 46411 (2024) Kat:2, Licht: 0,46411,2,6,5,08,16,4,0,0,0,1,0,1,0,0
"POINT (7.236026640000034 51.234132247000048)",Unfall 46436 (2024) Kat:3, Licht: 0,46436,3,6,2,08,13,2,0,0,0,1,0,0,0,0
"POINT (7.137481093000076 51.281209087000036)",Unfall 46437 (2024) Kat:3, Licht: 0,46437,3,3,0,08,17,2,0,0,0,1,0,1,0,0
"POINT (7.138013921000038 51.254172127000061)",Unfall 46438 (2024) Kat:3, Licht: 0,46438,3,7,0,08,15,2,0,0,0,1,0,0,0,1
"POINT (7.226240898000071 51.274096156000041)",Unfall 46529 (2024) Kat:3, Licht: 0,46529,3,2,3,08,12,1,0,0,0,1,0,1,0,0
"POINT (7.231061259000057 51.255785715000059)",Unfall 46613 (2024) Kat:2, Licht: 0,46613,2,1,0,08,12,7,0,0,1,0,0,0,0,0
"POINT (7.156328494000036 51.284608689000038)",Unfall 46614 (2024) Kat:3, Licht: 0,46614,3,3,5,08,20,7,0,0,0,1,0,0,0,0
"POINT (7.077923921000036 51.234650907000059)",Unfall 46638 (2024) Kat:3, Licht: 0,46638,3,3,5,08,17,2,0,0,0,1,0,1,0,0
"POINT (7.194847180000068 51.236639610000054)",Unfall 46787 (2024) Kat:3, Licht: 0,46787,3,6,1,08,07,3,0,0,0,1,0,0,0,0
"POINT (7.131689468000047 51.252730235000058)",Unfall 46788 (2024) Kat:3, Licht: 0,46788,3,1,0,08,19,3,0,0,1,0,0,0,0,1
"POINT (7.111679771000070 51.285005677000072)",Unfall 46789 (2024) Kat:3, Licht: 0,46789,3,3,5,08,15,3,0,0,1,1,0,0,0,0
"POINT (7.057838802000049 51.234499007000068)",Unfall 46790 (2024) Kat:3, Licht: 0,46790,3,6,1,08,08,3,0,0,0,1,0,0,0,0
"POINT (7.195728648000056 51.271216326000058)",Unfall 46907 (2024) Kat:3, Licht: 0,46907,3,2,5,08,18,2,0,0,0,1,0,0,0,1
"POINT (7.129844310000067 51.265242613000055)",Unfall 46920 (2024) Kat:3, Licht: 0,46920,3,6,2,08,14,2,0,0,0,1,0,0,0,0
"POINT (7.217358057000069 51.221376700000064)",Unfall 47007 (2024) Kat:3, Licht: 0,47007,3,2,5,08,16,1,0,0,0,1,0,0,0,0
"POINT (7.214452054000049 51.235884164000026)",Unfall 47008 (2024) Kat:3, Licht: 0,47008,3,6,2,08,14,1,0,0,0,1,0,0,0,1
"POINT (7.217414424000026 51.221427878000043)",Unfall 47120 (2024) Kat:3, Licht: 2,47120,3,6,2,08,21,7,1,2,0,1,0,0,0,0
"POINT (7.206441379000069 51.272742141000037)",Unfall 47244 (2024) Kat:3, Licht: 0,47244,3,7,6,08,13,6,0,0,0,0,1,0,0,1
"POINT (7.141242593000072 51.254545088000043)",Unfall 47245 (2024) Kat:1, Licht: 2,47245,1,4,6,08,23,6,1,2,0,1,1,0,0,0
"POINT (7.123334785000054 51.277888066000060)",Unfall 47246 (2024) Kat:3, Licht: 0,47246,3,6,2,08,14,6,0,0,1,1,0,0,0,0
"POINT (7.032909960000040 51.239332229000070)",Unfall 47359 (2024) Kat:3, Licht: 1,47359,3,7,8,08,22,5,0,1,0,1,0,0,0,0
"POINT (7.191042399000025 51.243855823000047)",Unfall 47493 (2024) Kat:3, Licht: 0,47493,3,6,3,08,16,4,0,0,0,1,0,0,0,0
"POINT (7.077123842000049 51.234289216000036)",Unfall 47494 (2024) Kat:3, Licht: 0,47494,3,1,6,08,19,4,0,0,0,0,1,0,0,1
"POINT (7.085248087000025 51.256492761000061)",Unfall 47495 (2024) Kat:3, Licht: 0,47495,3,6,2,08,16,4,0,0,0,1,0,0,0,0
"POINT (7.153558038000028 51.256160374000046)",Unfall 47496 (2024) Kat:3, Licht: 0,47496,3,3,5,08,09,4,0,0,1,1,0,0,0,0
"POINT (7.215246488000048 51.302392267000073)",Unfall 47515 (2024) Kat:2, Licht: 1,47515,2,1,7,08,05,5,0,1,0,0,0,1,0,0
"POINT (7.155908431000057 51.251135030000057)",Unfall 47618 (2024) Kat:3, Licht: 0,47618,3,6,0,08,18,3,0,0,0,1,0,0,0,1
"POINT (7.122442370000044 51.248769643000060)",Unfall 47750 (2024) Kat:3, Licht: 0,47750,3,7,2,08,16,4,0,0,0,1,0,0,0,0
"POINT (7.199305295000045 51.288462649000053)",Unfall 47767 (2024) Kat:3, Licht: 0,47767,3,6,1,08,17,2,0,0,0,1,0,0,0,1
"POINT (7.199305652000021 51.288462727000081)",Unfall 47768 (2024) Kat:3, Licht: 0,47768,3,6,2,08,17,2,0,0,0,1,0,0,0,0
"POINT (7.236344724000048 51.273476163000055)",Unfall 48095 (2024) Kat:3, Licht: 0,48095,3,5,1,08,13,6,0,0,1,1,0,0,0,0
"POINT (7.237673558000040 51.273739630000080)",Unfall 48096 (2024) Kat:2, Licht: 0,48096,2,7,5,08,13,6,0,0,1,1,0,0,0,0
"POINT (7.156953631000022 51.256294558000036)",Unfall 48097 (2024) Kat:3, Licht: 0,48097,3,6,2,08,09,6,0,0,0,1,0,0,0,0
"POINT (7.143605838000042 51.243898417000082)",Unfall 48160 (2024) Kat:3, Licht: 2,48160,3,3,5,08,22,4,0,2,0,1,0,1,0,0
"POINT (7.223915303000069 51.272752740000044)",Unfall 48240 (2024) Kat:3, Licht: 0,48240,3,2,3,08,16,5,0,0,0,1,0,0,0,1
"POINT (7.257344235000062 51.283208994000063)",Unfall 48243 (2024) Kat:3, Licht: 0,48243,3,2,5,08,13,5,0,0,0,1,0,0,0,0
"POINT (7.136678267000036 51.251287380000065)",Unfall 48410 (2024) Kat:3, Licht: 0,48410,3,5,3,09,12,6,0,0,0,1,0,0,0,0
"POINT (7.256370335000042 51.273298343000079)",Unfall 48502 (2024) Kat:3, Licht: 2,48502,3,6,2,09,22,5,0,2,0,1,0,0,0,0
"POINT (7.117884407000076 51.262577770000064)",Unfall 48533 (2024) Kat:3, Licht: 0,48533,3,6,1,09,17,6,0,0,0,1,0,0,0,0
"POINT (7.053992831000073 51.222356482000066)",Unfall 48542 (2024) Kat:3, Licht: 0,48542,3,6,2,09,14,6,0,0,0,0,0,1,0,1
"POINT (7.244355521000045 51.281032832000051)",Unfall 48590 (2024) Kat:3, Licht: 0,48590,3,6,2,09,14,4,0,0,0,1,0,0,0,0
"POINT (7.244331423000062 51.281034038000030)",Unfall 48591 (2024) Kat:3, Licht: 0,48591,3,6,2,09,15,4,0,0,0,1,0,0,0,0
"POINT (7.237737655000046 51.278964012000074)",Unfall 48685 (2024) Kat:2, Licht: 0,48685,2,3,5,09,14,3,0,0,0,1,0,0,0,0
"POINT (7.203058093000038 51.262638633000051)",Unfall 48778 (2024) Kat:3, Licht: 0,48778,3,1,4,09,19,2,1,0,0,1,0,0,0,0
"POINT (7.200805522000053 51.269560271000046)",Unfall 48779 (2024) Kat:3, Licht: 1,48779,3,1,0,09,18,2,1,1,0,0,0,1,0,0
"POINT (7.179919022000036 51.274385226000049)",Unfall 48780 (2024) Kat:3, Licht: 0,48780,3,7,1,09,09,2,1,0,0,1,0,0,0,0
"POINT (7.129827622000050 51.264386118000061)",Unfall 48860 (2024) Kat:3, Licht: 0,48860,3,1,9,09,18,2,1,0,0,1,0,0,0,0
"POINT (7.131768566000062 51.256676537000033)",Unfall 48973 (2024) Kat:3, Licht: 2,48973,3,1,0,09,23,7,0,2,1,0,0,0,0,0
"POINT (7.174428207000062 51.258434183000077)",Unfall 49105 (2024) Kat:3, Licht: 0,49105,3,6,2,09,14,6,0,0,0,1,0,0,0,0
"POINT (7.163713213000051 51.245503372000030)",Unfall 49106 (2024) Kat:3, Licht: 0,49106,3,3,5,09,16,6,0,0,0,1,0,0,0,0
"POINT (7.176600555000050 51.262765884000032)",Unfall 49226 (2024) Kat:3, Licht: 0,49226,3,6,0,09,12,5,0,0,0,1,0,0,0,1
"POINT (7.153030846000036 51.252855081000064)",Unfall 49227 (2024) Kat:3, Licht: 0,49227,3,1,0,09,07,5,0,0,0,1,0,0,0,1
"POINT (7.196296374000042 51.270527397000080)",Unfall 49367 (2024) Kat:3, Licht: 0,49367,3,3,5,09,08,4,1,0,1,1,0,0,0,0
"POINT (7.090608880000048 51.236908690000064)",Unfall 49368 (2024) Kat:3, Licht: 0,49368,3,6,1,09,15,4,0,0,1,1,0,0,0,0
"POINT (7.198578348000069 51.273013202000072)",Unfall 49503 (2024) Kat:3, Licht: 0,49503,3,2,6,09,18,3,0,0,0,1,1,0,0,0
"POINT (7.214304429000038 51.274599341000055)",Unfall 49504 (2024) Kat:3, Licht: 0,49504,3,6,2,09,17,3,0,0,0,1,0,0,0,0
"POINT (7.143704492000040 51.243593108000027)",Unfall 49505 (2024) Kat:3, Licht: 0,49505,3,7,2,09,10,3,0,0,0,1,0,0,0,0
"POINT (7.196242256000062 51.229891819000045)",Unfall 49648 (2024) Kat:3, Licht: 0,49648,3,4,6,09,11,2,0,0,0,1,1,0,0,0
"POINT (7.199908737000044 51.224391844000081)",Unfall 49649 (2024) Kat:3, Licht: 0,49649,3,4,6,09,09,2,0,0,1,0,1,0,0,0
"POINT (7.201651304000052 51.270660468000074)",Unfall 49757 (2024) Kat:3, Licht: 2,49757,3,1,9,09,23,1,0,2,0,1,0,0,0,0
"POINT (7.105725890000031 51.269271529000036)",Unfall 49758 (2024) Kat:3, Licht: 1,49758,3,6,4,09,20,1,0,1,0,1,0,0,0,0
"POINT (7.139471102000073 51.261558918000048)",Unfall 49777 (2024) Kat:3, Licht: 0,49777,3,2,5,09,19,7,0,0,1,1,0,0,0,0
"POINT (7.203281285000060 51.277805546000081)",Unfall 49877 (2024) Kat:3, Licht: 0,49877,3,6,0,08,10,7,0,0,0,1,0,0,0,1
"POINT (7.070200183000054 51.221360281000045)",Unfall 49888 (2024) Kat:3, Licht: 0,49888,3,6,3,08,10,7,0,0,0,1,0,0,0,0
"POINT (7.183215514000040 51.290543527000068)",Unfall 49957 (2024) Kat:3, Licht: 0,49957,3,6,2,09,15,1,0,0,0,1,0,0,0,0
"POINT (7.226499985000032 51.270648705000042)",Unfall 50016 (2024) Kat:3, Licht: 0,50016,3,4,6,08,14,6,0,0,0,1,1,0,0,0
"POINT (7.140172731000064 51.251250173000074)",Unfall 50017 (2024) Kat:3, Licht: 0,50017,3,1,0,08,09,6,1,0,1,0,0,0,0,0
"POINT (7.229550721000066 51.304648205000035)",Unfall 50025 (2024) Kat:3, Licht: 0,50025,3,6,2,08,14,6,0,0,0,1,0,0,0,0
"POINT (7.076032702000020 51.233789008000031)",Unfall 50037 (2024) Kat:3, Licht: 2,50037,3,7,4,09,20,6,0,2,1,1,0,0,0,0
"POINT (7.153891021000049 51.250904465000076)",Unfall 50138 (2024) Kat:3, Licht: 0,50138,3,4,6,09,16,6,1,0,0,1,1,0,0,0
"POINT (7.133807043000047 51.253077659000041)",Unfall 50148 (2024) Kat:3, Licht: 0,50148,3,6,3,08,14,5,0,0,1,1,0,0,0,0
"POINT (7.089622721000069 51.253216616000032)",Unfall 50169 (2024) Kat:3, Licht: 0,50169,3,6,2,08,08,5,0,0,0,1,0,0,0,0
"POINT (7.229661085000032 51.254877302000068)",Unfall 50332 (2024) Kat:3, Licht: 0,50332,3,6,2,08,10,4,0,0,0,1,0,0,0,0
"POINT (7.104104653000036 51.249363515000027)",Unfall 50345 (2024) Kat:3, Licht: 0,50345,3,6,2,08,19,4,0,0,0,1,0,0,0,1
"POINT (7.105148755000073 51.231844509000041)",Unfall 50347 (2024) Kat:3, Licht: 0,50347,3,6,2,08,13,4,0,0,0,1,0,0,0,0
"POINT (7.099003352000068 51.247746639000070)",Unfall 50348 (2024) Kat:3, Licht: 0,50348,3,6,2,08,15,4,0,0,0,1,0,0,0,0
"POINT (7.089620782000054 51.253219651000052)",Unfall 50350 (2024) Kat:1, Licht: 0,50350,1,6,2,08,12,4,0,0,0,1,0,0,0,0
"POINT (7.136144375000072 51.253695478000054)",Unfall 50528 (2024) Kat:3, Licht: 0,50528,3,2,5,09,15,2,0,0,0,1,0,1,0,0
"POINT (7.184703639000077 51.265319674000068)",Unfall 50900 (2024) Kat:3, Licht: 0,50900,3,6,2,09,17,6,0,0,0,1,0,0,0,0
"POINT (7.197094368000023 51.269555696000054)",Unfall 50901 (2024) Kat:3, Licht: 0,50901,3,1,9,09,11,6,0,0,0,0,0,1,0,0
"POINT (7.146743005000076 51.234616445000029)",Unfall 50902 (2024) Kat:3, Licht: 0,50902,3,6,0,09,14,6,0,0,0,0,0,0,0,1
"POINT (7.213625580000041 51.223091052000029)",Unfall 51049 (2024) Kat:3, Licht: 0,51049,3,1,0,09,14,5,0,0,0,0,0,1,0,0
"POINT (7.235968913000022 51.233156455000028)",Unfall 51050 (2024) Kat:3, Licht: 0,51050,3,3,5,09,12,5,0,0,0,1,0,0,0,0
"POINT (7.134173055000076 51.252800230000048)",Unfall 51193 (2024) Kat:3, Licht: 1,51193,3,6,2,09,19,4,0,1,0,1,0,1,0,0
"POINT (7.164026168000021 51.257360289000076)",Unfall 51296 (2024) Kat:3, Licht: 0,51296,3,6,2,09,14,3,0,0,0,1,0,1,0,0
"POINT (7.107413858000029 51.253289498000072)",Unfall 51451 (2024) Kat:1, Licht: 2,51451,1,1,8,09,23,6,0,2,0,0,0,0,0,1
"POINT (7.147613183000033 51.260517686000071)",Unfall 51570 (2024) Kat:3, Licht: 0,51570,3,7,6,09,19,1,0,0,0,1,1,0,0,0
"POINT (7.129846081000039 51.265243088000034)",Unfall 51670 (2024) Kat:2, Licht: 0,51670,2,6,2,10,12,4,1,0,0,1,0,0,1,0
"POINT (7.071975076000058 51.231907419000038)",Unfall 51766 (2024) Kat:2, Licht: 0,51766,2,5,1,10,15,3,0,0,1,1,0,0,0,0
"POINT (7.223048273000074 51.275455569000030)",Unfall 51877 (2024) Kat:3, Licht: 0,51877,3,2,5,10,14,2,0,0,0,1,0,0,0,1
"POINT (7.148388369000031 51.250923559000057)",Unfall 51878 (2024) Kat:3, Licht: 0,51878,3,2,6,10,16,2,0,0,0,0,1,0,0,1
"POINT (7.149290860000065 51.272912313000063)",Unfall 51879 (2024) Kat:3, Licht: 0,51879,3,6,1,10,10,2,0,0,0,1,0,0,0,0
"POINT (7.163258855000038 51.278761019000058)",Unfall 51880 (2024) Kat:3, Licht: 2,51880,3,6,2,10,06,2,1,2,1,1,0,0,0,0
"POINT (7.230365966000022 51.239414687000078)",Unfall 52041 (2024) Kat:3, Licht: 0,52041,3,6,2,10,14,7,0,0,0,1,0,0,0,0
"POINT (7.173407805000068 51.284225228000082)",Unfall 52042 (2024) Kat:3, Licht: 2,52042,3,1,8,10,23,7,0,2,0,1,0,0,0,0
"POINT (7.236685475000058 51.266820858000074)",Unfall 52146 (2024) Kat:2, Licht: 0,52146,2,2,5,10,17,6,0,0,0,1,0,1,0,0
"POINT (7.149610109000037 51.249353857000074)",Unfall 52282 (2024) Kat:3, Licht: 0,52282,3,3,4,10,14,4,1,0,0,1,0,0,0,0
"POINT (7.235850624000022 51.232636591000073)",Unfall 52406 (2024) Kat:3, Licht: 0,52406,3,6,1,10,17,3,1,0,0,1,0,0,0,0
"POINT (7.103043776000050 51.249682168000049)",Unfall 52407 (2024) Kat:3, Licht: 2,52407,3,7,0,10,21,3,0,2,0,1,0,0,0,0
"POINT (7.245943178000061 51.310067590000074)",Unfall 52422 (2024) Kat:2, Licht: 0,52422,2,1,3,10,15,3,1,0,0,1,0,0,0,0
"POINT (7.176543510000045 51.262747713000067)",Unfall 52521 (2024) Kat:2, Licht: 2,52521,2,7,0,09,22,2,1,2,0,1,0,1,0,0
"POINT (7.181125447000056 51.289935979000063)",Unfall 52522 (2024) Kat:3, Licht: 2,52522,3,3,0,09,20,2,1,2,0,1,0,1,0,0
"POINT (7.170711724000057 51.260921537000058)",Unfall 52523 (2024) Kat:3, Licht: 0,52523,3,6,2,09,07,2,0,0,0,1,0,0,0,1
"POINT (7.127360266000039 51.264351437000073)",Unfall 52536 (2024) Kat:3, Licht: 0,52536,3,6,2,09,14,2,0,0,0,1,0,0,0,0
"POINT (7.170558354000036 51.275404379000065)",Unfall 52537 (2024) Kat:3, Licht: 0,52537,3,6,2,09,15,2,1,0,0,1,0,0,0,0
"POINT (7.064904905000049 51.229435715000079)",Unfall 52606 (2024) Kat:3, Licht: 0,52606,3,3,5,09,08,1,0,0,0,1,0,0,0,0
"POINT (7.215774106000026 51.302498211000056)",Unfall 52831 (2024) Kat:3, Licht: 0,52831,3,3,5,09,19,6,0,0,0,1,0,0,0,0
"POINT (7.200727919000030 51.265487005000068)",Unfall 52995 (2024) Kat:3, Licht: 0,52995,3,7,4,09,18,5,1,0,0,1,0,0,0,0
"POINT (7.156033245000060 51.257805232000067)",Unfall 52996 (2024) Kat:3, Licht: 2,52996,3,4,0,09,20,5,0,2,0,0,1,0,0,1
"POINT (7.150509247000059 51.256396713000072)",Unfall 52997 (2024) Kat:3, Licht: 0,52997,3,6,0,09,15,5,0,0,0,0,0,0,0,1
"POINT (7.115379905000054 51.261707910000041)",Unfall 53006 (2024) Kat:2, Licht: 2,53006,2,1,9,09,21,5,1,2,0,0,0,0,0,1
"POINT (7.229835297000022 51.241447404000041)",Unfall 53007 (2024) Kat:3, Licht: 0,53007,3,6,1,09,11,5,1,0,0,0,0,0,1,1
"POINT (7.199857571000052 51.237510401000065)",Unfall 53020 (2024) Kat:3, Licht: 0,53020,3,2,0,09,13,2,0,0,0,1,0,1,0,0
"POINT (7.212871984000060 51.272162521000041)",Unfall 53128 (2024) Kat:3, Licht: 0,53128,3,6,0,09,09,4,0,0,0,0,0,0,0,1
"POINT (7.234267775000035 51.226785444000029)",Unfall 53129 (2024) Kat:3, Licht: 2,53129,3,3,5,09,05,4,1,2,0,1,0,0,0,0
"POINT (7.132567564000055 51.253916100000026)",Unfall 53130 (2024) Kat:2, Licht: 2,53130,2,1,1,09,21,4,1,2,0,1,1,0,0,0
"POINT (7.105000767000035 51.250089928000079)",Unfall 53198 (2024) Kat:3, Licht: 0,53198,3,1,8,09,13,4,1,0,0,0,0,0,1,0
"POINT (7.154799699000023 51.257955422000066)",Unfall 53348 (2024) Kat:3, Licht: 1,53348,3,3,5,10,16,3,1,1,1,1,0,0,0,0
"POINT (7.167708252000068 51.285354914000038)",Unfall 53349 (2024) Kat:3, Licht: 0,53349,3,1,0,10,15,3,1,0,1,0,0,0,0,0
"POINT (7.165115790000073 51.272628552000072)",Unfall 53365 (2024) Kat:3, Licht: 0,53365,3,6,2,10,08,3,1,0,0,1,0,0,0,1
"POINT (7.201528755000027 51.295271893000063)",Unfall 53469 (2024) Kat:3, Licht: 0,53469,3,4,6,10,15,2,0,0,0,1,1,0,0,0
"POINT (7.202555689000064 51.263482996000050)",Unfall 53471 (2024) Kat:3, Licht: 2,53471,3,6,2,10,18,2,0,2,0,1,0,0,0,0
"POINT (7.146283940000046 51.214791494000053)",Unfall 53472 (2024) Kat:3, Licht: 0,53472,3,6,2,10,07,2,1,0,0,1,0,0,0,0
"POINT (7.053434723000066 51.212506028000064)",Unfall 53477 (2024) Kat:3, Licht: 0,53477,3,6,3,10,16,2,0,0,0,1,0,0,1,0
"POINT (7.233514297000056 51.257101644000045)",Unfall 53613 (2024) Kat:3, Licht: 0,53613,3,5,1,10,13,7,0,0,0,1,0,1,0,0
"POINT (7.141596630000038 51.254701579000027)",Unfall 53614 (2024) Kat:2, Licht: 2,53614,2,6,2,10,22,7,0,2,0,0,0,0,0,1
"POINT (7.156328091000034 51.276663783000060)",Unfall 53615 (2024) Kat:3, Licht: 2,53615,3,6,2,10,19,7,0,2,0,1,0,0,0,0
"POINT (7.127796653000075 51.250896002000047)",Unfall 53730 (2024) Kat:3, Licht: 0,53730,3,6,2,10,16,6,0,0,0,1,0,0,0,0
"POINT (7.161517420000052 51.267220578000035)",Unfall 53731 (2024) Kat:2, Licht: 2,53731,2,2,6,10,19,6,0,2,0,1,1,0,0,0
"POINT (7.208457613000064 51.273815612000078)",Unfall 53857 (2024) Kat:3, Licht: 0,53857,3,3,5,10,14,5,0,0,1,1,0,0,0,0
"POINT (7.139333419000025 51.250901239000029)",Unfall 53858 (2024) Kat:3, Licht: 0,53858,3,3,5,10,17,5,0,0,0,1,0,1,0,0
"POINT (7.141295673000059 51.251617494000072)",Unfall 53860 (2024) Kat:3, Licht: 0,53860,3,1,1,10,09,5,0,0,0,1,0,0,0,0
"POINT (7.122373191000065 51.280755590000069)",Unfall 53861 (2024) Kat:2, Licht: 0,53861,2,6,3,10,14,5,0,0,0,1,0,1,0,0
"POINT (7.154278093000073 51.276097847000074)",Unfall 53963 (2024) Kat:2, Licht: 1,53963,2,1,7,10,17,4,0,1,0,1,0,0,0,0
"POINT (7.217651525000065 51.275188336000042)",Unfall 54002 (2024) Kat:2, Licht: 0,54002,2,6,0,10,12,3,0,0,0,0,0,0,0,1
"POINT (7.199022275000061 51.267707602000030)",Unfall 54178 (2024) Kat:3, Licht: 1,54178,3,6,2,10,07,2,1,1,0,1,0,0,0,0
"POINT (7.152133490000040 51.221686033000026)",Unfall 54179 (2024) Kat:3, Licht: 0,54179,3,2,4,10,15,2,1,0,0,1,0,0,0,0
"POINT (7.110198034000064 51.193447334000041)",Unfall 54180 (2024) Kat:3, Licht: 2,54180,3,1,8,10,03,2,1,2,0,1,0,0,0,0
"POINT (7.128577267000026 51.264838674000032)",Unfall 54284 (2024) Kat:3, Licht: 0,54284,3,6,2,10,13,1,0,0,0,1,0,0,0,0
"POINT (7.104833714000051 51.250094147000027)",Unfall 54285 (2024) Kat:3, Licht: 2,54285,3,7,8,10,06,1,0,2,0,1,0,0,0,0
"POINT (7.132808235000027 51.262018295000075)",Unfall 54348 (2024) Kat:3, Licht: 0,54348,3,6,1,10,13,7,1,0,0,1,0,0,0,0
"POINT (7.101492354000072 51.248635013000069)",Unfall 54355 (2024) Kat:2, Licht: 0,54355,2,1,8,10,10,7,1,0,0,1,0,0,0,0
"POINT (7.226503405000074 51.253387704000033)",Unfall 54356 (2024) Kat:2, Licht: 2,54356,2,7,8,10,01,7,0,2,0,1,0,0,0,0
"POINT (7.240440019000062 51.280731591000063)",Unfall 54457 (2024) Kat:3, Licht: 0,54457,3,6,2,10,15,6,0,0,0,1,0,0,0,0
"POINT (7.151861893000046 51.224160306000044)",Unfall 54458 (2024) Kat:3, Licht: 0,54458,3,2,5,10,12,6,0,0,0,1,0,0,0,0
"POINT (7.229727997000055 51.239306796000051)",Unfall 54658 (2024) Kat:2, Licht: 1,54658,2,6,2,10,06,4,0,1,0,1,0,0,0,0
"POINT (7.149774452000031 51.257149860000027)",Unfall 54659 (2024) Kat:3, Licht: 0,54659,3,6,6,10,15,4,0,0,0,0,1,0,0,1
"POINT (7.234105220000060 51.266397409000035)",Unfall 54664 (2024) Kat:3, Licht: 0,54664,3,3,5,10,12,6,0,0,0,1,0,0,0,0
"POINT (7.152050696000060 51.219647221000059)",Unfall 54764 (2024) Kat:3, Licht: 0,54764,3,6,0,10,07,3,0,0,0,0,0,0,0,1
"POINT (7.195641696000052 51.237792636000052)",Unfall 54772 (2024) Kat:3, Licht: 0,54772,3,1,0,10,11,1,1,0,0,0,0,1,0,0
"POINT (7.092976756000041 51.235482086000047)",Unfall 54819 (2024) Kat:3, Licht: 1,54819,3,1,8,10,06,4,1,1,0,1,0,0,0,0
"POINT (7.156075019000070 51.235567179000043)",Unfall 55016 (2024) Kat:2, Licht: 0,55016,2,1,9,10,12,7,0,0,0,0,0,1,0,0
"POINT (7.179524113000070 51.263699879000058)",Unfall 55075 (2024) Kat:3, Licht: 0,55075,3,3,5,10,07,2,1,0,0,1,0,0,0,0
"POINT (7.154652756000075 51.257998232000034)",Unfall 55076 (2024) Kat:3, Licht: 0,55076,3,6,2,10,14,3,0,0,0,1,0,0,0,0
"POINT (7.161234493000052 51.256207733000053)",Unfall 55121 (2024) Kat:3, Licht: 0,55121,3,6,2,10,12,2,1,0,0,1,0,0,0,0
"POINT (7.140792151000028 51.267333722000046)",Unfall 55152 (2024) Kat:3, Licht: 0,55152,3,6,2,10,07,6,0,0,0,1,0,0,0,1
"POINT (7.214303146000020 51.282737306000058)",Unfall 55273 (2024) Kat:3, Licht: 0,55273,3,4,6,10,15,5,0,0,0,1,1,0,0,0
"POINT (7.200005115000067 51.266493894000064)",Unfall 55274 (2024) Kat:3, Licht: 0,55274,3,1,0,10,15,5,1,0,0,1,0,1,0,0