WKT,Name,OBJECTID,UKATEGORIE,UTYP1,UART,UMONAT,USTUNDE,UWOCHENTAG,STRZUSTAND,ULICHTVERH,ISTRAD,ISTPKW,ISTFUSS,ISTKRAD,ISTGKFZ,ISTSONSTIG
"POINT (7.186621797000043 51.291823001000068)",Unfall 55276 (2024) Kat:3, Licht: 0,55276,3,1,1,10,13,5,1,0,0,1,0,0,0,0
"POINT (7.079471063000028 51.234804726000050)",Unfall 55278 (2024) Kat:3, Licht: 0,55278,3,4,6,10,15,5,0,0,0,1,1,0,0,0
"POINT (7.117878149000035 51.262576052000043)",Unfall 55299 (2024) Kat:3, Licht: 0,55299,3,6,2,10,13,5,0,0,0,1,0,0,0,0
"POINT (7.245293431000050 51.286558520000028)",Unfall 55425 (2024) Kat:3, Licht: 0,55425,3,6,1,11,13,2,1,0,0,1,0,0,0,0
"POINT (7.199650473000077 51.237502557000028)",Unfall 55426 (2024) Kat:3, Licht: 0,55426,3,6,1,11,13,2,1,0,0,1,0,0,1,0
"POINT (7.182504111000071 51.264630503000035)",Unfall 55554 (2024) Kat:3, Licht: 2,55554,3,5,1,11,21,7,0,2,0,1,0,0,0,0
"POINT (7.229508987000031 51.275764169000070)",Unfall 55555 (2024) Kat:3, Licht: 0,55555,3,7,2,11,13,7,0,0,1,1,0,0,0,0
"POINT (7.148332010000047 51.258182388000080)",Unfall 55630 (2024) Kat:3, Licht: 0,55630,3,7,0,11,12,6,0,0,0,1,0,0,0,0
"POINT (7.186241107000058 51.291676804000076)",Unfall 55812 (2024) Kat:3, Licht: 1,55812,3,2,6,11,07,4,1,1,0,1,1,0,0,0
"POINT (7.206279493000068 51.280656211000064)",Unfall 55813 (2024) Kat:3, Licht: 2,55813,3,1,8,11,04,4,1,2,0,1,0,0,0,0
"POINT (7.153904293000039 51.234927982000045)",Unfall 55814 (2024) Kat:3, Licht: 0,55814,3,3,5,11,12,4,0,0,1,1,0,0,0,0
"POINT (7.215722814000060 51.222126385000081)",Unfall 55926 (2024) Kat:3, Licht: 1,55926,3,6,2,11,17,3,0,1,0,1,0,0,0,0
"POINT (7.182054396000069 51.276891562000060)",Unfall 55927 (2024) Kat:3, Licht: 1,55927,3,6,0,11,16,3,0,1,0,1,0,0,0,1
"POINT (7.147296626000070 51.265258551000045)",Unfall 55928 (2024) Kat:3, Licht: 1,55928,3,2,5,11,16,3,0,1,1,1,0,0,0,0
"POINT (7.126730479000059 51.264111454000044)",Unfall 55944 (2024) Kat:3, Licht: 2,55944,3,6,2,11,18,3,0,2,0,1,0,0,0,1
"POINT (7.096206753000047 51.230043097000078)",Unfall 55946 (2024) Kat:3, Licht: 2,55946,3,1,8,11,06,3,2,2,0,1,0,0,0,0
"POINT (7.204061418000038 51.278710855000043)",Unfall 56068 (2024) Kat:3, Licht: 0,56068,3,3,3,11,16,2,0,0,1,1,0,0,0,0
"POINT (7.140272201000073 51.251286213000071)",Unfall 56070 (2024) Kat:3, Licht: 0,56070,3,6,3,11,15,2,0,0,0,1,0,0,0,0
"POINT (7.161768017000043 51.256358463000026)",Unfall 56072 (2024) Kat:3, Licht: 0,56072,3,2,5,11,09,2,0,0,0,1,0,0,0,1
"POINT (7.237519768000027 51.271726899000043)",Unfall 56156 (2024) Kat:3, Licht: 0,56156,3,3,5,11,13,1,0,0,0,1,0,1,0,0
"POINT (7.147185106000052 51.215450258000033)",Unfall 56157 (2024) Kat:3, Licht: 0,56157,3,6,0,11,13,1,0,0,1,1,0,0,0,0
"POINT (7.213738644000045 51.274110751000080)",Unfall 56190 (2024) Kat:3, Licht: 2,56190,3,4,6,11,22,2,1,2,0,1,1,0,0,0
"POINT (7.151867827000046 51.256319712000050)",Unfall 56309 (2024) Kat:3, Licht: 1,56309,3,1,0,11,16,6,1,1,1,0,0,0,0,0
"POINT (7.227557676000060 51.275272299000051)",Unfall 56426 (2024) Kat:3, Licht: 1,56426,3,2,3,10,17,5,0,1,0,1,0,0,0,1
"POINT (7.192002032000062 51.241435473000081)",Unfall 56427 (2024) Kat:3, Licht: 2,56427,3,6,2,10,17,5,0,2,0,1,0,0,0,0
"POINT (7.186768934000042 51.266041386000040)",Unfall 56428 (2024) Kat:3, Licht: 0,56428,3,6,0,10,11,5,0,0,0,1,0,0,0,0
"POINT (7.212949367000022 51.271518011000069)",Unfall 56430 (2024) Kat:3, Licht: 0,56430,3,1,2,10,10,5,0,0,0,1,0,0,0,0
"POINT (7.168197093000060 51.280214810000075)",Unfall 56431 (2024) Kat:3, Licht: 0,56431,3,3,5,10,15,5,0,0,0,1,0,0,0,0
"POINT (7.120984883000062 51.248917398000060)",Unfall 56432 (2024) Kat:3, Licht: 1,56432,3,7,0,10,06,5,1,1,0,1,0,1,0,0
"POINT (7.093002620000050 51.241649580000058)",Unfall 56533 (2024) Kat:2, Licht: 2,56533,2,1,8,11,23,6,1,2,0,1,0,0,0,0
"POINT (7.188217852000037 51.243567419000044)",Unfall 56637 (2024) Kat:3, Licht: 2,56637,3,1,8,11,21,3,1,2,0,1,0,0,0,0
"POINT (7.108280180000065 51.282330735000073)",Unfall 56638 (2024) Kat:3, Licht: 1,56638,3,7,4,11,16,3,0,1,0,1,0,1,0,0
"POINT (7.116292479000037 51.262201775000051)",Unfall 56639 (2024) Kat:3, Licht: 1,56639,3,3,5,11,07,3,0,1,0,1,0,0,0,1
"POINT (7.253324235000036 51.282584600000064)",Unfall 56732 (2024) Kat:3, Licht: 2,56732,3,2,6,11,17,2,1,2,0,1,1,0,0,0
"POINT (7.139232688000050 51.250854388000050)",Unfall 56896 (2024) Kat:3, Licht: 2,56896,3,4,6,11,21,7,1,2,0,1,1,0,0,0
"POINT (7.154904323000039 51.257937187000039)",Unfall 57003 (2024) Kat:3, Licht: 0,57003,3,6,6,11,10,6,1,0,1,0,1,0,0,0
"POINT (7.184585990000073 51.281600677000029)",Unfall 57021 (2024) Kat:3, Licht: 0,57021,3,6,2,11,12,6,1,0,0,1,0,0,0,0
"POINT (7.244640971000024 51.309769693000078)",Unfall 57131 (2024) Kat:3, Licht: 0,57131,3,6,2,11,07,5,1,0,0,1,0,0,0,0
"POINT (7.202088059000062 51.296091666000052)",Unfall 57230 (2024) Kat:3, Licht: 2,57230,3,2,6,11,17,4,2,2,0,1,1,0,0,0
"POINT (7.153199820000054 51.258990678000032)",Unfall 57231 (2024) Kat:3, Licht: 2,57231,3,4,6,11,18,4,1,2,0,1,1,0,0,0
"POINT (7.233904128000063 51.227991090000046)",Unfall 57240 (2024) Kat:3, Licht: 2,57240,3,1,8,11,22,4,2,2,0,0,0,0,1,0
"POINT (7.214768226000047 51.296602208000081)",Unfall 57241 (2024) Kat:2, Licht: 2,57241,2,5,1,11,22,4,1,2,0,1,0,0,1,0
"POINT (7.136621666000053 51.253820978000078)",Unfall 57373 (2024) Kat:3, Licht: 2,57373,3,6,2,11,21,3,0,2,0,1,0,0,0,0
"POINT (7.099001804000068 51.247745940000073)",Unfall 57396 (2024) Kat:3, Licht: 0,57396,3,6,3,11,11,3,1,0,0,1,0,0,0,1
"POINT (7.212036408000074 51.270346591000077)",Unfall 57529 (2024) Kat:3, Licht: 2,57529,3,4,6,11,16,2,1,2,0,1,1,0,0,0
"POINT (7.224287536000077 51.273494142000061)",Unfall 57530 (2024) Kat:2, Licht: 2,57530,2,7,0,11,00,2,1,2,0,0,0,1,0,0
"POINT (7.147154742000055 51.247900213000037)",Unfall 57531 (2024) Kat:3, Licht: 2,57531,3,1,0,11,22,2,1,2,0,0,0,0,0,1
"POINT (7.100927615000046 51.248551292000059)",Unfall 57548 (2024) Kat:3, Licht: 0,57548,3,6,3,11,14,2,0,0,0,1,0,0,1,0
"POINT (7.130619327000034 51.264651677000074)",Unfall 57639 (2024) Kat:3, Licht: 1,57639,3,6,2,11,16,1,0,1,0,1,0,0,0,0
"POINT (7.113192530000049 51.249522961000082)",Unfall 57757 (2024) Kat:3, Licht: 0,57757,3,6,2,11,13,7,0,0,0,1,0,0,0,0
"POINT (7.091088918000025 51.256119843000079)",Unfall 57780 (2024) Kat:3, Licht: 0,57780,3,2,6,11,09,6,1,0,0,1,1,0,0,0
"POINT (7.157734561000041 51.256074481000041)",Unfall 57781 (2024) Kat:3, Licht: 2,57781,3,1,0,11,00,6,1,2,0,0,0,0,0,1
"POINT (7.213252743000055 51.274469475000046)",Unfall 57919 (2024) Kat:3, Licht: 0,57919,3,1,8,11,11,5,1,0,0,1,0,0,0,0
"POINT (7.178635216000032 51.272856901000068)",Unfall 57921 (2024) Kat:3, Licht: 1,57921,3,2,6,11,07,5,1,1,0,1,1,0,0,0
"POINT (7.128444966000075 51.251196894000032)",Unfall 57922 (2024) Kat:3, Licht: 2,57922,3,3,5,11,19,5,0,2,0,1,0,0,0,1
"POINT (7.146090079000032 51.252455254000040)",Unfall 58072 (2024) Kat:2, Licht: 2,58072,2,4,6,11,17,4,1,2,0,1,0,0,0,1
"POINT (7.196386343000029 51.270198959000027)",Unfall 58194 (2024) Kat:3, Licht: 1,58194,3,6,3,11,16,3,0,1,0,1,0,0,0,1
"POINT (7.197438857000066 51.237558778000050)",Unfall 58195 (2024) Kat:3, Licht: 0,58195,3,6,2,11,16,3,1,0,0,1,0,0,0,1
"POINT (7.196566027000074 51.269351779000033)",Unfall 58196 (2024) Kat:3, Licht: 0,58196,3,6,3,11,10,3,1,0,0,1,0,0,1,0
"POINT (7.147277739000060 51.264749613000049)",Unfall 58197 (2024) Kat:3, Licht: 0,58197,3,6,6,11,12,3,0,0,0,0,1,0,0,1
"POINT (7.072876189000056 51.232328358000075)",Unfall 58198 (2024) Kat:2, Licht: 0,58198,2,4,6,11,08,3,1,0,0,1,1,0,0,0
"POINT (7.197483585000043 51.268731210000055)",Unfall 58310 (2024) Kat:3, Licht: 0,58310,3,6,2,12,13,5,1,0,0,1,0,1,0,0
"POINT (7.167605129000037 51.268675039000073)",Unfall 58311 (2024) Kat:3, Licht: 0,58311,3,3,5,12,09,5,0,0,0,1,0,0,0,0
"POINT (7.147888172000023 51.266719869000042)",Unfall 58312 (2024) Kat:3, Licht: 1,58312,3,4,6,12,08,5,1,1,0,1,1,0,0,0
"POINT (7.129850129000033 51.265244177000056)",Unfall 58396 (2024) Kat:3, Licht: 2,58396,3,6,2,12,17,4,1,2,0,1,0,0,0,0
"POINT (7.148113884000054 51.259270148000041)",Unfall 58460 (2024) Kat:2, Licht: 1,58460,2,6,0,12,16,3,0,1,0,1,0,0,0,1
"POINT (7.207011119000072 51.224793497000064)",Unfall 58461 (2024) Kat:3, Licht: 2,58461,3,4,7,12,16,3,0,2,0,1,1,0,0,0
"POINT (7.138877469000022 51.261699005000025)",Unfall 58462 (2024) Kat:3, Licht: 0,58462,3,7,0,12,11,3,0,0,0,0,1,0,0,1
"POINT (7.235831532000020 51.232563953000067)",Unfall 58555 (2024) Kat:3, Licht: 2,58555,3,6,2,12,17,2,1,2,0,1,0,0,0,0
"POINT (7.163974897000060 51.257157191000033)",Unfall 58556 (2024) Kat:3, Licht: 1,58556,3,2,6,12,16,2,1,1,0,1,1,0,0,0
"POINT (7.101166697000053 51.248555107000072)",Unfall 58563 (2024) Kat:3, Licht: 0,58563,3,1,9,12,14,2,1,0,0,1,0,0,0,0
"POINT (7.187130189000072 51.282446871000047)",Unfall 58625 (2024) Kat:3, Licht: 0,58625,3,6,3,12,15,1,1,0,0,1,0,0,0,0
"POINT (7.205933099000049 51.225185977000081)",Unfall 58687 (2024) Kat:3, Licht: 2,58687,3,7,8,12,04,7,0,2,0,1,0,0,0,1
"POINT (7.087903041000061 51.256733309000026)",Unfall 58868 (2024) Kat:3, Licht: 0,58868,3,3,5,12,13,5,0,0,0,1,0,0,0,0
"POINT (7.207502816000044 51.273445326000058)",Unfall 59038 (2024) Kat:3, Licht: 0,59038,3,7,0,12,17,3,0,0,0,0,0,0,0,1
"POINT (7.197094368000023 51.269555696000054)",Unfall 59039 (2024) Kat:3, Licht: 0,59039,3,7,0,12,12,3,0,0,0,0,0,0,0,1
"POINT (7.105414173000042 51.282374893000053)",Unfall 59040 (2024) Kat:3, Licht: 2,59040,3,1,8,12,17,3,1,2,0,1,0,0,0,0
"POINT (7.126881496000067 51.269041565000066)",Unfall 59134 (2024) Kat:3, Licht: 0,59134,3,1,8,12,15,2,0,0,0,1,0,0,0,0
"POINT (7.167657127000041 51.285380256000053)",Unfall 59136 (2024) Kat:3, Licht: 0,59136,3,3,5,12,10,2,1,0,0,1,0,0,0,0
"POINT (7.161059461000036 51.271771338000065)",Unfall 59220 (2024) Kat:3, Licht: 2,59220,3,6,2,12,17,1,0,2,0,1,0,0,0,0
"POINT (7.117884345000050 51.262577753000073)",Unfall 59259 (2024) Kat:3, Licht: 0,59259,3,6,2,12,14,1,0,0,0,1,0,0,0,0
"POINT (7.195066670000074 51.237044714000035)",Unfall 59299 (2024) Kat:3, Licht: 2,59299,3,4,6,12,16,7,1,2,0,1,1,0,0,0
"POINT (7.200984933000029 51.225642029000028)",Unfall 59301 (2024) Kat:3, Licht: 0,59301,3,4,6,12,10,7,1,0,0,1,1,0,0,0
"POINT (7.147788046000073 51.266476858000033)",Unfall 59302 (2024) Kat:3, Licht: 2,59302,3,4,6,12,20,7,1,2,0,1,1,0,0,0
"POINT (7.248842722000063 51.310416267000051)",Unfall 59310 (2024) Kat:3, Licht: 0,59310,3,6,2,12,12,7,1,0,0,1,0,0,1,1
"POINT (7.147815445000049 51.237014081000041)",Unfall 59395 (2024) Kat:3, Licht: 0,59395,3,6,1,12,15,6,1,0,0,1,0,0,0,0
"POINT (7.053427173000046 51.210773625000058)",Unfall 59396 (2024) Kat:3, Licht: 0,59396,3,6,2,12,12,6,1,0,0,1,0,0,0,0
"POINT (7.207013255000049 51.224792713000056)",Unfall 59435 (2024) Kat:3, Licht: 0,59435,3,7,0,12,12,5,1,0,0,1,0,0,0,0
"POINT (7.265477066000074 51.277371722000055)",Unfall 59653 (2024) Kat:3, Licht: 0,59653,3,6,1,12,12,4,0,0,1,1,0,0,0,0
"POINT (7.166463501000067 51.258245842000065)",Unfall 59655 (2024) Kat:3, Licht: 0,59655,3,2,6,12,10,4,0,0,0,1,1,0,0,0
"POINT (7.107011799000077 51.232317868000052)",Unfall 59666 (2024) Kat:3, Licht: 2,59666,3,6,2,12,18,4,1,2,0,1,0,0,0,0
"POINT (7.212468215000058 51.235694903000081)",Unfall 59785 (2024) Kat:3, Licht: 0,59785,3,3,5,12,15,3,0,0,0,1,0,0,0,0
"POINT (7.224127813000052 51.275305764000052)",Unfall 59923 (2024) Kat:2, Licht: 1,59923,2,1,6,12,18,2,1,1,0,1,1,0,0,0
"POINT (7.159896367000044 51.266308196000068)",Unfall 59925 (2024) Kat:3, Licht: 2,59925,3,7,6,12,18,2,1,2,0,1,1,0,0,0
"POINT (7.088053239000033 51.228989601000080)",Unfall 59941 (2024) Kat:3, Licht: 2,59941,3,6,3,12,19,2,1,2,0,1,0,0,1,0
"POINT (7.161932606000050 51.258016038000051)",Unfall 59960 (2024) Kat:3, Licht: 2,59960,3,3,5,12,20,7,1,2,0,1,0,0,0,0
"POINT (7.166196949000039 51.258296723000058)",Unfall 60025 (2024) Kat:2, Licht: 2,60025,2,7,0,12,20,1,0,2,1,0,0,0,0,0
"POINT (7.132466151000074 51.262291014000027)",Unfall 60026 (2024) Kat:3, Licht: 2,60026,3,2,2,12,19,1,0,2,0,1,0,0,0,0
"POINT (7.103068083000039 51.248734500000069)",Unfall 60027 (2024) Kat:3, Licht: 2,60027,3,1,0,12,18,1,0,2,0,0,0,0,0,1
"POINT (7.186208013000055 51.276924013000041)",Unfall 60048 (2024) Kat:3, Licht: 2,60048,3,2,6,12,17,1,1,2,0,1,1,0,0,0
"POINT (7.235685991000025 51.268130979000034)",Unfall 60123 (2024) Kat:3, Licht: 0,60123,3,6,1,11,09,7,0,0,0,1,0,0,0,0
"POINT (7.250205172000051 51.310663532000035)",Unfall 60144 (2024) Kat:3, Licht: 0,60144,3,6,2,11,14,7,0,0,0,1,0,0,0,0
"POINT (7.134505995000040 51.252612316000068)",Unfall 60276 (2024) Kat:3, Licht: 0,60276,3,4,6,11,08,6,1,0,0,1,1,0,0,0
"POINT (7.112865368000030 51.258543215000032)",Unfall 60293 (2024) Kat:3, Licht: 2,60293,3,6,2,11,18,6,0,2,0,1,0,0,0,0
"POINT (7.195067244000029 51.237045757000033)",Unfall 60530 (2024) Kat:2, Licht: 1,60530,2,4,6,12,08,3,1,1,0,1,1,0,0,0
"POINT (7.083501966000028 51.234631319000073)",Unfall 60582 (2024) Kat:3, Licht: 1,60582,3,6,2,11,16,4,1,1,0,1,0,0,0,0
"POINT (7.139421573000050 51.261572092000051)",Unfall 60583 (2024) Kat:3, Licht: 0,60583,3,7,0,11,08,4,1,0,0,0,1,0,0,1
"POINT (7.225615853000022 51.251677140000027)",Unfall 60602 (2024) Kat:3, Licht: 0,60602,3,6,0,11,14,4,1,0,0,1,0,0,0,0
"POINT (7.251858260000063 51.308509185000048)",Unfall 61025 (2024) Kat:3, Licht: 0,61025,3,7,1,12,11,2,1,0,0,1,0,0,0,0
"POINT (7.148828672000036 51.259102779000045)",Unfall 61184 (2024) Kat:3, Licht: 0,61184,3,2,5,12,13,6,0,0,0,1,0,0,0,1
"POINT (7.075764639000056 51.233664124000029)",Unfall 61234 (2024) Kat:3, Licht: 0,61234,3,7,2,12,15,5,0,0,1,1,0,0,0,0
"POINT (7.152071539000076 51.255445957000063)",Unfall 61235 (2024) Kat:3, Licht: 1,61235,3,3,0,12,16,5,0,1,0,1,0,0,0,1
"POINT (7.178493557000024 51.279232979000028)",Unfall 61242 (2024) Kat:3, Licht: 0,61242,3,6,2,12,13,5,0,0,0,1,0,0,0,0
"POINT (7.196340119000070 51.229180506000034)",Unfall 61425 (2024) Kat:3, Licht: 0,61425,3,2,5,12,14,2,0,0,0,1,0,0,0,0
"POINT (7.076060737000034 51.233802069000035)",Unfall 61426 (2024) Kat:3, Licht: 2,61426,3,2,6,12,17,2,1,2,0,1,1,0,0,0
"POINT (7.157290249000027 51.256110325000066)",Unfall 61427 (2024) Kat:3, Licht: 0,61427,3,5,1,12,14,2,0,0,0,1,0,0,0,0
"POINT (7.102886124000065 51.238610640000047)",Unfall 61503 (2024) Kat:3, Licht: 2,61503,3,6,1,12,18,1,1,2,0,1,0,0,0,0
"POINT (7.152538109000034 51.258768415000077)",Unfall 61504 (2024) Kat:3, Licht: 2,61504,3,4,6,12,18,1,1,2,0,1,1,0,0,0
"POINT (7.150407180000059 51.255934557000046)",Unfall 61591 (2024) Kat:3, Licht: 2,61591,3,6,1,12,19,7,1,2,0,1,0,0,0,0
"POINT (7.163926450000076 51.257321740000066)",Unfall 61593 (2024) Kat:3, Licht: 2,61593,3,6,1,12,18,7,1,2,0,1,0,0,0,0
"POINT (7.137765266000031 51.250620775000073)",Unfall 61594 (2024) Kat:3, Licht: 2,61594,3,2,6,12,17,7,1,2,0,1,1,0,0,0
"POINT (7.139101101000051 51.250788616000079)",Unfall 61617 (2024) Kat:3, Licht: 0,61617,3,6,1,12,11,6,0,0,0,1,0,0,0,0
"POINT (7.167152025000064 51.268711344000053)",Unfall 61704 (2024) Kat:3, Licht: 1,61704,3,3,5,12,16,6,0,1,0,1,0,1,0,0
"POINT (7.196252152000056 51.270572373000050)",Unfall 61705 (2024) Kat:3, Licht: 0,61705,3,4,6,12,14,6,1,0,0,1,1,0,0,0
"POINT (7.218932392000056 51.279506270000070)",Unfall 169344 (2024) Kat:3, Licht: 0,169344,3,6,2,01,09,2,0,0,0,1,0,0,0,0
"POINT (7.126156396000056 51.248273136000080)",Unfall 169529 (2024) Kat:3, Licht: 2,169529,3,2,6,01,19,5,0,2,0,1,1,0,0,0
"POINT (7.226118795000048 51.280135305000044)",Unfall 169725 (2024) Kat:3, Licht: 0,169725,3,7,6,01,15,6,1,0,0,0,1,0,0,1
"POINT (7.135076212000058 51.206639802000041)",Unfall 169726 (2024) Kat:3, Licht: 0,169726,3,6,8,01,15,6,1,0,0,1,0,0,0,0
"POINT (7.166845184000067 51.269234088000076)",Unfall 169772 (2024) Kat:3, Licht: 2,169772,3,1,8,01,20,5,1,2,0,1,0,0,0,0
"POINT (7.078179325000065 51.231674117000068)",Unfall 169773 (2024) Kat:3, Licht: 2,169773,3,2,4,01,17,5,1,2,0,1,0,0,0,0
"POINT (7.205293532000042 51.259695636000060)",Unfall 169812 (2024) Kat:3, Licht: 2,169812,3,1,8,01,06,4,1,2,0,1,0,0,0,0
"POINT (7.060151623000024 51.216067118000069)",Unfall 169813 (2024) Kat:2, Licht: 2,169813,2,2,6,01,19,4,1,2,0,1,1,0,0,0
"POINT (7.133279528000060 51.204769843000065)",Unfall 169814 (2024) Kat:3, Licht: 0,169814,3,1,5,01,11,4,1,0,0,1,0,0,0,0
"POINT (7.075111348000064 51.225226749000058)",Unfall 169860 (2024) Kat:3, Licht: 1,169860,3,1,0,01,16,3,1,1,1,0,0,0,0,0
"POINT (7.189761072000067 51.263098865000075)",Unfall 170336 (2024) Kat:2, Licht: 0,170336,2,7,8,02,13,7,0,0,0,1,0,0,0,0
"POINT (7.111017505000063 51.252273785000057)",Unfall 170337 (2024) Kat:3, Licht: 2,170337,3,1,0,02,21,7,1,2,1,0,0,0,0,0
"POINT (7.129910641000038 51.190239118000079)",Unfall 170338 (2024) Kat:3, Licht: 0,170338,3,1,0,02,15,7,1,0,1,0,0,0,0,0
"POINT (7.180967148000036 51.262424175000035)",Unfall 170438 (2024) Kat:3, Licht: 2,170438,3,3,5,02,23,5,1,2,0,1,0,0,0,0
"POINT (7.187066823000066 51.262669696000046)",Unfall 170439 (2024) Kat:3, Licht: 0,170439,3,1,1,02,09,5,0,0,1,1,0,0,0,0
"POINT (7.131486909000046 51.201329419000047)",Unfall 170574 (2024) Kat:3, Licht: 2,170574,3,6,3,02,19,2,0,2,1,1,0,0,0,0
"POINT (7.256429451000031 51.272390117000043)",Unfall 170601 (2024) Kat:3, Licht: 0,170601,3,3,5,02,16,1,0,0,0,1,0,0,0,1
"POINT (7.183955083000058 51.262299663000078)",Unfall 170802 (2024) Kat:2, Licht: 0,170802,2,1,1,01,09,4,0,0,1,1,0,0,0,0
"POINT (7.125232098000026 51.281004466000070)",Unfall 170846 (2024) Kat:2, Licht: 1,170846,2,4,6,01,16,3,0,1,0,1,1,0,0,0
"POINT (7.150321563000034 51.259688138000058)",Unfall 171025 (2024) Kat:2, Licht: 0,171025,2,7,0,01,13,6,1,0,0,0,0,0,0,1
"POINT (7.211717515000032 51.283180744000049)",Unfall 171141 (2024) Kat:3, Licht: 0,171141,3,4,6,01,12,4,0,0,0,1,1,0,0,0
"POINT (7.208010811000065 51.278578074000052)",Unfall 171208 (2024) Kat:3, Licht: 2,171208,3,6,6,01,17,3,1,2,1,0,1,0,0,0
"POINT (7.097786200000030 51.237223071000074)",Unfall 171416 (2024) Kat:3, Licht: 0,171416,3,4,6,03,11,7,0,0,0,1,1,0,0,0
"POINT (7.144369389000076 51.264806842000041)",Unfall 171465 (2024) Kat:3, Licht: 0,171465,3,6,3,03,10,6,1,0,1,0,0,0,0,0
"POINT (7.191822144000071 51.228043432000050)",Unfall 171617 (2024) Kat:3, Licht: 0,171617,3,4,6,02,14,3,0,0,0,1,1,0,0,0
"POINT (7.145887677000076 51.229625702000078)",Unfall 171670 (2024) Kat:3, Licht: 0,171670,3,7,6,02,08,2,1,0,0,1,1,0,0,0
"POINT (7.196608736000030 51.231761996000046)",Unfall 171917 (2024) Kat:3, Licht: 2,171917,3,7,0,02,19,3,0,2,0,1,1,0,0,0
"POINT (7.190424293000035 51.263071877000073)",Unfall 171973 (2024) Kat:3, Licht: 0,171973,3,2,6,02,14,2,0,0,0,1,1,0,0,0
"POINT (7.162553597000056 51.240928443000030)",Unfall 171974 (2024) Kat:2, Licht: 0,171974,2,4,6,02,15,2,1,0,0,1,1,0,0,0
"POINT (7.096790950000070 51.240951133000067)",Unfall 171975 (2024) Kat:3, Licht: 1,171975,3,2,5,02,06,2,1,1,1,1,0,0,0,0
"POINT (7.223202969000056 51.228856216000054)",Unfall 172030 (2024) Kat:3, Licht: 0,172030,3,4,0,02,13,7,1,0,1,0,1,0,0,0
"POINT (7.221078919000036 51.272524408000038)",Unfall 172074 (2024) Kat:3, Licht: 2,172074,3,1,0,02,19,6,1,2,0,0,0,1,0,0
"POINT (7.192183284000066 51.248980915000061)",Unfall 172135 (2024) Kat:3, Licht: 2,172135,3,6,2,02,18,5,0,2,0,1,0,0,0,0
"POINT (7.224160436000034 51.275670377000040)",Unfall 172184 (2024) Kat:3, Licht: 2,172184,3,4,6,02,07,4,1,2,0,1,1,0,0,0
"POINT (7.163916687000039 51.255972981000070)",Unfall 172263 (2024) Kat:3, Licht: 0,172263,3,6,1,02,15,3,0,0,0,1,0,0,0,0
"POINT (7.201172526000050 51.257406598000046)",Unfall 172264 (2024) Kat:2, Licht: 2,172264,2,7,9,02,06,3,0,2,0,0,0,0,1,0
"POINT (7.206839350000052 51.227084698000056)",Unfall 172307 (2024) Kat:3, Licht: 0,172307,3,4,6,02,17,5,0,0,0,1,1,0,0,0
"POINT (7.149596886000040 51.258025547000045)",Unfall 172353 (2024) Kat:3, Licht: 0,172353,3,4,6,03,13,7,1,0,0,1,1,0,0,0
"POINT (7.059814110000048 51.221949270000039)",Unfall 172396 (2024) Kat:3, Licht: 0,172396,3,3,5,03,09,6,0,0,0,1,0,0,0,0
"POINT (7.229367553000031 51.285344250000037)",Unfall 172516 (2024) Kat:3, Licht: 0,172516,3,4,6,03,13,4,0,0,0,1,1,0,0,0
"POINT (7.186402709000049 51.262543465000078)",Unfall 172517 (2024) Kat:2, Licht: 0,172517,2,4,6,03,07,4,0,0,0,1,1,0,0,0
"POINT (7.227996418000032 51.283003555000050)",Unfall 172518 (2024) Kat:3, Licht: 0,172518,3,3,5,03,08,4,0,0,0,1,0,0,0,1
"POINT (7.097312442000032 51.238664275000076)",Unfall 172519 (2024) Kat:3, Licht: 0,172519,3,3,0,03,10,4,0,0,0,0,0,1,0,0
"POINT (7.243763956000066 51.277727039000069)",Unfall 172586 (2024) Kat:3, Licht: 0,172586,3,6,2,03,07,3,0,0,0,1,0,0,0,0
"POINT (7.190783260000046 51.272529934000033)",Unfall 172676 (2024) Kat:3, Licht: 0,172676,3,6,0,03,12,1,0,0,1,0,0,0,0,0
"POINT (7.146819021000056 51.239089706000073)",Unfall 172704 (2024) Kat:3, Licht: 0,172704,3,3,5,03,10,7,1,0,0,1,0,0,0,0
"POINT (7.092301729000042 51.246401698000057)",Unfall 172707 (2024) Kat:3, Licht: 1,172707,3,1,8,03,16,7,0,1,0,1,0,0,0,0
"POINT (7.075024998000060 51.225350035000076)",Unfall 172750 (2024) Kat:2, Licht: 0,172750,2,4,6,03,07,6,1,0,0,1,1,0,0,0
"POINT (7.200594031000037 51.243961231000071)",Unfall 172824 (2024) Kat:3, Licht: 0,172824,3,7,0,03,08,5,0,0,0,1,0,0,1,0
"POINT (7.169180135000033 51.262022321000074)",Unfall 172825 (2024) Kat:3, Licht: 0,172825,3,5,1,03,13,5,0,0,1,1,0,0,0,0
"POINT (7.075635737000027 51.223739384000055)",Unfall 172826 (2024) Kat:2, Licht: 2,172826,2,7,8,03,23,5,0,2,0,1,0,0,0,0
"POINT (7.135688376000076 51.254555941000035)",Unfall 172827 (2024) Kat:3, Licht: 0,172827,3,2,6,03,15,5,0,0,0,1,1,0,0,0
"POINT (7.141928883000048 51.256315199000028)",Unfall 172920 (2024) Kat:3, Licht: 0,172920,3,3,0,03,15,3,0,0,0,1,0,0,0,1