WKT,Name,OBJECTID,UKATEGORIE,UTYP1,UART,UMONAT,USTUNDE,UWOCHENTAG,STRZUSTAND,ULICHTVERH,ISTRAD,ISTPKW,ISTFUSS,ISTKRAD,ISTGKFZ,ISTSONSTIG
"POINT (7.208516166000038 51.269383637000033)",Unfall 172965 (2024) Kat:3, Licht: 0,172965,3,3,5,03,10,2,0,0,0,1,0,0,0,0
"POINT (7.255415519000053 51.280414094000037)",Unfall 172968 (2024) Kat:3, Licht: 0,172968,3,3,5,03,16,2,1,0,0,1,0,0,0,0
"POINT (7.204542106000076 51.273965275000080)",Unfall 172969 (2024) Kat:2, Licht: 0,172969,2,6,3,03,10,2,1,0,0,1,0,0,0,0
"POINT (7.225901809000050 51.279786240000078)",Unfall 173015 (2024) Kat:3, Licht: 0,173015,3,7,2,03,10,1,0,0,0,1,0,0,0,0
"POINT (7.213210004000075 51.225800924000055)",Unfall 173047 (2024) Kat:3, Licht: 2,173047,3,2,0,03,18,7,0,2,0,0,0,0,0,1
"POINT (7.134152025000049 51.207499182000049)",Unfall 173048 (2024) Kat:3, Licht: 0,173048,3,2,3,03,11,7,0,0,1,1,0,0,0,0
"POINT (7.176932668000063 51.273104304000071)",Unfall 173127 (2024) Kat:3, Licht: 0,173127,3,6,2,03,14,6,0,0,1,1,0,0,0,0
"POINT (7.121187117000034 51.274323139000046)",Unfall 173169 (2024) Kat:3, Licht: 0,173169,3,7,0,03,08,5,0,0,0,1,0,0,0,0
"POINT (7.109261367000045 51.252646960000050)",Unfall 173231 (2024) Kat:3, Licht: 2,173231,3,5,1,03,19,4,0,2,0,1,0,0,1,0
"POINT (7.255376270000056 51.284997366000027)",Unfall 173388 (2024) Kat:3, Licht: 0,173388,3,3,5,04,16,1,0,0,1,1,0,0,0,0
"POINT (7.243471186000022 51.274741309000035)",Unfall 173389 (2024) Kat:3, Licht: 0,173389,3,3,5,04,07,1,0,0,1,1,0,0,0,0
"POINT (7.046877621000021 51.225760871000034)",Unfall 173458 (2024) Kat:3, Licht: 2,173458,3,1,0,04,21,7,0,2,0,0,0,1,0,0
"POINT (7.190435103000027 51.265392903000077)",Unfall 173515 (2024) Kat:3, Licht: 0,173515,3,3,5,04,11,6,0,0,0,1,0,0,0,1
"POINT (7.216957381000043 51.274080288000050)",Unfall 173626 (2024) Kat:3, Licht: 0,173626,3,4,6,04,16,4,0,0,0,1,1,0,0,0
"POINT (7.178635745000065 51.262396628000033)",Unfall 173627 (2024) Kat:2, Licht: 0,173627,2,7,0,04,13,4,0,0,0,0,0,0,0,1
"POINT (7.222752372000059 51.274887774000035)",Unfall 173683 (2024) Kat:3, Licht: 0,173683,3,4,6,04,14,3,0,0,0,1,1,0,0,0
"POINT (7.143517541000051 51.260716191000029)",Unfall 173684 (2024) Kat:3, Licht: 0,173684,3,2,6,04,09,3,1,0,0,1,1,0,0,0
"POINT (7.186856837000050 51.273367116000031)",Unfall 173946 (2024) Kat:3, Licht: 0,173946,3,7,6,04,16,6,1,0,0,1,1,0,0,0
"POINT (7.211704182000062 51.275255314000049)",Unfall 174040 (2024) Kat:3, Licht: 0,174040,3,3,5,04,14,4,1,0,1,1,0,0,0,0
"POINT (7.151029895000022 51.214289055000052)",Unfall 174096 (2024) Kat:3, Licht: 0,174096,3,6,2,04,12,3,0,0,0,1,0,0,0,1
"POINT (7.143539299000054 51.260711490000062)",Unfall 174119 (2024) Kat:2, Licht: 0,174119,2,6,0,04,19,2,0,0,1,1,0,0,0,0
"POINT (7.151729492000072 51.265178646000038)",Unfall 174145 (2024) Kat:3, Licht: 0,174145,3,6,1,03,12,1,0,0,0,1,0,0,0,1
"POINT (7.142658407000056 51.281451453000045)",Unfall 174244 (2024) Kat:3, Licht: 0,174244,3,7,9,03,13,5,1,0,0,1,0,0,0,0
"POINT (7.132654273000071 51.208453043000077)",Unfall 174245 (2024) Kat:3, Licht: 0,174245,3,7,8,03,09,5,1,0,0,1,0,0,0,0
"POINT (7.151579156000025 51.257664466000051)",Unfall 174285 (2024) Kat:3, Licht: 0,174285,3,1,0,03,14,4,0,0,0,0,0,1,0,0
"POINT (7.219775214000038 51.281161529000030)",Unfall 174328 (2024) Kat:3, Licht: 0,174328,3,4,6,03,18,3,0,0,0,1,1,0,0,0
"POINT (7.159332037000070 51.254754572000081)",Unfall 174329 (2024) Kat:3, Licht: 0,174329,3,6,0,03,14,3,0,0,0,0,0,0,1,1
"POINT (7.179927810000038 51.277043482000067)",Unfall 174393 (2024) Kat:3, Licht: 0,174393,3,6,3,03,07,2,0,0,1,1,0,0,0,0
"POINT (7.143546642000047 51.249632628000029)",Unfall 174394 (2024) Kat:3, Licht: 0,174394,3,7,0,03,11,2,0,0,1,0,0,0,0,0
"POINT (7.140168182000025 51.192367253000043)",Unfall 174476 (2024) Kat:3, Licht: 0,174476,3,1,8,05,11,4,0,0,0,0,0,1,0,0
"POINT (7.168499514000075 51.269086802000061)",Unfall 174571 (2024) Kat:3, Licht: 0,174571,3,3,5,04,14,3,0,0,1,1,0,0,0,0
"POINT (7.148562593000065 51.256356176000054)",Unfall 174572 (2024) Kat:3, Licht: 0,174572,3,7,6,04,20,3,0,0,0,1,1,0,0,0
"POINT (7.109537330000023 51.271126958000082)",Unfall 174689 (2024) Kat:3, Licht: 0,174689,3,3,5,04,11,1,0,0,0,1,0,1,0,0
"POINT (7.243886972000041 51.273320690000048)",Unfall 174860 (2024) Kat:2, Licht: 0,174860,2,1,8,04,13,3,0,0,1,0,0,0,0,0
"POINT (7.220345490000057 51.282973278000043)",Unfall 174984 (2024) Kat:3, Licht: 0,174984,3,3,5,04,11,3,0,0,0,1,0,0,0,0
"POINT (7.146490638000046 51.255361359000062)",Unfall 175034 (2024) Kat:3, Licht: 0,175034,3,3,5,04,10,2,0,0,1,1,0,0,0,0
"POINT (7.217749906000051 51.275699945000042)",Unfall 175102 (2024) Kat:3, Licht: 2,175102,3,4,6,04,23,7,1,2,0,1,1,0,0,0
"POINT (7.185251885000071 51.276416808000079)",Unfall 175160 (2024) Kat:3, Licht: 0,175160,3,6,6,04,14,6,1,0,0,1,1,0,0,0
"POINT (7.226104967000026 51.280113060000076)",Unfall 175214 (2024) Kat:3, Licht: 0,175214,3,4,6,04,17,5,0,0,0,1,1,0,0,0
"POINT (7.224255725000035 51.270092611000052)",Unfall 175215 (2024) Kat:3, Licht: 0,175215,3,3,5,04,17,5,0,0,0,1,0,0,0,0
"POINT (7.080801993000023 51.241252349000035)",Unfall 175272 (2024) Kat:3, Licht: 1,175272,3,1,8,04,19,4,1,1,0,1,0,0,0,0
"POINT (7.141781632000061 51.254159297000058)",Unfall 175273 (2024) Kat:2, Licht: 0,175273,2,4,6,04,13,4,1,0,0,1,1,0,0,0
"POINT (7.176470018000032 51.273132733000068)",Unfall 175413 (2024) Kat:3, Licht: 0,175413,3,1,0,04,18,2,1,0,0,0,0,1,0,0
"POINT (7.141633988000024 51.262393046000057)",Unfall 175414 (2024) Kat:3, Licht: 0,175414,3,4,6,04,16,2,0,0,0,0,1,0,0,1
"POINT (7.120364300000062 51.238583835000043)",Unfall 175468 (2024) Kat:3, Licht: 2,175468,3,7,8,05,21,5,1,2,0,1,0,0,0,0
"POINT (7.134568926000043 51.255225691000078)",Unfall 175469 (2024) Kat:3, Licht: 0,175469,3,1,0,05,09,5,0,0,1,0,0,0,0,0
"POINT (7.198399526000060 51.267068568000070)",Unfall 175551 (2024) Kat:3, Licht: 2,175551,3,5,1,05,21,4,0,2,0,1,0,0,0,0
"POINT (7.239062119000039 51.295222582000065)",Unfall 175552 (2024) Kat:3, Licht: 0,175552,3,1,7,05,18,4,0,0,1,0,0,0,0,0
"POINT (7.224255725000035 51.270092611000052)",Unfall 175553 (2024) Kat:3, Licht: 0,175553,3,3,5,05,13,4,0,0,0,1,0,0,0,0
"POINT (7.152062580000063 51.260019501000045)",Unfall 175646 (2024) Kat:3, Licht: 0,175646,3,3,0,05,18,3,0,0,1,1,0,0,0,0
"POINT (7.197743351000042 51.270753812000066)",Unfall 175719 (2024) Kat:3, Licht: 0,175719,3,1,6,05,18,2,0,0,0,0,1,0,0,1
"POINT (7.167138990000069 51.256001395000055)",Unfall 175720 (2024) Kat:3, Licht: 0,175720,3,7,0,05,10,2,0,0,0,1,0,0,0,0
"POINT (7.191428887000029 51.269837172000052)",Unfall 175722 (2024) Kat:3, Licht: 0,175722,3,2,6,05,08,2,0,0,0,1,1,0,0,0
"POINT (7.142241335000051 51.281992300000070)",Unfall 175723 (2024) Kat:3, Licht: 0,175723,3,1,9,05,17,2,0,0,0,1,0,0,0,0
"POINT (7.146769131000042 51.255727790000037)",Unfall 175724 (2024) Kat:3, Licht: 0,175724,3,7,6,05,10,2,0,0,0,0,1,0,0,1
"POINT (7.209049712000024 51.277719377000039)",Unfall 175794 (2024) Kat:3, Licht: 0,175794,3,1,0,05,19,1,0,0,0,0,0,0,0,1
"POINT (7.147540058000061 51.273640404000048)",Unfall 175795 (2024) Kat:3, Licht: 0,175795,3,3,0,05,17,1,0,0,0,1,0,0,0,1
"POINT (7.194836695000049 51.264774335000027)",Unfall 175954 (2024) Kat:2, Licht: 2,175954,2,5,1,05,22,5,0,2,1,1,0,0,0,0
"POINT (7.186964681000063 51.266934280000044)",Unfall 175955 (2024) Kat:3, Licht: 0,175955,3,1,2,05,20,5,0,0,0,1,0,1,0,0
"POINT (7.211465112000042 51.280854309000063)",Unfall 176024 (2024) Kat:2, Licht: 0,176024,2,3,5,05,11,4,0,0,0,1,0,0,0,0
"POINT (7.184714732000032 51.266443483000046)",Unfall 176025 (2024) Kat:3, Licht: 0,176025,3,2,6,05,13,4,0,0,0,1,1,0,0,0
"POINT (7.135482489000026 51.258084303000032)",Unfall 176106 (2024) Kat:3, Licht: 0,176106,3,5,1,05,14,3,0,0,1,1,0,0,0,0
"POINT (7.133302258000072 51.251177529000074)",Unfall 176279 (2024) Kat:3, Licht: 0,176279,3,7,0,05,17,7,0,0,1,1,0,0,0,0
"POINT (7.131342143000040 51.203042555000081)",Unfall 176337 (2024) Kat:3, Licht: 0,176337,3,3,5,05,16,6,0,0,0,1,0,0,0,0
"POINT (7.211841958000036 51.265640434000034)",Unfall 176641 (2024) Kat:3, Licht: 0,176641,3,6,2,05,08,4,1,0,0,1,0,0,0,0
"POINT (7.211468447000073 51.280881976000046)",Unfall 176642 (2024) Kat:3, Licht: 0,176642,3,3,5,05,10,4,1,0,0,1,0,0,0,0
"POINT (7.196996981000041 51.270837065000080)",Unfall 176719 (2024) Kat:3, Licht: 0,176719,3,4,6,05,13,3,0,0,0,0,1,0,0,1
"POINT (7.202021054000056 51.288447564000080)",Unfall 176861 (2024) Kat:3, Licht: 2,176861,3,5,1,05,01,1,0,2,0,1,0,1,0,0
"POINT (7.146958950000055 51.278362761000039)",Unfall 176994 (2024) Kat:3, Licht: 0,176994,3,6,1,05,14,2,0,0,0,1,0,0,0,0
"POINT (7.209573545000069 51.276197829000068)",Unfall 176996 (2024) Kat:3, Licht: 0,176996,3,3,5,05,10,6,1,0,1,1,0,0,0,0
"POINT (7.124542302000066 51.261297189000061)",Unfall 177079 (2024) Kat:3, Licht: 0,177079,3,6,4,05,19,5,0,0,1,0,0,0,0,1
"POINT (7.133109050000030 51.189498883000056)",Unfall 177080 (2024) Kat:3, Licht: 0,177080,3,3,5,05,07,5,0,0,1,1,0,0,0,0
"POINT (7.217968355000039 51.277249855000036)",Unfall 177156 (2024) Kat:3, Licht: 0,177156,3,6,3,05,07,4,0,0,0,1,0,1,0,0
"POINT (7.175614221000046 51.274322705000031)",Unfall 177231 (2024) Kat:3, Licht: 0,177231,3,4,6,05,13,3,0,0,0,1,1,0,0,0
"POINT (7.209250086000054 51.281031595000059)",Unfall 177293 (2024) Kat:3, Licht: 0,177293,3,3,5,05,13,2,1,0,0,1,0,0,0,0
"POINT (7.118602372000055 51.273630593000064)",Unfall 177294 (2024) Kat:3, Licht: 0,177294,3,1,8,05,14,2,1,0,0,0,0,0,0,1
"POINT (7.144984428000043 51.257139918000064)",Unfall 177537 (2024) Kat:3, Licht: 0,177537,3,4,6,06,16,7,0,0,0,1,1,0,0,0
"POINT (7.189612687000022 51.247429884000042)",Unfall 177665 (2024) Kat:3, Licht: 0,177665,3,6,2,06,16,5,0,0,0,1,0,0,0,0
"POINT (7.218249695000054 51.277887141000065)",Unfall 177736 (2024) Kat:3, Licht: 0,177736,3,7,0,06,11,4,0,0,1,0,0,0,0,0
"POINT (7.092432145000032 51.239890099000036)",Unfall 177933 (2024) Kat:3, Licht: 0,177933,3,7,8,06,17,1,0,0,1,1,0,0,0,0
"POINT (7.152539104000027 51.262659548000045)",Unfall 177934 (2024) Kat:3, Licht: 0,177934,3,5,1,06,08,1,0,0,0,1,0,0,0,1
"POINT (7.128831797000032 51.266803421000077)",Unfall 178007 (2024) Kat:2, Licht: 0,178007,2,1,0,06,15,7,0,0,1,0,0,0,0,0
"POINT (7.130338711000036 51.253646833000062)",Unfall 178096 (2024) Kat:3, Licht: 0,178096,3,1,0,06,17,6,0,0,1,0,0,0,0,0
"POINT (7.221171687000037 51.272520925000038)",Unfall 178208 (2024) Kat:3, Licht: 0,178208,3,3,5,06,15,5,0,0,0,1,0,0,0,0
"POINT (7.138338707000059 51.204452317000062)",Unfall 178209 (2024) Kat:2, Licht: 0,178209,2,6,4,06,15,5,0,0,0,1,0,0,0,0
"POINT (7.162681952000071 51.260591369000053)",Unfall 178210 (2024) Kat:3, Licht: 0,178210,3,1,0,06,14,5,0,0,0,0,0,0,0,1
"POINT (7.146141221000050 51.257495850000055)",Unfall 178211 (2024) Kat:3, Licht: 0,178211,3,4,6,06,14,5,0,0,1,0,1,0,0,0
"POINT (7.145915190000039 51.263059919000057)",Unfall 178212 (2024) Kat:3, Licht: 2,178212,3,1,0,06,01,5,0,2,0,1,0,0,0,0
"POINT (7.215979601000072 51.288507428000059)",Unfall 178364 (2024) Kat:3, Licht: 0,178364,3,1,0,06,16,3,0,0,1,0,0,0,0,0
"POINT (7.193492785000046 51.269894682000029)",Unfall 178365 (2024) Kat:3, Licht: 0,178365,3,5,1,06,18,3,0,0,0,0,0,0,0,1
"POINT (7.134606448000056 51.254063974000076)",Unfall 178366 (2024) Kat:3, Licht: 0,178366,3,5,1,06,11,3,0,0,0,1,0,0,0,0
"POINT (7.130815272000063 51.195588562000069)",Unfall 178367 (2024) Kat:3, Licht: 0,178367,3,1,0,06,06,3,0,0,0,1,0,0,0,0
"POINT (7.192112391000023 51.268752504000076)",Unfall 178612 (2024) Kat:2, Licht: 2,178612,2,1,0,06,22,6,0,2,1,0,0,0,0,0
"POINT (7.176223003000075 51.264720124000064)",Unfall 178689 (2024) Kat:3, Licht: 0,178689,3,6,2,06,15,5,0,0,1,1,0,0,0,1
"POINT (7.180890815000055 51.285194069000056)",Unfall 178773 (2024) Kat:3, Licht: 0,178773,3,6,2,06,17,4,0,0,0,1,0,0,0,0
"POINT (7.140541257000052 51.265631347000067)",Unfall 178774 (2024) Kat:3, Licht: 0,178774,3,2,5,06,17,4,0,0,1,1,0,0,0,0
"POINT (7.106826134000073 51.242743386000029)",Unfall 178775 (2024) Kat:2, Licht: 0,178775,2,4,6,06,15,4,0,0,0,1,1,0,0,0
"POINT (7.188515752000058 51.267159861000039)",Unfall 178863 (2024) Kat:3, Licht: 2,178863,3,1,0,06,23,3,0,2,1,0,0,0,0,0
"POINT (7.222720871000035 51.287713711000038)",Unfall 178864 (2024) Kat:3, Licht: 0,178864,3,1,0,06,16,3,0,0,1,0,0,0,0,0
"POINT (7.219947178000041 51.270025157000077)",Unfall 178866 (2024) Kat:3, Licht: 0,178866,3,1,6,06,14,3,0,0,0,1,1,0,0,0
"POINT (7.093189201000030 51.239742837000051)",Unfall 178867 (2024) Kat:3, Licht: 0,178867,3,4,6,06,06,3,0,0,0,1,1,0,0,0
"POINT (7.165992634000077 51.285008073000029)",Unfall 178963 (2024) Kat:3, Licht: 0,178963,3,4,6,06,17,2,0,0,0,1,1,0,0,0
"POINT (7.143399014000067 51.249635778000027)",Unfall 178964 (2024) Kat:3, Licht: 0,178964,3,7,5,06,14,2,0,0,0,1,0,0,0,1
"POINT (7.059728313000051 51.221973801000047)",Unfall 179083 (2024) Kat:3, Licht: 0,179083,3,6,2,06,11,7,0,0,0,1,0,0,0,0
"POINT (7.208185809000042 51.278924518000053)",Unfall 179148 (2024) Kat:3, Licht: 0,179148,3,7,0,06,16,6,1,0,1,0,0,0,0,0
"POINT (7.213199896000049 51.267869891000032)",Unfall 179149 (2024) Kat:3, Licht: 0,179149,3,6,4,06,16,6,1,0,0,1,0,1,0,1
"POINT (7.238848440000027 51.296560094000029)",Unfall 179241 (2024) Kat:2, Licht: 0,179241,2,6,4,06,16,5,0,0,1,0,0,0,0,1
"POINT (7.057070838000072 51.212565004000055)",Unfall 179242 (2024) Kat:3, Licht: 0,179242,3,3,5,06,14,5,0,0,1,1,0,0,0,0
"POINT (7.076325936000046 51.230172052000057)",Unfall 179471 (2024) Kat:3, Licht: 0,179471,3,2,2,06,08,5,0,0,0,1,0,1,0,0
"POINT (7.045367737000049 51.210197223000080)",Unfall 179480 (2024) Kat:3, Licht: 0,179480,3,2,5,06,16,2,0,0,0,1,0,0,0,1
"POINT (7.145456940000031 51.264888761000066)",Unfall 179481 (2024) Kat:3, Licht: 0,179481,3,3,5,06,11,2,0,0,0,1,0,0,0,1
"POINT (7.154463321000037 51.271117830000037)",Unfall 179482 (2024) Kat:3, Licht: 0,179482,3,7,0,06,08,2,0,0,0,1,0,0,0,0
"POINT (7.160138212000049 51.295967501000064)",Unfall 179540 (2024) Kat:3, Licht: 2,179540,3,1,7,06,00,1,0,2,0,1,0,1,0,0
"POINT (7.153350571000033 51.268989578000060)",Unfall 179667 (2024) Kat:3, Licht: 0,179667,3,2,4,07,18,7,0,0,0,1,0,0,0,0
"POINT (7.146542232000058 51.255360616000075)",Unfall 179712 (2024) Kat:3, Licht: 0,179712,3,3,5,07,14,6,1,0,1,1,0,0,0,0
"POINT (7.153215163000027 51.267412155000045)",Unfall 179768 (2024) Kat:3, Licht: 0,179768,3,3,4,07,12,5,0,0,0,1,0,1,0,0
"POINT (7.223085162000075 51.275331047000066)",Unfall 179831 (2024) Kat:3, Licht: 0,179831,3,2,2,07,19,4,0,0,0,1,0,0,0,0
"POINT (7.208423015000051 51.269712492000053)",Unfall 179956 (2024) Kat:2, Licht: 0,179956,2,3,5,07,10,2,0,0,0,1,0,1,0,0
"POINT (7.171019712000032 51.272957582000060)",Unfall 180000 (2024) Kat:3, Licht: 0,180000,3,5,0,07,15,1,0,0,0,1,0,0,0,1
"POINT (7.080072069000039 51.239676022000026)",Unfall 180051 (2024) Kat:3, Licht: 0,180051,3,1,0,07,13,7,0,0,1,0,0,0,0,0
"POINT (7.196969035000052 51.277077735000034)",Unfall 180125 (2024) Kat:3, Licht: 0,180125,3,7,0,07,14,6,0,0,1,1,0,0,0,0
"POINT (7.217857990000027 51.276988309000046)",Unfall 180126 (2024) Kat:2, Licht: 0,180126,2,3,5,07,15,6,1,0,0,1,0,1,0,0
"POINT (7.153509949000068 51.253693592000047)",Unfall 180127 (2024) Kat:3, Licht: 0,180127,3,7,0,07,18,6,1,0,1,0,0,0,0,0
"POINT (7.244797789000074 51.278904242000067)",Unfall 180199 (2024) Kat:3, Licht: 2,180199,3,1,0,07,22,5,0,2,0,0,0,1,0,0
"POINT (7.138718822000044 51.254820655000060)",Unfall 180200 (2024) Kat:3, Licht: 0,180200,3,7,0,07,19,5,0,0,0,1,1,0,0,0
"POINT (7.131272014000047 51.267676409000046)",Unfall 180201 (2024) Kat:2, Licht: 0,180201,2,7,6,07,14,5,0,0,0,1,1,0,0,0
"POINT (7.155931788000032 51.269108698000082)",Unfall 180203 (2024) Kat:3, Licht: 0,180203,3,6,2,07,16,5,0,0,0,1,0,0,0,0
"POINT (7.151653377000059 51.224701176000053)",Unfall 180272 (2024) Kat:3, Licht: 0,180272,3,2,4,07,15,4,1,0,0,1,0,0,0,1
"POINT (7.105670840000073 51.253186168000070)",Unfall 180273 (2024) Kat:2, Licht: 0,180273,2,6,9,07,14,4,1,0,0,1,0,0,0,0
"POINT (7.109342605000052 51.278678048000074)",Unfall 180274 (2024) Kat:3, Licht: 0,180274,3,5,1,07,07,4,0,0,0,1,0,0,0,1
"POINT (7.133497756000054 51.253559846000030)",Unfall 180297 (2024) Kat:3, Licht: 0,180297,3,5,1,07,14,5,0,0,1,1,0,0,0,0
"POINT (7.183422413000073 51.276791575000061)",Unfall 180351 (2024) Kat:3, Licht: 0,180351,3,3,5,07,17,3,0,0,0,1,0,0,0,0
"POINT (7.127713212000060 51.259169626000073)",Unfall 180352 (2024) Kat:3, Licht: 0,180352,3,7,0,07,13,3,1,0,0,1,0,0,0,0
"POINT (7.140304531000027 51.273151125000027)",Unfall 180353 (2024) Kat:3, Licht: 0,180353,3,5,1,07,07,3,1,0,0,1,0,0,0,0
"POINT (7.078484810000020 51.233978695000076)",Unfall 180446 (2024) Kat:3, Licht: 2,180446,3,7,0,07,22,2,0,2,0,0,1,0,0,1
"POINT (7.174726880000037 51.273099166000065)",Unfall 180517 (2024) Kat:3, Licht: 0,180517,3,1,0,06,19,1,0,0,0,0,0,0,0,1
"POINT (7.182961752000040 51.270832278000057)",Unfall 180593 (2024) Kat:3, Licht: 2,180593,3,1,0,06,23,7,0,2,0,0,0,0,0,1
"POINT (7.194246694000071 51.237994700000058)",Unfall 180594 (2024) Kat:3, Licht: 0,180594,3,1,0,06,11,7,0,0,1,0,0,0,0,0
"POINT (7.221678884000028 51.274560105000035)",Unfall 180595 (2024) Kat:3, Licht: 0,180595,3,2,5,06,10,7,0,0,0,1,0,0,0,1
"POINT (7.180570123000052 51.269757829000071)",Unfall 180630 (2024) Kat:3, Licht: 0,180630,3,1,0,08,10,5,0,0,1,1,0,0,0,0
"POINT (7.218774173000043 51.278974507000044)",Unfall 180867 (2024) Kat:3, Licht: 0,180867,3,4,6,07,18,1,0,0,0,1,1,0,0,0
"POINT (7.202872368000044 51.215373685000031)",Unfall 180968 (2024) Kat:3, Licht: 0,180968,3,5,7,07,12,6,0,0,0,1,0,0,0,1
"POINT (7.093210404000047 51.249308783000060)",Unfall 180969 (2024) Kat:3, Licht: 0,180969,3,2,4,07,14,6,0,0,0,1,0,0,0,0
"POINT (7.190231298000072 51.267727728000068)",Unfall 181022 (2024) Kat:3, Licht: 0,181022,3,7,6,07,13,5,0,0,0,1,1,0,0,0
"POINT (7.127789195000048 51.194234197000071)",Unfall 181023 (2024) Kat:2, Licht: 0,181023,2,7,0,07,12,5,0,0,0,1,0,0,0,1
"POINT (7.136458160000075 51.249674559000027)",Unfall 181067 (2024) Kat:3, Licht: 0,181067,3,3,5,07,16,7,1,0,1,1,0,0,0,0
"POINT (7.146401641000068 51.255363282000076)",Unfall 181084 (2024) Kat:3, Licht: 0,181084,3,3,5,07,09,4,1,0,1,1,0,0,0,0
"POINT (7.230974359000072 51.281896888000063)",Unfall 181142 (2024) Kat:3, Licht: 0,181142,3,7,1,07,20,3,0,0,0,1,0,0,0,1
"POINT (7.154794243000026 51.257946112000070)",Unfall 181144 (2024) Kat:3, Licht: 0,181144,3,4,6,07,17,3,0,0,0,0,1,0,0,1
"POINT (7.213450336000051 51.275061029000028)",Unfall 181197 (2024) Kat:3, Licht: 0,181197,3,3,5,07,13,2,0,0,1,1,0,0,0,0
"POINT (7.211232340000038 51.279173459000049)",Unfall 181198 (2024) Kat:3, Licht: 0,181198,3,1,0,07,15,2,0,0,1,0,0,0,0,0
"POINT (7.100550170000076 51.249598080000055)",Unfall 181251 (2024) Kat:3, Licht: 1,181251,3,7,0,07,20,1,0,1,1,0,0,0,0,0
"POINT (7.240342172000055 51.276864663000026)",Unfall 181374 (2024) Kat:3, Licht: 0,181374,3,1,8,07,16,6,0,0,1,0,0,0,0,0
"POINT (7.229103720000069 51.261097109000048)",Unfall 181497 (2024) Kat:2, Licht: 0,181497,2,4,6,07,19,4,0,0,0,1,1,0,0,0
"POINT (7.070178444000021 51.230723970000042)",Unfall 181498 (2024) Kat:3, Licht: 0,181498,3,7,6,07,09,4,0,0,0,1,1,0,0,0
"POINT (7.062913996000020 51.224851125000043)",Unfall 181558 (2024) Kat:3, Licht: 0,181558,3,6,0,07,14,3,0,0,0,0,0,0,0,1
"POINT (7.159754359000033 51.283712143000059)",Unfall 181559 (2024) Kat:3, Licht: 0,181559,3,1,8,07,15,3,0,0,0,1,0,0,0,0
"POINT (7.195218782000040 51.272003767000058)",Unfall 181823 (2024) Kat:3, Licht: 0,181823,3,7,0,08,10,5,0,0,0,1,0,1,0,0
"POINT (7.173630298000035 51.263369268000076)",Unfall 181878 (2024) Kat:3, Licht: 0,181878,3,6,2,08,15,4,0,0,0,1,0,0,0,0
"POINT (7.183422413000073 51.276791575000061)",Unfall 181989 (2024) Kat:3, Licht: 2,181989,3,3,5,08,23,2,0,2,0,1,0,0,0,1
"POINT (7.214919173000055 51.284274156000038)",Unfall 182048 (2024) Kat:3, Licht: 0,182048,3,7,0,08,19,1,0,0,0,0,0,0,0,1
"POINT (7.125122354000041 51.270978625000055)",Unfall 182059 (2024) Kat:3, Licht: 0,182059,3,2,5,08,19,3,0,0,1,1,0,0,0,0
"POINT (7.181879530000060 51.261992961000033)",Unfall 182434 (2024) Kat:3, Licht: 0,182434,3,1,0,08,14,2,0,0,1,0,0,0,0,0
"POINT (7.218244723000055 51.270599393000055)",Unfall 182606 (2024) Kat:3, Licht: 0,182606,3,1,0,08,18,6,0,0,1,0,0,0,0,0
"POINT (7.193970575000037 51.277843981000046)",Unfall 182782 (2024) Kat:3, Licht: 0,182782,3,2,5,08,15,6,0,0,0,1,0,0,0,1
"POINT (7.184073440000020 51.267922243000044)",Unfall 182783 (2024) Kat:3, Licht: 0,182783,3,7,0,08,11,6,0,0,0,0,0,0,0,1
"POINT (7.190085619000058 51.265848241000072)",Unfall 182857 (2024) Kat:3, Licht: 0,182857,3,1,0,08,19,5,0,0,0,0,0,1,0,0
"POINT (7.198323434000031 51.227067908000038)",Unfall 182858 (2024) Kat:3, Licht: 0,182858,3,4,6,08,15,5,0,0,0,1,1,0,0,0
"POINT (7.142966844000057 51.264776473000040)",Unfall 182859 (2024) Kat:3, Licht: 0,182859,3,7,6,08,18,5,0,0,0,0,1,0,0,1
"POINT (7.150862753000069 51.267334497000036)",Unfall 182860 (2024) Kat:3, Licht: 0,182860,3,7,6,08,17,5,0,0,0,1,1,0,0,0
"POINT (7.168087499000023 51.258399907000069)",Unfall 182936 (2024) Kat:3, Licht: 0,182936,3,7,6,08,10,4,0,0,0,1,1,0,0,0
"POINT (7.216842932000077 51.274470197000028)",Unfall 183013 (2024) Kat:2, Licht: 0,183013,2,6,1,08,12,3,0,0,1,1,0,0,0,0
"POINT (7.175497181000026 51.274156878000042)",Unfall 183014 (2024) Kat:3, Licht: 0,183014,3,3,5,08,09,3,0,0,0,1,0,0,0,0
"POINT (7.153289242000028 51.237160094000046)",Unfall 183015 (2024) Kat:3, Licht: 0,183015,3,6,0,08,19,3,0,0,1,1,0,0,0,0
"POINT (7.104896495000048 51.241747932000067)",Unfall 183016 (2024) Kat:3, Licht: 0,183016,3,1,0,08,16,3,0,0,1,0,0,0,0,0
"POINT (7.224623344000065 51.276061230000039)",Unfall 183084 (2024) Kat:3, Licht: 0,183084,3,7,6,08,16,2,0,0,0,0,1,0,0,1