WKT,Name,OBJECTID,UKATEGORIE,UTYP1,UART,UMONAT,USTUNDE,UWOCHENTAG,STRZUSTAND,ULICHTVERH,ISTRAD,ISTPKW,ISTFUSS,ISTKRAD,ISTGKFZ,ISTSONSTIG
"POINT (7.164714952000054 51.259686808000026)",Unfall 183085 (2024) Kat:2, Licht: 0,183085,2,1,0,08,11,2,0,0,1,0,0,0,0,0
"POINT (7.234968327000047 51.272001062000072)",Unfall 183151 (2024) Kat:3, Licht: 0,183151,3,1,0,08,18,1,0,0,0,0,0,0,0,1
"POINT (7.225556865000044 51.279231319000075)",Unfall 183224 (2024) Kat:3, Licht: 0,183224,3,2,0,08,18,7,0,0,0,1,0,1,0,0
"POINT (7.162882497000055 51.252413438000076)",Unfall 183225 (2024) Kat:3, Licht: 0,183225,3,6,0,08,15,7,0,0,1,1,0,0,0,0
"POINT (7.126805939000064 51.190779347000046)",Unfall 183302 (2024) Kat:3, Licht: 2,183302,3,1,0,08,23,6,1,2,1,0,0,0,0,0
"POINT (7.189361815000041 51.267870662000064)",Unfall 183303 (2024) Kat:3, Licht: 0,183303,3,7,6,08,12,6,0,0,0,1,1,0,0,0
"POINT (7.197882799000070 51.266868917000068)",Unfall 183304 (2024) Kat:3, Licht: 0,183304,3,7,0,08,08,6,0,0,0,0,0,0,0,1
"POINT (7.108979294000051 51.244624091000048)",Unfall 183395 (2024) Kat:3, Licht: 2,183395,3,1,0,08,21,5,0,2,0,0,0,0,0,1
"POINT (7.158400945000039 51.282434441000078)",Unfall 183396 (2024) Kat:2, Licht: 0,183396,2,1,0,08,08,5,0,0,0,0,0,0,0,1
"POINT (7.184354180000071 51.276072529000032)",Unfall 183480 (2024) Kat:3, Licht: 0,183480,3,5,5,08,09,4,0,0,0,1,0,0,0,0
"POINT (7.177654524000047 51.272999237000079)",Unfall 183481 (2024) Kat:3, Licht: 2,183481,3,1,0,08,02,4,1,2,0,0,0,1,0,0
"POINT (7.259330037000041 51.297567363000041)",Unfall 183564 (2024) Kat:3, Licht: 0,183564,3,6,4,08,08,6,1,0,0,0,0,1,1,0
"POINT (7.130259106000040 51.253496590000054)",Unfall 183570 (2024) Kat:2, Licht: 0,183570,2,3,5,08,13,3,0,0,0,1,0,1,0,0
"POINT (7.154384131000029 51.248518428000068)",Unfall 183609 (2024) Kat:3, Licht: 0,183609,3,3,5,08,17,4,0,0,1,1,0,0,0,0
"POINT (7.145698467000045 51.263893475000032)",Unfall 183660 (2024) Kat:3, Licht: 0,183660,3,5,1,08,18,2,0,0,0,1,0,0,0,1
"POINT (7.127534242000024 51.236449275000041)",Unfall 183731 (2024) Kat:2, Licht: 1,183731,2,3,4,08,19,1,0,1,0,1,0,1,0,0
"POINT (7.224769885000057 51.276187277000076)",Unfall 183860 (2024) Kat:3, Licht: 0,183860,3,5,1,09,11,5,0,0,0,1,0,1,0,0
"POINT (7.208910630000048 51.227023257000042)",Unfall 183861 (2024) Kat:3, Licht: 0,183861,3,3,5,09,06,5,0,0,0,1,0,1,0,0
"POINT (7.174336088000075 51.263726944000041)",Unfall 184058 (2024) Kat:3, Licht: 0,184058,3,1,0,09,13,2,1,0,1,0,0,0,0,0
"POINT (7.149696824000046 51.228711083000064)",Unfall 184059 (2024) Kat:3, Licht: 0,184059,3,1,0,09,15,2,1,0,0,0,0,1,0,0
"POINT (7.097169677000068 51.235691408000037)",Unfall 184117 (2024) Kat:3, Licht: 0,184117,3,1,0,09,13,1,0,0,1,0,0,0,0,0
"POINT (7.208623561000024 51.263604736000048)",Unfall 184180 (2024) Kat:2, Licht: 2,184180,2,7,0,09,21,7,0,2,1,0,0,0,0,0
"POINT (7.220340596000028 51.282958204000067)",Unfall 184259 (2024) Kat:3, Licht: 0,184259,3,3,5,09,10,6,0,0,0,1,0,0,0,0
"POINT (7.144568663000030 51.262117010000054)",Unfall 184333 (2024) Kat:2, Licht: 0,184333,2,7,0,09,12,5,0,0,1,0,0,0,0,0
"POINT (7.155161163000059 51.219606342000077)",Unfall 184502 (2024) Kat:3, Licht: 0,184502,3,4,6,09,10,3,0,0,0,1,1,0,0,0
"POINT (7.192922012000054 51.249878296000077)",Unfall 184503 (2024) Kat:3, Licht: 0,184503,3,7,0,09,15,3,0,0,1,0,0,0,0,0
"POINT (7.075544830000069 51.230901742000071)",Unfall 184504 (2024) Kat:3, Licht: 0,184504,3,2,5,09,16,3,0,0,0,1,0,0,0,0
"POINT (7.144263440000032 51.258110755000075)",Unfall 184505 (2024) Kat:3, Licht: 0,184505,3,4,6,09,16,3,0,0,0,1,1,0,0,0
"POINT (7.149322904000030 51.236076296000078)",Unfall 184506 (2024) Kat:2, Licht: 0,184506,2,3,5,09,15,3,0,0,0,1,0,1,0,0
"POINT (7.173986095000032 51.262071787000082)",Unfall 184507 (2024) Kat:3, Licht: 0,184507,3,1,0,09,12,3,0,0,0,1,0,0,0,1
"POINT (7.067927820000023 51.229930673000069)",Unfall 184508 (2024) Kat:3, Licht: 0,184508,3,4,6,09,12,3,0,0,0,1,1,0,0,0
"POINT (7.182957389000023 51.270831716000032)",Unfall 184579 (2024) Kat:3, Licht: 2,184579,3,7,8,09,23,2,0,2,1,0,0,0,0,0
"POINT (7.152970709000044 51.260696822000057)",Unfall 184580 (2024) Kat:3, Licht: 0,184580,3,1,0,09,19,2,1,0,1,0,0,0,0,0
"POINT (7.155343691000041 51.286477606000062)",Unfall 184581 (2024) Kat:3, Licht: 0,184581,3,5,0,09,16,2,1,0,1,1,0,0,0,0
"POINT (7.187249015000020 51.273461532000056)",Unfall 184747 (2024) Kat:3, Licht: 0,184747,3,1,0,09,10,1,0,0,0,0,0,1,0,0
"POINT (7.235946690000048 51.290922496000064)",Unfall 184748 (2024) Kat:2, Licht: 2,184748,2,1,9,09,00,1,1,2,0,1,0,0,0,0
"POINT (7.075312432000032 51.229658143000051)",Unfall 184749 (2024) Kat:3, Licht: 1,184749,3,1,0,09,19,1,0,1,0,0,0,1,0,0
"POINT (7.147700306000047 51.258462719000079)",Unfall 184750 (2024) Kat:3, Licht: 0,184750,3,4,6,09,18,1,0,0,0,0,1,0,0,1
"POINT (7.060113040000033 51.219632299000068)",Unfall 184791 (2024) Kat:3, Licht: 0,184791,3,3,5,09,09,7,0,0,1,1,0,0,0,0
"POINT (7.146631889000048 51.259120518000032)",Unfall 184850 (2024) Kat:3, Licht: 1,184850,3,2,5,09,19,6,1,1,0,1,0,0,0,1
"POINT (7.227612408000027 51.282523441000080)",Unfall 185012 (2024) Kat:3, Licht: 0,185012,3,6,2,09,12,4,1,0,0,1,0,0,0,1
"POINT (7.153297581000061 51.251821392000068)",Unfall 185013 (2024) Kat:2, Licht: 0,185013,2,1,0,09,13,4,1,0,0,0,0,0,0,1
"POINT (7.176679112000045 51.273122622000074)",Unfall 185082 (2024) Kat:3, Licht: 0,185082,3,1,1,09,08,3,1,0,0,1,0,1,0,0
"POINT (7.193413227000065 51.279407567000078)",Unfall 185153 (2024) Kat:3, Licht: 0,185153,3,4,7,09,10,2,0,0,0,1,1,0,0,0
"POINT (7.132676467000067 51.229466397000067)",Unfall 185154 (2024) Kat:3, Licht: 0,185154,3,7,9,09,07,2,0,0,1,0,0,0,0,0
"POINT (7.200811821000059 51.224559110000030)",Unfall 185292 (2024) Kat:3, Licht: 2,185292,3,2,5,09,20,7,0,2,1,1,0,0,0,0
"POINT (7.223837230000072 51.280898539000077)",Unfall 185372 (2024) Kat:3, Licht: 0,185372,3,1,0,09,16,6,0,0,1,0,0,0,0,0
"POINT (7.222731552000027 51.274703930000044)",Unfall 185373 (2024) Kat:3, Licht: 0,185373,3,6,0,09,18,6,0,0,1,0,0,0,0,0
"POINT (7.192441932000065 51.272193264000066)",Unfall 185374 (2024) Kat:3, Licht: 0,185374,3,5,5,09,17,6,0,0,0,1,0,0,0,1
"POINT (7.194079806000047 51.271357391000038)",Unfall 185376 (2024) Kat:3, Licht: 0,185376,3,4,6,09,13,6,0,0,0,1,1,0,0,0
"POINT (7.245529335000072 51.293925348000073)",Unfall 185377 (2024) Kat:3, Licht: 0,185377,3,7,0,09,11,6,0,0,1,0,0,0,0,0
"POINT (7.229372421000051 51.285866158000033)",Unfall 185479 (2024) Kat:3, Licht: 0,185479,3,6,2,09,09,5,0,0,0,1,0,0,0,0
"POINT (7.080635125000072 51.237341021000077)",Unfall 185557 (2024) Kat:3, Licht: 0,185557,3,7,0,09,18,4,0,0,1,0,0,0,0,0
"POINT (7.137932045000071 51.256712506000042)",Unfall 185690 (2024) Kat:3, Licht: 0,185690,3,7,3,09,18,2,0,0,1,1,0,0,0,0
"POINT (7.153406305000033 51.268901522000078)",Unfall 185728 (2024) Kat:3, Licht: 0,185728,3,3,5,09,11,6,0,0,0,1,0,0,0,1
"POINT (7.255333908000068 51.296990926000035)",Unfall 185795 (2024) Kat:2, Licht: 2,185795,2,1,0,10,21,5,0,2,0,0,0,1,0,0
"POINT (7.143445556000074 51.257916839000075)",Unfall 185949 (2024) Kat:3, Licht: 2,185949,3,7,6,10,18,1,0,2,0,1,1,0,0,0
"POINT (7.218591471000025 51.227119807000065)",Unfall 186035 (2024) Kat:3, Licht: 0,186035,3,1,1,10,16,5,0,0,0,1,0,0,0,1
"POINT (7.237380945000041 51.285260972000060)",Unfall 186061 (2024) Kat:3, Licht: 0,186061,3,3,5,10,15,6,0,0,0,1,0,0,0,1
"POINT (7.152488129000062 51.248625534000041)",Unfall 186062 (2024) Kat:3, Licht: 0,186062,3,3,5,10,13,6,0,0,1,1,0,0,0,0
"POINT (7.176086692000069 51.259966178000070)",Unfall 186182 (2024) Kat:2, Licht: 1,186182,2,2,6,10,07,4,1,1,0,1,1,0,0,0
"POINT (7.153602286000023 51.268985469000029)",Unfall 186183 (2024) Kat:3, Licht: 1,186183,3,6,1,10,18,4,1,1,0,1,0,0,0,0
"POINT (7.144106177000026 51.256073796000067)",Unfall 186184 (2024) Kat:3, Licht: 0,186184,3,4,6,10,16,4,1,0,0,1,1,0,0,0
"POINT (7.155415706000042 51.298309008000047)",Unfall 186270 (2024) Kat:3, Licht: 0,186270,3,3,5,10,14,7,0,0,1,1,0,0,0,0
"POINT (7.292315525000049 51.243344866000029)",Unfall 186275 (2024) Kat:3, Licht: 0,186275,3,1,1,10,15,3,0,0,0,1,0,0,0,0
"POINT (7.179948191000051 51.269129989000078)",Unfall 186354 (2024) Kat:3, Licht: 0,186354,3,1,7,10,18,2,0,0,1,1,0,0,0,0
"POINT (7.215504209000073 51.282409174000065)",Unfall 186355 (2024) Kat:3, Licht: 0,186355,3,2,5,10,12,2,0,0,0,1,0,0,0,0
"POINT (7.211704182000062 51.275255314000049)",Unfall 186356 (2024) Kat:3, Licht: 0,186356,3,3,5,10,14,2,0,0,1,1,0,0,0,0
"POINT (7.153040624000027 51.247267842000042)",Unfall 186525 (2024) Kat:3, Licht: 0,186525,3,1,0,10,14,6,0,0,0,0,0,1,0,0
"POINT (7.256667892000053 51.278186526000070)",Unfall 186605 (2024) Kat:3, Licht: 0,186605,3,6,1,10,08,4,0,0,0,1,0,0,0,0
"POINT (7.223384469000052 51.275772396000036)",Unfall 186606 (2024) Kat:3, Licht: 0,186606,3,7,5,10,15,4,1,0,0,1,0,0,0,1
"POINT (7.167565886000034 51.257093071000043)",Unfall 186681 (2024) Kat:3, Licht: 0,186681,3,7,0,10,14,3,1,0,0,0,0,1,0,0
"POINT (7.216749241000059 51.276595281000027)",Unfall 186777 (2024) Kat:3, Licht: 0,186777,3,7,6,09,10,2,0,0,0,1,0,0,0,1
"POINT (7.211704182000062 51.275255314000049)",Unfall 186988 (2024) Kat:3, Licht: 2,186988,3,7,5,11,20,7,0,2,0,1,0,0,0,1
"POINT (7.232873364000056 51.285683323000057)",Unfall 187065 (2024) Kat:3, Licht: 0,187065,3,6,5,10,15,5,0,0,0,1,0,1,0,0
"POINT (7.197374215000025 51.227658888000065)",Unfall 187066 (2024) Kat:3, Licht: 0,187066,3,3,6,10,13,5,0,0,0,1,1,0,0,0
"POINT (7.186373776000039 51.274762922000036)",Unfall 187126 (2024) Kat:3, Licht: 2,187126,3,4,6,10,17,4,0,2,0,1,1,0,0,0
"POINT (7.255405595000070 51.280411482000034)",Unfall 187127 (2024) Kat:3, Licht: 0,187127,3,6,2,10,16,4,1,0,0,1,0,0,0,1
"POINT (7.149814727000035 51.281195094000054)",Unfall 187128 (2024) Kat:3, Licht: 0,187128,3,3,5,10,07,4,1,0,0,1,0,0,0,0
"POINT (7.201751152000043 51.271740817000079)",Unfall 187199 (2024) Kat:3, Licht: 2,187199,3,7,6,10,18,3,1,2,1,0,1,0,0,0
"POINT (7.141914075000045 51.256765923000046)",Unfall 187285 (2024) Kat:3, Licht: 0,187285,3,2,3,10,11,2,0,0,0,1,0,0,0,0
"POINT (7.162548554000068 51.278248382000072)",Unfall 187286 (2024) Kat:3, Licht: 0,187286,3,3,5,10,07,2,1,0,1,1,0,0,0,0
"POINT (7.195427611000071 51.238070195000034)",Unfall 187314 (2024) Kat:3, Licht: 0,187314,3,6,2,10,11,1,1,0,0,1,0,0,0,0
"POINT (7.223837230000072 51.280898539000077)",Unfall 187359 (2024) Kat:3, Licht: 0,187359,3,3,5,10,13,7,0,0,1,1,0,0,0,0
"POINT (7.208798269000056 51.227248020000047)",Unfall 187464 (2024) Kat:3, Licht: 0,187464,3,1,0,10,13,5,0,0,0,0,0,0,0,1
"POINT (7.208028331000037 51.271859437000046)",Unfall 187521 (2024) Kat:3, Licht: 0,187521,3,7,6,10,13,4,0,0,0,1,1,0,0,0
"POINT (7.141531014000066 51.264918621000049)",Unfall 187681 (2024) Kat:2, Licht: 2,187681,2,1,8,10,02,1,0,2,0,1,0,0,0,0
"POINT (7.224098364000042 51.276568534000035)",Unfall 187764 (2024) Kat:3, Licht: 2,187764,3,4,6,10,05,7,0,2,0,1,1,0,0,0
"POINT (7.146217107000041 51.266631364000034)",Unfall 187777 (2024) Kat:3, Licht: 0,187777,3,4,6,10,15,6,0,0,1,0,1,0,0,0
"POINT (7.210269675000063 51.279181262000066)",Unfall 187849 (2024) Kat:3, Licht: 0,187849,3,3,5,11,09,1,1,0,1,1,0,0,0,0
"POINT (7.136354519000065 51.253973510000037)",Unfall 187938 (2024) Kat:3, Licht: 0,187938,3,4,6,11,14,6,1,0,0,1,1,0,0,0
"POINT (7.149700017000043 51.281021174000045)",Unfall 187939 (2024) Kat:3, Licht: 0,187939,3,3,5,11,12,6,0,0,0,1,0,0,0,0
"POINT (7.206847552000056 51.273886055000048)",Unfall 188056 (2024) Kat:3, Licht: 0,188056,3,7,0,11,13,4,1,0,0,1,0,0,0,0
"POINT (7.061131210000042 51.224121296000078)",Unfall 188057 (2024) Kat:3, Licht: 2,188057,3,6,2,11,17,4,1,2,0,1,0,0,0,0
"POINT (7.194135759000062 51.218252301000064)",Unfall 188123 (2024) Kat:3, Licht: 0,188123,3,3,5,11,13,3,0,0,1,1,0,0,0,0
"POINT (7.217034594000040 51.281193672000029)",Unfall 188182 (2024) Kat:3, Licht: 0,188182,3,4,6,11,13,2,0,0,0,1,1,0,0,0
"POINT (7.151889491000077 51.265529816000026)",Unfall 188183 (2024) Kat:3, Licht: 2,188183,3,2,6,11,17,2,0,2,0,1,1,0,0,0
"POINT (7.210962013000028 51.283304529000077)",Unfall 188224 (2024) Kat:3, Licht: 0,188224,3,7,0,11,15,1,0,0,0,1,0,0,0,0
"POINT (7.197814235000067 51.266743193000082)",Unfall 188253 (2024) Kat:3, Licht: 0,188253,3,3,5,11,14,7,0,0,1,1,0,0,0,0
"POINT (7.135602298000038 51.258535780000045)",Unfall 188254 (2024) Kat:2, Licht: 2,188254,2,1,0,11,22,7,1,2,0,0,0,0,0,1
"POINT (7.151009182000053 51.257398996000063)",Unfall 188255 (2024) Kat:3, Licht: 0,188255,3,5,1,11,14,7,0,0,0,1,0,0,0,0
"POINT (7.224587534000023 51.282211175000043)",Unfall 188299 (2024) Kat:3, Licht: 2,188299,3,7,0,11,06,6,1,2,1,0,0,0,0,0
"POINT (7.224601364000023 51.282232335000060)",Unfall 188301 (2024) Kat:3, Licht: 2,188301,3,6,1,11,04,6,1,2,1,1,0,0,0,0
"POINT (7.236820408000028 51.298261453000066)",Unfall 188375 (2024) Kat:3, Licht: 2,188375,3,6,2,11,21,5,1,2,0,0,0,0,0,1
"POINT (7.191525975000047 51.268433047000030)",Unfall 188430 (2024) Kat:3, Licht: 2,188430,3,6,4,11,20,4,1,2,1,0,0,0,0,1
"POINT (7.235885961000065 51.284299949000058)",Unfall 188431 (2024) Kat:3, Licht: 1,188431,3,4,6,11,15,4,1,1,0,0,1,1,0,0
"POINT (7.225368498000023 51.268506986000034)",Unfall 188497 (2024) Kat:2, Licht: 2,188497,2,7,6,11,19,3,0,2,0,1,1,0,0,0
"POINT (7.155720189000021 51.243051041000058)",Unfall 188499 (2024) Kat:3, Licht: 0,188499,3,1,0,11,08,3,1,0,1,0,0,0,0,0
"POINT (7.178807296000059 51.262451352000028)",Unfall 188562 (2024) Kat:3, Licht: 0,188562,3,3,5,11,13,2,1,0,0,1,0,0,0,0
"POINT (7.216300777000072 51.268472244000066)",Unfall 188563 (2024) Kat:3, Licht: 2,188563,3,7,0,11,07,2,1,2,0,0,0,0,0,1
"POINT (7.126853895000067 51.248447507000037)",Unfall 188564 (2024) Kat:3, Licht: 0,188564,3,7,0,11,15,2,1,0,0,1,0,1,0,0
"POINT (7.124529985000038 51.269088127000032)",Unfall 188615 (2024) Kat:3, Licht: 0,188615,3,5,1,11,16,1,0,0,0,1,0,0,0,0
"POINT (7.128847442000051 51.243502873000068)",Unfall 188765 (2024) Kat:3, Licht: 0,188765,3,6,2,11,12,5,0,0,0,1,0,1,0,0
"POINT (7.065917931000058 51.225969702000043)",Unfall 188838 (2024) Kat:3, Licht: 2,188838,3,3,5,11,20,4,1,2,0,1,0,0,0,0
"POINT (7.146051761000024 51.246361470000068)",Unfall 188980 (2024) Kat:3, Licht: 0,188980,3,6,1,12,11,5,0,0,0,1,0,1,0,0
"POINT (7.209462529000064 51.275622118000058)",Unfall 189151 (2024) Kat:3, Licht: 0,189151,3,2,6,12,08,2,1,0,0,1,1,0,0,0
"POINT (7.153035499000055 51.240959032000035)",Unfall 189183 (2024) Kat:2, Licht: 2,189183,2,4,6,12,18,1,0,2,0,1,1,0,0,0
"POINT (7.138960751000070 51.264263372000073)",Unfall 189213 (2024) Kat:3, Licht: 0,189213,3,5,0,12,14,7,1,0,0,1,0,0,0,0
"POINT (7.232912611000074 51.258806813000035)",Unfall 189321 (2024) Kat:3, Licht: 2,189321,3,6,2,12,16,5,1,2,0,1,0,0,0,0
"POINT (7.146382875000029 51.255717360000062)",Unfall 189322 (2024) Kat:3, Licht: 1,189322,3,4,6,12,14,5,1,1,0,1,1,0,0,0
"POINT (7.218621417000065 51.278463010000053)",Unfall 189387 (2024) Kat:3, Licht: 0,189387,3,3,5,12,07,4,0,0,0,1,0,0,0,1
"POINT (7.107872200000031 51.257152547000032)",Unfall 189388 (2024) Kat:2, Licht: 2,189388,2,2,6,12,17,4,1,2,0,1,1,0,0,0
"POINT (7.104739076000044 51.276611728000034)",Unfall 189441 (2024) Kat:3, Licht: 0,189441,3,7,0,12,19,3,0,0,0,1,0,0,0,0
"POINT (7.134835837000026 51.261671966000051)",Unfall 189516 (2024) Kat:2, Licht: 0,189516,2,2,6,12,08,2,1,0,0,1,1,0,0,0
"POINT (7.229659335000065 51.285762664000060)",Unfall 189667 (2024) Kat:2, Licht: 1,189667,2,4,6,11,17,6,0,1,0,1,1,0,0,0
"POINT (7.219365168000024 51.278277646000049)",Unfall 189728 (2024) Kat:3, Licht: 0,189728,3,6,2,11,15,5,0,0,1,1,0,0,0,0
"POINT (7.142092754000032 51.254220918000044)",Unfall 189729 (2024) Kat:3, Licht: 2,189729,3,1,0,11,16,5,0,2,1,0,0,0,0,0
"POINT (7.134928284000068 51.205904648000057)",Unfall 189879 (2024) Kat:3, Licht: 1,189879,3,7,8,11,16,3,0,1,0,1,0,0,0,1
"POINT (7.198749372000066 51.221238303000064)",Unfall 190344 (2024) Kat:2, Licht: 0,190344,2,1,0,12,09,1,2,0,1,0,0,0,0,0
"POINT (7.199304600000062 51.271670639000035)",Unfall 190366 (2024) Kat:3, Licht: 2,190366,3,7,6,12,00,7,0,2,0,1,1,0,0,0
"POINT (7.116421053000067 51.290325996000036)",Unfall 190416 (2024) Kat:3, Licht: 0,190416,3,2,5,12,15,6,0,0,1,1,0,0,0,0
"POINT (7.130895809000037 51.268603113000040)",Unfall 190417 (2024) Kat:3, Licht: 0,190417,3,7,0,12,10,6,0,0,0,0,1,0,0,1
"POINT (7.121211955000035 51.262743319000037)",Unfall 190484 (2024) Kat:3, Licht: 2,190484,3,5,1,12,21,3,1,2,0,1,1,0,0,0
"POINT (7.224270830000023 51.277186836000055)",Unfall 190583 (2024) Kat:3, Licht: 0,190583,3,1,2,12,14,7,1,0,0,1,0,1,0,0
"POINT (7.127017859000034 51.255191043000082)",Unfall 190641 (2024) Kat:3, Licht: 1,190641,3,3,5,12,08,6,1,1,0,1,0,0,0,0
"POINT (7.138633335000065 51.253218564000065)",Unfall 190642 (2024) Kat:3, Licht: 0,190642,3,1,0,12,08,6,1,0,1,0,0,0,0,0
"POINT (7.237439568000070 51.292470864000052)",Unfall 190723 (2024) Kat:3, Licht: 0,190723,3,2,5,12,11,5,1,0,0,1,0,0,0,0
"POINT (7.143270264000023 51.230052193000063)",Unfall 190896 (2024) Kat:3, Licht: 1,190896,3,7,6,12,17,4,0,1,0,1,1,0,0,0
"POINT (7.196694058000048 51.274091403000057)",Unfall 190914 (2024) Kat:3, Licht: 2,190914,3,2,6,12,18,2,1,2,0,1,1,0,0,0
"POINT (7.220609323000076 51.278398243000026)",Unfall 190960 (2024) Kat:3, Licht: 0,190960,3,7,0,12,12,1,1,0,0,0,0,0,0,1
"POINT (7.140100502000053 51.265049413000042)",Unfall 190961 (2024) Kat:3, Licht: 2,190961,3,7,0,12,03,1,1,2,1,0,0,0,0,0
"POINT (7.151099806000047 51.255516845000045)",Unfall 262918 (2024) Kat:3, Licht: 1,262918,3,1,0,01,19,6,1,1,1,0,0,0,0,0
"POINT (7.106921026000066 51.228799456000047)",Unfall 262944 (2024) Kat:3, Licht: 1,262944,3,7,0,01,16,1,2,1,1,0,0,0,0,0
"POINT (7.131776628000068 51.265187387000026)",Unfall 263004 (2024) Kat:3, Licht: 2,263004,3,6,4,03,23,7,0,2,1,0,0,0,0,1
"POINT (7.143738561000021 51.224096369000051)",Unfall 263008 (2024) Kat:3, Licht: 0,263008,3,1,0,03,13,1,0,0,1,0,0,0,0,0
"POINT (7.144060478000029 51.225794837000080)",Unfall 263032 (2024) Kat:3, Licht: 0,263032,3,7,0,03,14,5,0,0,1,0,0,0,0,0
"POINT (7.120969850000051 51.262095005000049)",Unfall 263056 (2024) Kat:2, Licht: 0,263056,2,1,0,03,11,1,1,0,1,0,0,0,0,0
"POINT (7.147424734000026 51.267693156000064)",Unfall 263134 (2024) Kat:3, Licht: 1,263134,3,7,8,04,20,7,0,1,1,0,0,0,0,0
"POINT (7.087484647000053 51.248117617000048)",Unfall 263135 (2024) Kat:3, Licht: 0,263135,3,1,8,04,17,7,0,0,1,0,0,0,0,0
"POINT (7.165227278000032 51.268663018000041)",Unfall 263142 (2024) Kat:3, Licht: 0,263142,3,7,8,04,16,1,0,0,1,0,0,0,0,0
"POINT (7.180718117000026 51.270530480000048)",Unfall 263194 (2024) Kat:3, Licht: 0,263194,3,7,0,05,10,1,0,0,1,0,1,0,0,0
"POINT (7.249818677000064 51.283657250000033)",Unfall 263241 (2024) Kat:3, Licht: 0,263241,3,1,0,05,13,1,0,0,1,0,0,0,0,0
"POINT (7.214829532000067 51.277532936000057)",Unfall 263277 (2024) Kat:2, Licht: 1,263277,2,7,0,05,20,1,1,1,1,0,0,0,0,0
"POINT (7.080430285000034 51.241116380000051)",Unfall 263331 (2024) Kat:3, Licht: 0,263331,3,6,2,06,17,1,0,0,1,0,0,0,0,0
"POINT (7.052764168000067 51.225336514000048)",Unfall 263382 (2024) Kat:3, Licht: 0,263382,3,1,0,06,16,5,0,0,1,0,0,0,0,0
"POINT (7.084002672000054 51.220888498000079)",Unfall 263415 (2024) Kat:2, Licht: 0,263415,2,7,0,06,10,6,0,0,1,0,0,0,0,0
"POINT (7.107816372000059 51.199774242000046)",Unfall 263427 (2024) Kat:3, Licht: 0,263427,3,6,9,06,17,7,0,0,1,0,0,0,0,0
"POINT (7.221831528000052 51.278607930000078)",Unfall 263439 (2024) Kat:3, Licht: 0,263439,3,7,0,06,19,2,0,0,1,0,1,0,0,0
"POINT (7.149761937000051 51.268449875000044)",Unfall 263551 (2024) Kat:3, Licht: 0,263551,3,7,6,07,16,1,0,0,1,0,1,0,0,0
"POINT (7.211798272000067 51.277660347000051)",Unfall 263567 (2024) Kat:3, Licht: 0,263567,3,6,3,07,11,2,0,0,1,0,0,0,0,1
"POINT (7.200374780000061 51.242147659000068)",Unfall 263574 (2024) Kat:2, Licht: 0,263574,2,1,0,07,14,3,0,0,1,0,0,0,0,0
"POINT (7.098024570000064 51.253305086000069)",Unfall 263607 (2024) Kat:3, Licht: 0,263607,3,1,0,07,13,1,0,0,1,0,0,0,0,0
"POINT (7.115345341000022 51.228710171000046)",Unfall 263629 (2024) Kat:3, Licht: 0,263629,3,1,0,07,13,6,1,0,1,0,0,0,0,0
"POINT (7.235439164000070 51.288268613000071)",Unfall 263657 (2024) Kat:3, Licht: 0,263657,3,1,8,07,13,3,0,0,1,0,0,0,0,0
"POINT (7.152180166000051 51.268550689000051)",Unfall 263707 (2024) Kat:2, Licht: 2,263707,2,7,0,08,21,4,0,2,1,0,0,0,0,0
"POINT (7.224806697000076 51.282405158000074)",Unfall 263743 (2024) Kat:3, Licht: 0,263743,3,7,0,08,19,2,0,0,1,0,0,0,0,0
"POINT (7.151924530000031 51.268570531000080)",Unfall 263807 (2024) Kat:3, Licht: 1,263807,3,7,0,08,20,7,0,1,1,0,0,0,0,0
"POINT (7.246193041000026 51.293901353000081)",Unfall 263813 (2024) Kat:3, Licht: 0,263813,3,1,0,08,19,1,0,0,1,0,0,0,0,0
"POINT (7.174361786000077 51.269325642000069)",Unfall 263961 (2024) Kat:3, Licht: 0,263961,3,6,4,09,17,1,0,0,1,0,0,0,0,0
"POINT (7.165227278000032 51.268663017000051)",Unfall 263975 (2024) Kat:3, Licht: 0,263975,3,7,0,09,16,6,0,0,1,0,0,0,0,0
"POINT (7.174252360000025 51.269305421000070)",Unfall 264013 (2024) Kat:3, Licht: 1,264013,3,7,5,10,18,3,0,1,1,0,0,0,0,0
"POINT (7.121097695000060 51.262095623000050)",Unfall 264084 (2024) Kat:2, Licht: 0,264084,2,6,3,11,14,6,1,0,1,0,0,0,0,0
"POINT (7.211772488000065 51.277665770000056)",Unfall 264090 (2024) Kat:3, Licht: 0,264090,3,4,6,11,16,1,0,0,1,0,1,0,0,0
"POINT (7.052058055000032 51.224483958000064)",Unfall 264095 (2024) Kat:2, Licht: 2,264095,2,7,0,11,18,2,0,2,1,0,0,0,0,0
"POINT (7.252778270000022 51.286235622000049)",Unfall 264096 (2024) Kat:3, Licht: 0,264096,3,1,0,11,14,2,1,0,1,0,0,0,0,0